customer_id,customer_name,email,country,signup_date,customer_segment,lifetime_value
1,Allison Hill,donaldgarcia@example.net,Uganda,2020-03-03,Basic,568.99
2,Leslie Johnson,robinsonwilliam@example.org,Monaco,2023-08-09,Standard,687.82
3,Matthew Gardner,shaneramirez@example.org,Senegal,2022-05-07,Basic,243.04
4,Melissa Peterson,jasongallagher@example.org,Bermuda,2020-03-07,Standard,555.7
5,Ian Cooper,lindsay78@example.org,Uzbekistan,2021-10-28,Premium,14700.52
6,Juan Calderon,barbara10@example.net,Denmark,2021-12-24,Basic,144.86
7,Victoria Wyatt,jamesshawn@example.com,Central African Republic,2022-09-28,Basic,580.09
8,Daniel Adams,lynchgeorge@example.net,Ecuador,2021-08-05,Basic,407.35
9,James Mayo,gabriellecameron@example.org,Denmark,2020-02-09,Premium,2844.51
10,Renee Morales,clarksherri@example.net,Germany,2020-03-21,Standard,2812.22
11,Jonathan Wilkerson,ithomas@example.org,Samoa,2024-07-13,Standard,1941.77
12,Deborah Richards,icox@example.net,Lithuania,2020-07-07,Basic,633.86
13,Anthony Rodriguez,laurahenderson@example.org,Hungary,2022-06-04,Standard,2202.73
14,Zachary Rice,frazierdanny@example.net,Sao Tome and Principe,2021-04-29,Basic,135.92
15,Martin Rodriguez,amoore@example.net,Turkey,2024-09-09,Standard,1004.28
16,Valerie Gill,harrellkenneth@example.net,Madagascar,2021-06-04,Standard,2989.66
17,Brittany Farmer,georgetracy@example.org,Vanuatu,2022-12-11,Standard,474.7
18,William Roman,brianhumphrey@example.org,Belize,2021-01-27,Premium,13922.53
19,Rose Spence,davidalvarez@example.net,Chad,2020-11-19,Basic,703.42
20,Shane Henderson,sarahcampos@example.net,Cook Islands,2020-10-22,Standard,1986.32
21,Jennifer Powers,samuel87@example.org,Egypt,2022-09-03,Basic,601.07
22,George Chapman,briannasmith@example.net,Norfolk Island,2022-11-19,Standard,2205.4
23,Austin Johnson,chad34@example.net,Libyan Arab Jamahiriya,2024-07-08,Basic,799.57
24,Carlos Walls,esanchez@example.com,Comoros,2020-07-20,Basic,753.51
25,Matthew Gomez,uowens@example.org,Peru,2021-09-28,Basic,497.83
26,Maria Brown,lauren13@example.org,Comoros,2024-06-26,Premium,8080.47
27,Brenda White,ewright@example.com,Sri Lanka,2021-08-02,Standard,143.32
28,Krista Williams,novaksara@example.org,Chad,2022-09-06,Premium,7742.31
29,John Hancock,martinaaron@example.com,Estonia,2021-09-12,Premium,10051.24
30,Rachel Mitchell,smoore@example.org,Azerbaijan,2023-02-13,Standard,1063.2
31,Kimberly Adkins,williamsthomas@example.net,Cayman Islands,2023-06-19,Basic,509.05
32,Jordan York,larsonemma@example.org,Iraq,2022-05-11,Basic,342.64
33,Steve Sanchez,harveyrobert@example.net,Mongolia,2024-10-28,Standard,2145.78
34,Taylor Harris,john62@example.net,Oman,2024-10-23,Standard,103.69
35,Eugene Walton,smithchristine@example.net,Bolivia,2023-03-04,Standard,2101.87
36,Daniel Baker,nicole35@example.com,Cayman Islands,2020-02-12,Premium,6483.35
37,Joshua Turner,contrerasangela@example.net,Bosnia and Herzegovina,2024-01-17,Premium,3008.72
38,Brandy Wilson,newtoneric@example.com,Netherlands,2024-03-13,Standard,140.1
39,Grant Watts,william40@example.org,North Macedonia,2024-06-19,Standard,2234.59
40,Donald Smith,danagreen@example.net,Kenya,2021-12-10,Standard,2918.01
41,Jessica Smith,landryhannah@example.org,Mayotte,2023-12-25,Standard,1503.82
42,Jacob Tran,tanderson@example.com,United Arab Emirates,2024-06-02,Basic,650.25
43,Valerie Williams,jason31@example.com,Slovakia (Slovak Republic),2022-04-09,Basic,457.82
44,Shelly Dickson,sarayoung@example.org,South Georgia and the South Sandwich Islands,2020-05-08,Standard,2780.47
45,Sierra Johnson,kimberly63@example.com,Cayman Islands,2020-06-18,Basic,768.08
46,Ashley Brennan,dwalker@example.com,Gambia,2021-12-25,Basic,176.55
47,Shelby Walker,raymondramirez@example.org,Sierra Leone,2021-06-28,Standard,1621.81
48,Martin Ross,sheila14@example.org,Mozambique,2020-07-11,Standard,2731.02
49,Deborah Rodriguez,yreed@example.com,Jordan,2022-03-02,Standard,2420.46
50,Kayla Cruz,jonathanfletcher@example.org,Mali,2021-07-22,Premium,2953.36
51,Kimberly Ball,michaeljones@example.net,Uruguay,2023-06-14,Premium,8576.89
52,Erik Charles,william65@example.com,Qatar,2023-09-24,Premium,3037.75
53,Cameron Fisher,lbyrd@example.net,Montenegro,2020-01-17,Basic,571
54,Joshua Smith,jason99@example.net,Gibraltar,2023-08-04,Standard,1594.76
55,Jeremy Lewis,yleon@example.net,Chile,2024-11-28,Basic,105.84
56,Diane Beck,clarence34@example.org,Sri Lanka,2021-02-15,Basic,765.8
57,Alexander Sanchez,xcarr@example.org,Korea,2020-08-25,Standard,2446.8
58,Mark Lee,psnyder@example.org,Palau,2023-04-13,Standard,2121.21
59,Stephanie Dalton,osbornejeffery@example.net,Maldives,2024-06-21,Premium,2856.12
60,Justin Lowery,bryantlaurie@example.net,Marshall Islands,2024-02-24,Premium,7705.78
61,Linda Dodson DVM,jrivas@example.com,Ukraine,2023-04-18,Standard,399.83
62,Scott Cole,maryramirez@example.net,Libyan Arab Jamahiriya,2023-05-03,Standard,534.88
63,Denise Jones,jimmy55@example.net,Belgium,2022-09-15,Standard,2619.25
64,David Benson,calebrussell@example.net,Lao People's Democratic Republic,2023-03-04,Basic,528.33
65,Daniel Fisher,gateskathy@example.com,Lesotho,2023-10-05,Standard,2914.26
66,Guy Molina,vmedina@example.net,South Georgia and the South Sandwich Islands,2020-03-07,Standard,504.57
67,Connie Robinson,ytucker@example.com,Paraguay,2021-12-18,Standard,2927.41
68,Jennifer Martin,ncalhoun@example.net,Anguilla,2021-02-28,Standard,2336
69,Leslie Alvarado,dayderek@example.com,Cocos (Keeling) Islands,2022-02-09,Premium,12195.99
70,James Lewis,matthew64@example.com,El Salvador,2024-09-07,Standard,1990.03
71,Julie Curry,cookemichael@example.net,Bangladesh,2020-06-23,Standard,1047.96
72,Marissa Webster,jamessmith@example.org,Dominican Republic,2021-06-03,Standard,2847.09
73,Michael Elliott,stevenscott@example.com,Chad,2022-06-11,Basic,287.59
74,Tracey Higgins,tamirodriguez@example.org,Vanuatu,2024-04-21,Standard,1182.48
75,Michael Rubio,mdavid@example.org,Nauru,2022-03-10,Premium,5228.89
76,Lori Garcia,melissa91@example.net,Slovenia,2021-06-27,Standard,2595.94
77,Joseph Stanley,huntermatthew@example.com,Swaziland,2022-03-09,Standard,1364.55
78,Jeffrey Cox PhD,bzimmerman@example.org,Saint Martin,2020-01-20,Standard,2834.24
79,Marie Gilbert,umarshall@example.net,Ethiopia,2020-08-26,Standard,1406.29
80,David Michael,nicole37@example.net,New Zealand,2022-09-18,Basic,249.9
81,Gabrielle Snyder,hunter35@example.com,Guam,2020-02-03,Standard,751.01
82,Kyle Beard,blackjames@example.org,Saint Helena,2020-05-15,Standard,362.33
83,Justin Allen,fbrewer@example.com,Somalia,2020-03-31,Basic,130.81
84,Edward Sullivan,kevinperkins@example.com,Micronesia,2020-08-19,Premium,4879.43
85,Jessica Reese,michael74@example.com,El Salvador,2021-06-16,Premium,14277.09
86,Nathan Stewart,jamesrodgers@example.com,Saint Kitts and Nevis,2020-01-21,Premium,2295.38
87,Paige Carlson,wallkenneth@example.com,Christmas Island,2021-06-02,Basic,703.62
88,Michael Martinez,mccannangela@example.net,Western Sahara,2021-12-01,Standard,409.05
89,Sean Henry,andrewstaylor@example.com,Guam,2022-06-15,Premium,12749.36
90,Anthony Everett,ewilson@example.com,Liechtenstein,2022-06-02,Standard,1715.19
91,Mark Brown,lisaavery@example.org,Egypt,2021-04-26,Premium,11164.89
92,Phillip Obrien,kimberlyjames@example.com,French Southern Territories,2021-01-19,Standard,2075.89
93,Wanda Torres,lynchjody@example.org,Niue,2023-06-16,Standard,234.26
94,Matthew Moore,andreamoore@example.com,Korea,2021-10-23,Standard,122.81
95,Julie Johnson,jasmine71@example.net,Djibouti,2021-11-29,Standard,1032.52
96,Rachel Weber,ronaldstephens@example.net,Canada,2024-02-16,Standard,499.53
97,Samantha Jones,lauralarson@example.net,Uruguay,2023-05-10,Standard,2770.42
98,Caleb Barker,gbender@example.net,Lithuania,2022-08-05,Premium,622.97
99,Kyle Preston,cassandra01@example.org,Peru,2020-06-07,Premium,6547.15
100,Laura Sampson,barbara27@example.net,Pakistan,2020-04-12,Basic,540.77
101,Donald Shea,fwalters@example.org,Latvia,2020-01-28,Basic,718.04
102,Gary Santiago,marksteele@example.com,Panama,2022-05-19,Standard,227.85
103,Robin Pierce,qmiller@example.com,Brazil,2020-10-06,Standard,1118.91
104,Jennifer Robertson,sandovalamy@example.com,Austria,2021-09-13,Basic,272.1
105,Isaiah Avila,nwolf@example.com,Mexico,2021-06-13,Basic,632.46
106,Dwayne Gilmore,omartinez@example.net,South Georgia and the South Sandwich Islands,2022-06-10,Basic,254.31
107,Christopher Pierce,hdavis@example.com,Yemen,2024-07-14,Standard,524.75
108,Ronnie Jimenez,william46@example.com,Latvia,2023-09-22,Standard,1726.1
109,Juan Reyes,michellehill@example.com,Guam,2021-10-10,Premium,8318.56
110,Katie Hoover,jessica99@example.net,Liechtenstein,2021-11-16,Basic,86.2
111,Jill Washington,andrea86@example.com,Venezuela,2023-12-12,Standard,2728.02
112,Colin Terry,xhall@example.com,Aruba,2024-10-07,Standard,2496.55
113,John Mcintyre,qhughes@example.net,Canada,2024-05-30,Standard,525.39
114,Andrew Shaw MD,sawyerscott@example.net,United States Minor Outlying Islands,2024-06-19,Standard,1560.79
115,Nathan Ortiz,charlesharrington@example.com,Guadeloupe,2024-10-16,Premium,13367.1
116,Jennifer Miller,melissa86@example.com,Niue,2021-08-03,Basic,151.55
117,Olivia Brennan,williamsonjimmy@example.net,Uruguay,2021-03-17,Basic,549.37
118,Darren Davis,hodgesjane@example.org,Kenya,2021-02-05,Basic,71.12
119,Elijah Johnson,laura45@example.com,Jersey,2022-08-09,Standard,877.57
120,Joseph Knight,georgemiller@example.com,Niger,2023-08-31,Standard,2016.71
121,Kathleen Aguilar,stevenking@example.com,Papua New Guinea,2022-12-16,Standard,1867.87
122,Robert Santana,charleslandry@example.net,French Southern Territories,2024-05-14,Standard,716.78
123,Jessica Wright,james67@example.org,Dominica,2021-05-29,Premium,1146.9
124,Ian Phillips,andrew64@example.org,Mongolia,2020-03-30,Standard,357.55
125,Paula Beltran,swall@example.org,New Caledonia,2023-06-19,Premium,5549.16
126,Colleen Lee,erica21@example.net,Oman,2022-11-25,Standard,805.01
127,Richard Johnson,jessica14@example.com,San Marino,2022-09-08,Standard,2850.89
128,Curtis Buchanan,alyssa42@example.com,United States Minor Outlying Islands,2021-02-04,Premium,2222.84
129,Karen Drake,linda71@example.org,Saudi Arabia,2023-02-03,Premium,7336.42
130,Shannon Ramsey,zcoffey@example.net,Haiti,2021-07-10,Standard,101.3
131,James Baker,gibsonemily@example.net,Estonia,2021-10-10,Premium,1936.93
132,Samantha Bentley,leonardthomas@example.net,Turks and Caicos Islands,2024-08-09,Basic,545.98
133,Erin Bishop,reidsteven@example.net,Gabon,2024-12-25,Standard,2446.29
134,Audrey Williams,torrestravis@example.org,Dominica,2023-02-22,Standard,1989.02
135,Brandy Chavez,umatthews@example.org,Turks and Caicos Islands,2024-06-25,Standard,1321.62
136,Brett Burns,rcrosby@example.org,Portugal,2023-11-06,Premium,7586.22
137,Jeremy Sampson,cory58@example.net,Guinea-Bissau,2023-03-13,Basic,454.74
138,Donald Donaldson,ndavis@example.net,Northern Mariana Islands,2023-07-05,Standard,1583.46
139,Alison Buchanan,vanessabuchanan@example.org,Bangladesh,2022-02-10,Basic,206.49
140,Kristen Willis,markhernandez@example.net,Afghanistan,2021-01-10,Premium,5698.21
141,William Huerta,lauren10@example.org,American Samoa,2023-10-15,Standard,1310.35
142,Richard Chapman,thompsonbrian@example.net,Italy,2020-01-17,Standard,108.03
143,Nichole Alvarez,william17@example.net,Cyprus,2020-02-01,Basic,563.22
144,Amanda Logan,stephen00@example.com,Tanzania,2022-10-29,Standard,1730.23
145,Michael Henry,fjones@example.com,New Caledonia,2020-03-09,Standard,100.04
146,Cameron Weber,oscar98@example.com,Korea,2023-06-21,Standard,272.38
147,Jessica Mcguire,farrelldebra@example.net,Saint Helena,2020-03-22,Standard,2428.41
148,Jessica Beasley,dmorgan@example.com,Israel,2023-06-30,Standard,2181.33
149,Emily Edwards,nicholas27@example.org,Bermuda,2023-01-28,Standard,2151.41
150,Anna Davis,lisa80@example.net,Zimbabwe,2023-04-26,Premium,11224.05
151,Erin Martinez,morgan60@example.com,Netherlands Antilles,2022-03-27,Basic,590.41
152,Brian Romero,dianewalker@example.org,Guernsey,2023-08-16,Basic,59.22
153,Holly Farmer,lindsaybruce@example.net,Nicaragua,2022-03-08,Premium,5736.24
154,Kristin Lynch,anthony44@example.com,Guernsey,2020-04-25,Standard,1630.03
155,Sergio Knight,vjones@example.net,Antarctica (the territory South of 60 deg S),2024-07-02,Premium,5353.26
156,Joseph Bennett,xpeterson@example.com,Saint Helena,2023-10-25,Standard,897.84
157,Todd Carlson,moorekaren@example.org,Peru,2024-06-02,Standard,823.08
158,Jeremy Coleman,nperry@example.net,Brazil,2023-11-28,Standard,2480.44
159,Brian Gregory,trose@example.org,Cyprus,2020-05-11,Basic,287.58
160,Kyle Smith,sierra24@example.com,Greece,2020-11-19,Basic,320.86
161,Jonathan Jordan,omarpadilla@example.net,Monaco,2024-12-25,Premium,548.68
162,Renee Jones,grahamsteve@example.org,Tokelau,2021-07-01,Basic,188.41
163,Jeffrey Sullivan,zroberts@example.org,Greece,2023-10-25,Standard,1009.51
164,Travis Stevens,christopher13@example.com,Namibia,2021-09-08,Premium,11890.55
165,Blake Harrell,jeffrey21@example.net,North Macedonia,2024-11-23,Standard,1227.95
166,Jordan Bullock,michael23@example.org,Cameroon,2020-03-27,Standard,208.79
167,Christopher Hernandez,thompsonkendra@example.com,Kyrgyz Republic,2023-02-17,Basic,632.17
168,Olivia Cole,michelle52@example.com,Bangladesh,2024-08-27,Basic,785.73
169,Mark Hogan,bellcharles@example.com,Korea,2023-09-21,Standard,1015.86
170,Jacob Mitchell,gilbertwilliam@example.com,Mozambique,2024-07-20,Basic,553.27
171,Rebecca Huang,kstout@example.net,Comoros,2020-11-15,Standard,2675.81
172,John Hernandez,hayeslisa@example.com,Rwanda,2021-07-14,Standard,1291.18
173,Matthew Williams,hritter@example.net,New Zealand,2022-04-06,Standard,2750.8
174,Jake Campbell,rschroeder@example.net,Austria,2021-11-17,Basic,669.39
175,Maria Jones,grantpaul@example.com,Saint Kitts and Nevis,2020-07-21,Premium,1464.08
176,Tracey Morrison,mathewaguilar@example.org,United States Virgin Islands,2024-10-31,Premium,4028.41
177,Walter Hale,tanderson@example.org,Georgia,2024-03-09,Standard,1330.62
178,Maria Murphy,elizabethcalderon@example.net,Poland,2021-07-03,Basic,378.5
179,Anna Santiago,andrew42@example.org,Guam,2021-02-28,Basic,632.36
180,Katelyn Perez,ericphillips@example.org,Madagascar,2021-06-16,Basic,178.6
181,Sandy Stephenson,stanleynancy@example.net,Bulgaria,2023-08-03,Basic,681.41
182,Brittany White,jenniferwilliams@example.com,Philippines,2023-06-26,Basic,482.96
183,Tracy Bishop,pyoung@example.com,Sudan,2021-06-25,Standard,644.88
184,Stephanie Lee,smurray@example.com,Macao,2021-10-09,Standard,489.6
185,Tracy Montoya,moniquewilliams@example.com,Tunisia,2020-10-09,Basic,375.31
186,Timothy Dawson,mitchellkathryn@example.com,Korea,2023-09-21,Standard,234.33
187,Brittany Kim,lisawilkerson@example.org,Israel,2024-02-27,Standard,2046.78
188,Jonathan Young,brooksanthony@example.org,Taiwan,2024-12-02,Premium,12740.65
189,Gabriela Thomas,mitchellmaria@example.net,Switzerland,2023-12-03,Basic,764.35
190,Michael West,bullockandrew@example.org,Syrian Arab Republic,2022-03-11,Standard,678.62
191,Todd Lynch,srodriguez@example.org,Gabon,2021-08-26,Basic,712.27
192,David Fowler,fbrown@example.net,Mauritania,2020-12-04,Standard,2685.98
193,Jose Allen,kellysmith@example.com,Dominican Republic,2021-06-04,Premium,2323.9
194,Chelsea Barnett,carlos88@example.net,Solomon Islands,2022-06-30,Basic,244.17
195,Kristen Myers DDS,qzavala@example.net,Andorra,2020-04-19,Premium,12766.88
196,Austin Allen,ingramjill@example.com,Burkina Faso,2023-10-09,Premium,5540.99
197,Joshua Li,mariacohen@example.net,Lesotho,2024-02-01,Standard,2030.61
198,Robin Brown,mjohnson@example.org,Somalia,2020-04-21,Basic,591.6
199,Andrew Mahoney,ihays@example.com,El Salvador,2024-04-17,Premium,8954.92
200,Matthew Mitchell,glennmartin@example.org,South Georgia and the South Sandwich Islands,2022-02-13,Standard,2963.38
201,Steve Paul,lmorgan@example.com,Puerto Rico,2024-01-29,Basic,458.38
202,Tim Stone PhD,mmiller@example.org,Mayotte,2021-03-23,Basic,488.77
203,Brian Murphy,kirk96@example.org,Portugal,2024-08-13,Standard,2620.48
204,Jeremy Acosta,christina64@example.net,Somalia,2022-09-30,Premium,9272.61
205,Angela Walsh,william20@example.org,Thailand,2020-09-04,Premium,2283.72
206,Rachael Johnson,youngdeanna@example.com,Hungary,2022-07-16,Standard,2139.31
207,Amanda Hernandez,xrush@example.com,Serbia,2020-11-25,Premium,885.26
208,Chad Richardson,debra31@example.org,Saint Pierre and Miquelon,2020-08-29,Standard,1516.74
209,Joseph Mcintyre,greenjorge@example.com,Croatia,2023-02-14,Premium,14986.28
210,Donna Hendricks DDS,taylorcharles@example.org,United Arab Emirates,2022-11-11,Standard,2165.75
211,Yolanda Cochran,elizabeth18@example.net,French Guiana,2020-05-25,Standard,1104.53
212,Sarah Joseph,laurahicks@example.org,Cook Islands,2024-03-30,Standard,1575.85
213,Cynthia Snyder,angela57@example.net,Bulgaria,2021-12-31,Premium,6552.13
214,Angelica Parker,xfox@example.com,Swaziland,2024-11-14,Basic,645.83
215,Beth Stewart,coleerin@example.com,Brunei Darussalam,2023-10-28,Basic,179.17
216,Penny Bowman,katrinaanderson@example.net,United States Minor Outlying Islands,2022-08-18,Basic,464.33
217,Sandra Holmes,fred53@example.com,Yemen,2021-10-01,Premium,543.89
218,Stephanie Singleton,james84@example.org,Niue,2021-02-02,Premium,3920.49
219,Joseph Shaw,brittanycarpenter@example.org,Palestinian Territory,2021-12-12,Basic,296.74
220,Stephanie Morgan,bryananthony@example.org,Yemen,2020-12-18,Standard,2676.93
221,Laura Curtis,bmontgomery@example.com,Tuvalu,2023-10-19,Standard,2551.04
222,Donna Frye,zsanchez@example.net,Iraq,2021-12-09,Standard,1711.28
223,Benjamin Brown,dperry@example.org,Guam,2023-01-09,Standard,647.34
224,Emily Higgins,theresa25@example.net,Monaco,2020-01-14,Basic,745.02
225,David Martinez,gwright@example.org,French Guiana,2022-08-27,Standard,2795.69
226,Sharon Barnes,lisapeck@example.net,Germany,2023-01-08,Basic,248.1
227,Christopher Ferrell,tjimenez@example.com,Angola,2021-05-05,Premium,11694.36
228,James Bryant,jasongomez@example.org,Finland,2023-08-02,Standard,2929.53
229,Stephen Pena MD,booneryan@example.com,Saint Lucia,2023-11-02,Standard,2861.49
230,Jamie Williams,hudsonjames@example.net,France,2020-02-03,Premium,6178.06
231,Jonathan Duran,marcia99@example.org,Brunei Darussalam,2024-11-08,Premium,8398.34
232,Jennifer Norton,angela52@example.org,Netherlands,2024-03-11,Standard,1737.48
233,Kathryn Williams,jenniferbrock@example.net,Korea,2023-05-02,Basic,662.78
234,Steven Taylor,francisco94@example.net,Guadeloupe,2021-10-18,Standard,865.64
235,Katrina Burns,thomas05@example.com,Peru,2021-11-15,Basic,448.14
236,Jason Parker,carlsonjoseph@example.net,Slovenia,2022-06-18,Basic,594.02
237,Laura Perez,silvageorge@example.net,Saint Helena,2021-02-26,Standard,2072.82
238,,anthonyvaughan@example.org,Comoros,2022-05-11,Basic,388.24
239,Erik Hernandez,roberthampton@example.com,Tunisia,2021-07-29,Premium,10275.08
240,Monica Thornton,annbolton@example.com,Malta,2023-04-19,Premium,10786.9
241,Tyler Stevens,amy49@example.com,Congo,2022-03-03,Basic,432.58
242,Diana Evans,kellie37@example.com,Lesotho,2024-02-13,Basic,154.62
243,Timothy Pope,keith98@example.com,Ukraine,2023-11-25,Standard,323.64
244,Sabrina Blevins,kellyroberts@example.net,Belgium,2023-05-26,Standard,734.97
245,Jeremy Scott,ilewis@example.com,Venezuela,2024-06-24,Standard,1361.7
246,Denise Rodriguez,johnsantiago@example.net,Czech Republic,2023-12-18,Basic,398.44
247,Amy Gutierrez,xgarcia@example.org,Albania,2020-04-15,Standard,782
248,Vanessa Moore,mwoods@example.com,Gibraltar,2024-12-08,Standard,156.7
249,Anthony Mack,amandasharp@example.org,United States Minor Outlying Islands,2022-09-30,Standard,809.06
250,Jennifer Monroe,osbornrandy@example.com,Colombia,2020-07-22,Standard,2205.17
251,Tonya Howe,smithashley@example.org,Vanuatu,2024-06-15,Standard,1739.92
252,Mrs. Virginia Daniels,ismall@example.net,Lao People's Democratic Republic,2023-11-18,Basic,204.04
253,Robert Rivera,twong@example.org,American Samoa,2024-09-23,Standard,143.38
254,Rachel Bradley,gregorychase@example.com,Sweden,2022-08-11,Standard,2077.22
255,Garrett Morales,lopezdonald@example.com,Vietnam,2022-06-23,Standard,163.21
256,Dean Young,stephanie49@example.net,Montserrat,2023-01-27,Basic,653.61
257,Matthew Schwartz,contrerassteven@example.org,Iraq,2022-02-06,Basic,246.58
258,Tammy Barron,hannah45@example.net,Cyprus,2023-10-26,Premium,9712.96
259,Casey Hernandez,robert87@example.net,Spain,2024-04-13,VIP,2576.11
260,Colleen Wright,foxallison@example.com,Belarus,2023-01-03,Standard,660.45
261,Ashley Poole,ashleyhernandez@example.com,Timor-Leste,2022-08-19,Premium,14036.5
262,Audrey Harris,gdavis@example.com,Sudan,2023-06-02,Basic,461.03
263,Carlos Perry,hansenemily@example.com,Saint Kitts and Nevis,2022-02-01,Standard,1975.38
264,David Smith,bethwilliams@example.com,Reunion,2022-11-03,Premium,6888.39
265,Zachary Michael,andersenthomas@example.com,Ireland,2020-12-23,Basic,317.2
266,Chad May,ybrooks@example.com,Trinidad and Tobago,2020-04-08,Premium,13553.66
267,Jamie Miller,desireebailey@example.org,Mauritania,2023-07-05,Standard,2789.53
268,Cameron Irwin,avilatiffany@example.com,Peru,2024-01-10,Premium,2716.06
269,Jessica Gray,johnreed@example.com,Comoros,2023-03-13,Premium,8978.56
270,Molly Rodriguez,bmendez@example.org,Costa Rica,2022-07-13,Premium,3543.92
271,Kirk Griffin,sanchezbradley@example.com,Djibouti,2020-08-24,Premium,11839.48
272,Nicole Parsons,williamroberts@example.net,Morocco,2021-01-02,Premium,10241.85
273,Kyle Chambers,joel28@example.org,Isle of Man,2024-12-31,Premium,4371.32
274,Antonio Fry,conniesimmons@example.com,Australia,2023-03-28,Standard,1569.63
275,Teresa Powers,heather62@example.com,Honduras,2023-10-14,Standard,476.84
276,Joshua Allen,kevinzimmerman@example.com,United States Virgin Islands,2020-02-12,Standard,1602.93
277,Jason Butler,paulscott@example.com,Oman,2021-08-02,Standard,2900.44
278,Jerry Watson,brettbennett@example.net,Netherlands,2021-07-19,Standard,1467.31
279,Benjamin Ballard,timothybooth@example.com,Gabon,2023-05-10,Basic,14.27
280,Alexis Giles,burgesskaren@example.org,Qatar,2020-06-01,Basic,580.21
281,Christine Herman,kimberly67@example.net,Pakistan,2024-11-06,Premium,3223.28
282,Dennis Hunt,zowens@example.net,Latvia,2020-11-09,Premium,6645.2
283,Erica Harris,robert93@example.net,Cameroon,2022-11-19,Standard,1888.07
284,Juan Silva,mphillips@example.com,Denmark,2021-04-27,Standard,1508.51
285,Roy Porter,jonathan77@example.com,Chile,2022-04-28,Standard,2375.75
286,Heather Taylor,iwhite@example.net,Bahamas,2020-07-22,Standard,1334.99
287,Sara Jones,duranrobert@example.net,Djibouti,2024-07-21,Premium,557.16
288,Chris Robinson,nbrooks@example.net,Papua New Guinea,2023-01-20,Standard,1916.56
289,Susan Hopkins,smithandrea@example.org,Andorra,2023-02-17,Standard,1533.68
290,Denise Madden,shawheidi@example.com,Sri Lanka,2021-05-31,Premium,-41.22
291,Cassie Hull,johnharvey@example.com,Suriname,2022-08-20,Basic,184.67
292,Robert Miller,pstevens@example.net,Czech Republic,2024-12-25,Premium,13736.46
293,Ronald Miller,davisnicholas@example.net,Lebanon,2022-08-24,Basic,336.8
294,Adam Jackson,pbruce@example.com,Mongolia,2024-08-04,Premium,4908.05
295,Valerie Jacobson,hallrachel@example.net,Tuvalu,2022-09-20,Basic,791.47
296,Denise Glass,rachel90@example.org,Vanuatu,2021-11-27,Basic,495.04
297,Alexis Clark,karenmarquez@example.com,Vanuatu,2024-09-25,Basic,28.73
298,Christopher Allen,irhodes@example.com,Hungary,2022-09-22,Basic,678.27
299,Brenda Hinton,masonterri@example.org,Bolivia,2024-08-04,Basic,37.58
300,Ryan Peterson,unovak@example.org,North Macedonia,2020-06-02,Standard,897.09
301,Willie Henry,angela66@example.org,Pitcairn Islands,2022-08-29,Basic,716.23
302,Jamie Barton,lauren11@example.com,Cape Verde,2022-05-19,Premium,11956.14
303,Richard Moore,gstewart@example.org,Albania,2021-06-15,Standard,1179.03
304,Jill Juarez,andersonjacob@example.com,Moldova,2020-12-27,Standard,2362.7
305,Jennifer Johnson,angela99@example.com,Tonga,2024-03-29,Basic,139.59
306,Edgar Hughes,hardyanita@example.org,Montserrat,2022-08-20,Standard,1248.56
307,Melissa Jackson,kevin72@example.org,Chad,2023-10-28,Standard,2922.35
308,Jason Washington,wardsheryl@example.net,Niue,2023-02-17,Standard,2019.25
309,Luis Ellis Jr.,rushmartin@example.net,Hong Kong,2020-09-07,Standard,2144.52
310,Erin Cook,kevinmorrison@example.net,Cook Islands,2020-01-30,Premium,4137.54
311,Christopher Sanders,kelly79@example.org,Greece,2022-07-08,Standard,1213.28
312,Robert Long,frederickjames@example.net,Cocos (Keeling) Islands,2024-04-24,Standard,678.88
313,Krista Benton,nhahn@example.com,South Georgia and the South Sandwich Islands,2021-08-01,Standard,840.07
314,Michael Fuentes,ichambers@example.net,Gabon,2022-05-04,Standard,783.88
315,Matthew Espinoza,mjones@example.com,Myanmar,2021-11-03,Standard,2325.3
316,Jonathon Knapp,ystephens@example.com,Reunion,2022-11-13,Standard,2521.37
317,Kimberly Little,rodriguezjohn@example.net,Guinea,2021-05-17,Standard,293.73
318,Lonnie Hart,vrasmussen@example.com,Botswana,2021-12-27,Standard,1503.53
319,David Dixon,seanmyers@example.net,Namibia,2022-03-28,Standard,671.24
320,Brittany Cuevas,agarcia@example.org,Brazil,2022-03-03,Basic,716.92
321,Monica Bailey,stanley38@example.com,Guernsey,2020-11-23,Basic,41.4
322,Jeffrey Horton,carlos01@example.org,Thailand,2024-11-14,Standard,2407.66
323,Brian Marsh,zacharyarnold@example.com,Monaco,2024-03-23,Standard,858.17
324,Joel Salinas,jacobsandoval@example.com,Antarctica (the territory South of 60 deg S),2023-03-25,Standard,1941.95
325,Sonya Cole,tprice@example.org,Costa Rica,2020-09-01,Basic,55.53
326,Michael Flynn,lloydamanda@example.com,Greece,2020-08-23,Standard,2981.12
327,Brian Lambert,orose@example.com,Nepal,2021-03-14,Basic,202.58
328,James Wilson,megan92@example.net,Romania,2023-03-08,Standard,1405.1
329,Tamara Lawrence,lawrenceallen@example.org,Cocos (Keeling) Islands,2021-06-05,Standard,1372.3
330,Charles Price,baileyhenderson@example.com,North Macedonia,2024-10-01,Standard,2711.29
331,Tamara Arias,angelaburns@example.org,Colombia,2023-11-28,Basic,275.33
332,Jerry Brown,stephanie72@example.org,Suriname,2024-05-06,Standard,2118.43
333,Justin Delgado,acohen@example.net,Tajikistan,2024-01-07,Standard,2336.51
334,Christopher Cunningham,kellyhill@example.net,France,2023-04-21,Basic,292.74
335,Jim Newton,hdunn@example.net,Brazil,2023-07-15,Premium,2980.07
336,Joshua Ritter,wolfscott@example.org,Jamaica,2020-04-05,Standard,1888.01
337,Ronald Potter,nancy07@example.com,Guernsey,2024-03-28,Premium,11462.71
338,Angie Grimes,rowejoel@example.net,Namibia,2023-11-17,Basic,466.95
339,Shannon Bishop,imartin@example.org,Suriname,2024-07-29,Premium,750.69
340,Anthony Bell,candice25@example.net,French Guiana,2020-06-03,Basic,625.71
341,Derek Hodge,taylorkaren@example.com,Uruguay,2020-03-11,Premium,11849.33
342,Donald Rios,,Senegal,2022-09-30,Basic,130.23
343,Jenna Thomas,courtney67@example.org,North Macedonia,2020-06-21,Basic,735.34
344,Patricia Powell,heather57@example.com,Greece,2022-01-14,Standard,597.63
345,Sheila Boone,simonstephen@example.net,Qatar,2023-07-01,Basic,522.77
346,Arthur Ferguson,tammysummers@example.com,Ethiopia,2020-04-22,Basic,475.63
347,Drew Kelley,ashleewashington@example.com,Uganda,2022-04-08,Basic,725.17
348,Amber Garcia,ksmith@example.com,Korea,2024-10-05,Standard,2273.35
349,Tyler Harris,nicoleturner@example.com,Bermuda,2020-11-04,Standard,1493.12
350,Danielle Watson,brettgarrett@example.net,Reunion,2020-02-05,Premium,13493.48
351,Jessica Davis,smiththomas@example.org,Nauru,2021-08-19,Standard,2890.22
352,Michael Smith,lisa62@example.com,Barbados,2022-03-03,Premium,9961.08
353,Brandon Shaffer,edwardsnicole@example.org,Hong Kong,2020-07-20,Standard,1576.89
354,Nicole Anderson,caseyelliott@example.net,Pakistan,2020-07-18,Standard,2117.29
355,Gregory Lewis,samanthajensen@example.com,Tokelau,2024-09-17,Standard,1099.48
356,Steven Taylor,lawrencepatrick@example.com,Germany,2020-04-29,Standard,2179.54
357,Danielle Newman,angelagreene@example.net,Finland,2021-03-27,Basic,278.67
358,Melissa Abbott,jamie98@example.org,San Marino,2020-10-13,Basic,551.93
359,Matthew Bowers,troyrodriguez@example.com,Northern Mariana Islands,2021-01-30,Standard,1603.68
360,Kelsey Levine,sarah26@example.net,Italy,2023-11-17,Standard,2874.89
361,Michael Farmer,smithcarlos@example.com,Cuba,2022-08-10,Basic,378.75
362,Antonio Mccormick,courtney86@example.com,Reunion,2024-08-17,Premium,2823.98
363,Martin Medina,joshuacollins@example.net,Uruguay,2024-08-21,Premium,4025.52
364,Robert Herrera,wwillis@example.net,Pitcairn Islands,2023-11-13,Premium,12720.91
365,Emily Kim,brianmiller@example.com,Brazil,2021-06-18,Standard,1242.87
366,Lee Parker,davidzimmerman@example.net,Algeria,2022-12-08,Standard,1713.51
367,Troy Mills,gary24@example.net,Turks and Caicos Islands,2022-09-29,Basic,739.79
368,Steven Rogers,enelson@example.com,Rwanda,2022-08-31,Standard,721.65
369,Lori Crawford,brian92@example.com,Cayman Islands,2021-01-28,Standard,190.89
370,Brian Berry,perezwilliam@example.org,Togo,2024-08-22,Basic,615.36
371,Dana Ruiz,lmora@example.org,Micronesia,2022-11-24,Basic,315.24
372,Michelle Rios,marcbutler@example.net,Ghana,2024-08-07,Standard,311.89
373,Blake Watson,whitelinda@example.org,Zimbabwe,2024-08-05,Standard,2544.31
374,Shawn Cline,mark87@example.org,Heard Island and McDonald Islands,2024-01-10,Standard,1075.15
375,Justin Torres,stevenvargas@example.com,Sierra Leone,2024-09-24,Premium,12237.3
376,Morgan Payne,edwardrandolph@example.org,Djibouti,2022-08-05,Premium,3284.62
377,Makayla Steele,tapiaaaron@example.net,Honduras,2023-05-22,Basic,344.5
378,Monica Garcia,robertwoodward@example.org,Rwanda,2023-02-23,Standard,605.81
379,Andrew Hall,xhaynes@example.com,San Marino,2023-08-12,Standard,1041.57
380,Brendan Anderson,kjones@example.org,Jordan,2024-02-28,Basic,747.54
381,Bianca Carter,sara65@example.com,Korea,2022-04-25,Standard,1592.08
382,Benjamin Harris,moorefrank@example.com,Germany,2022-11-05,Basic,338.64
383,Joshua Oconnell,shannonford@example.org,Bermuda,2021-12-17,Basic,654.37
384,Michael Mckenzie,lewismelissa@example.org,Bermuda,2022-01-02,Standard,2064.75
385,Tracy Foster,byrdjorge@example.org,Antarctica (the territory South of 60 deg S),2022-01-24,Standard,1321.14
386,Sarah Hawkins,codygarcia@example.org,British Virgin Islands,2023-11-14,Basic,209.15
387,Ronald Haas,jamesmorales@example.net,Norfolk Island,2023-09-11,Basic,621.32
388,Angela Willis,johnsoncaleb@example.net,Kenya,2020-06-07,Basic,332.22
389,Anna Boone,david70@example.org,Uzbekistan,2022-01-13,Premium,7305.48
390,Samantha Foster,reyesronald@example.com,Croatia,2022-07-19,Basic,344.91
391,Denise Griffin,austinharvey@example.org,Oman,2021-04-10,Standard,1865.33
392,Jason Pierce,millerpatrick@example.com,Cook Islands,2023-06-03,Premium,14594.78
393,Rebecca Wright,mayokimberly@example.com,Lesotho,2023-03-15,Standard,1763.21
394,Kari Durham,paul20@example.com,Nepal,2020-09-10,Standard,283.4
395,Steven Osborne,stokesthomas@example.com,Seychelles,2020-12-09,Premium,9436.51
396,Crystal Moore,dianeadams@example.net,Azerbaijan,2024-01-16,Standard,1342.3
397,Theresa Johnston,lkelly@example.org,Dominica,2021-11-26,Basic,364
398,Renee Wolfe,warnermichael@example.net,Mongolia,2024-01-05,Standard,760.58
399,Travis Copeland,lweaver@example.com,Argentina,2021-07-09,Standard,305.41
400,David Robinson,nsmith@example.org,Sri Lanka,2022-05-13,Standard,2703.8
401,Mitchell Sellers,brian29@example.net,United States Virgin Islands,2021-02-09,Standard,2304.92
402,Brian Fox,susan56@example.net,Bolivia,2023-08-28,Basic,699.59
403,Frank Daugherty,fconner@example.net,Ghana,2021-11-08,Basic,345.48
404,Wayne Steele,jeffrey92@example.com,Gambia,2023-12-17,Premium,2220.23
405,Elizabeth Thompson,rushstacy@example.com,Thailand,2022-06-25,Basic,747.27
406,Traci Johnson DDS,daniellegarcia@example.com,Cambodia,2021-11-13,Basic,759.27
407,Blake Reed,gary15@example.com,Algeria,2024-11-17,Standard,692.85
408,David Jones,kristin00@example.com,Kazakhstan,2023-11-03,Basic,155.56
409,Tracy Wilkerson,wmacias@example.net,Honduras,2020-12-04,Premium,2557.78
410,John Shields,franciscojones@example.org,French Polynesia,2024-05-26,Basic,467.31
411,Dean Garcia,george62@example.net,Belarus,2020-03-24,Standard,975.83
412,Stephanie Davis,bbush@example.net,Chad,2021-11-22,Standard,2064.41
413,Jessica Brown,jamie36@example.net,Micronesia,2022-05-14,Premium,11775.69
414,Monica Baker,kenneth10@example.com,Montserrat,2024-10-19,Basic,388.93
415,Katherine Brown,pattersonkelly@example.net,Niue,2023-07-01,Premium,13661.13
416,Christina Johnson,daniellerowland@example.com,Tanzania,2022-03-16,Standard,1776.51
417,Richard Ruiz,christopher86@example.org,Heard Island and McDonald Islands,2024-12-07,Premium,10401.12
418,Jaclyn Griffin,scott43@example.com,Mongolia,2022-06-26,Basic,189.72
419,Paul Contreras,barnettlindsey@example.com,Saudi Arabia,2023-08-24,Premium,-373.97
420,Kristen Randall,rsheppard@example.com,Montserrat,2020-04-26,Basic,485.81
421,Karen Miller,shawrachel@example.net,Philippines,2023-02-08,Standard,964.34
422,Mrs. Tiffany Cole,teresastokes@example.org,Armenia,2020-10-28,Premium,14854.04
423,William Graham,maryscott@example.net,United States Virgin Islands,2021-03-16,Premium,9723.63
424,Angie Hawkins,melissa87@example.org,Solomon Islands,2023-03-05,Premium,1546.37
425,Laurie Harrington,perryeddie@example.net,Myanmar,2023-05-12,Standard,2689.07
426,Teresa Buckley,floydmikayla@example.com,Turkey,2024-11-05,Basic,438.23
427,James Washington,rjohnson@example.com,Cambodia,2024-07-04,Standard,2124.36
428,Melanie Morales,vpreston@example.net,Dominica,2021-07-19,Basic,666.7
429,John Adams,andrew44@example.com,Tajikistan,2024-05-19,Premium,14667.19
430,Michael Garcia PhD,kevinmanning@example.com,Ethiopia,2023-12-07,Basic,509.48
431,Lisa Davis,alewis@example.net,Libyan Arab Jamahiriya,2020-12-10,Basic,398.34
432,Sharon Nicholson,cameronmckinney@example.com,Burkina Faso,2021-08-09,Basic,653.05
433,Kelly Carroll,jameswhitaker@example.org,Egypt,2021-08-18,Standard,771.08
434,Anthony Ward,joshuacolon@example.net,Indonesia,2021-04-29,Basic,579.87
435,Becky Johnson,tracy72@example.com,Namibia,2021-08-24,Premium,12340.27
436,Hailey Monroe,kaitlyn14@example.org,Hungary,2022-03-22,Standard,516.68
437,Scott Chan,mercedesholland@example.net,Costa Rica,2023-01-18,Premium,4387.45
438,Jason Smith,wellsdavid@example.org,Netherlands Antilles,2021-09-05,Standard,2123.82
439,Courtney Franklin,jennifer46@example.com,Timor-Leste,2020-09-04,Basic,364.8
440,David Owens,asilva@example.net,Panama,2023-10-19,Standard,1486.29
441,Sara Hoffman,kenneth17@example.org,Guadeloupe,2023-01-16,Basic,561.46
442,Margaret Hensley MD,jacob83@example.org,Sri Lanka,2020-08-29,Premium,14888.61
443,Rhonda Powell,erin07@example.com,Eritrea,2021-01-30,Basic,178.49
444,Jennifer Doyle,matthewreeves@example.net,Martinique,2023-11-22,Premium,9535.28
445,Karen Shepard,william28@example.org,French Polynesia,2022-09-05,Standard,187.51
446,Carl Green,staceylam@example.net,Benin,2021-06-22,Basic,143.86
447,Daniel Savage,vfrench@example.com,Eritrea,2023-04-08,Basic,156.75
448,Julie Wilson,delacruzbrandy@example.net,Barbados,2020-07-06,Standard,2407.25
449,Cory Wilson,amoreno@example.org,Trinidad and Tobago,2024-05-24,Premium,11477.08
450,Brenda Gonzalez,dbenitez@example.org,Germany,2021-06-19,Standard,2851.7
451,Catherine Miller,crystal25@example.net,Azerbaijan,2020-12-09,Premium,7538.43
452,Donald Juarez,barbaramoore@example.org,Bulgaria,2022-11-15,Basic,600.1
453,Madeline Powell,creyes@example.net,Cook Islands,2023-01-10,Basic,342.57
454,Tiffany Mcclain,andrewsmith@example.net,Egypt,2020-06-26,Premium,7732.96
455,Shawn Collins,reyesbrianna@example.org,Bahrain,2022-04-18,Premium,12306.16
456,Elizabeth Carter,ryan25@example.com,Guinea-Bissau,2024-02-27,Premium,12799.85
457,Carmen Meadows,osmith@example.net,Bulgaria,2024-10-11,Basic,424.44
458,Alex Wagner,richardsondebra@example.org,Honduras,2023-06-29,Standard,2500.85
459,Dawn Nichols,wheelerbrandon@example.org,Palau,2023-06-20,Basic,384.39
460,Amber Wilson,jjames@example.com,Lebanon,2024-05-14,Standard,2958.42
461,Christine Jennings,turnerdorothy@example.net,Mali,2023-09-02,Standard,1580.36
462,Larry Taylor,huntchristine@example.com,Brazil,2024-05-17,Premium,1504.67
463,Kathleen Lynch,marie35@example.net,Ireland,2023-07-15,Basic,621.12
464,Andrew Crawford,haleycastillo@example.org,Afghanistan,2021-02-14,Standard,422.35
465,Brandon Rodriguez,fhernandez@example.net,Belarus,2022-07-02,Standard,1854.07
466,Ashley Scott,stephenmadden@example.com,Kyrgyz Republic,2022-05-08,Standard,2647.21
467,Robert Sawyer,michael56@example.net,Brazil,2020-07-30,Standard,2316.41
468,Peter Williams,elizabethjackson@example.com,Uganda,2024-03-27,Basic,326.16
469,Marco Johns,watsonmatthew@example.org,Iran,2021-05-27,Premium,10209.91
470,Jesus Houston,pmarsh@example.org,Bouvet Island (Bouvetoya),2020-09-16,Standard,625.74
471,Nicholas Jarvis,dalepruitt@example.com,Spain,2020-01-21,Standard,2943.97
472,Jessica Carr,cheryl27@example.com,Bouvet Island (Bouvetoya),2022-10-22,Standard,1695.9
473,Jessica Brown,alexander89@example.net,Mongolia,2022-12-17,Premium,10324.84
474,Tyler Marks,reynoldsjessica@example.com,Guatemala,2023-03-25,Premium,12540.63
475,Margaret Hernandez,smithsarah@example.net,Thailand,2024-04-23,Standard,1542.78
476,Jon Martin,vflores@example.com,Australia,2022-03-05,Standard,610.32
477,Krista Gray,christianwallace@example.net,Kiribati,2021-09-15,Standard,957.7
478,Jonathan Stewart,bmcgee@example.org,Iraq,2023-01-28,Standard,1572.11
479,Justin Smith,connersylvia@example.net,Gabon,2023-03-12,Standard,150.95
480,Kristina Pena,xclements@example.org,Svalbard & Jan Mayen Islands,2023-11-01,Standard,1735.36
481,Jesse Castro,xmoran@example.net,Korea,2020-01-07,Standard,910.21
482,Peter Walker,michael48@example.net,Holy See (Vatican City State),2020-11-12,Standard,200.67
483,Amber Martin,lydianewton@example.com,Botswana,2024-06-10,Standard,2961.23
484,Craig Martinez,ylewis@example.org,Saint Barthelemy,2020-11-05,Standard,2995.72
485,Peter Williams,bartonshannon@example.net,Namibia,2020-02-05,Premium,9371.92
486,Brandy Porter,tranryan@example.net,Liberia,2023-08-08,Standard,2353.32
487,Priscilla Kent,jessicaanderson@example.com,Palestinian Territory,2020-08-15,Standard,1605.98
488,Sonya Gordon,mbarnes@example.net,Serbia,2024-06-26,Standard,202.32
489,James Cooper,shawn22@example.com,Netherlands,2021-07-21,Standard,2955.35
490,Nicole Evans,jennifer83@example.org,Cote d'Ivoire,2023-07-20,Standard,848.35
491,Donna Reed,tinasantos@example.org,Macao,2022-05-22,Basic,289.02
492,Mallory Page,anna99@example.net,Russian Federation,2022-04-26,Standard,1232.36
493,Paul Skinner,natalie60@example.net,Botswana,2020-02-23,Standard,1197.37
494,Charles Santiago,josephfloyd@example.com,Pitcairn Islands,2023-08-10,Standard,2829.14
495,Ryan Vaughn,james80@example.com,Suriname,2024-08-15,Basic,22.12
496,Luis Lowe,juliahoffman@example.org,Malawi,2023-12-13,Standard,2473.79
497,Rebecca Roberts,housepaul@example.net,Germany,2024-03-23,Standard,1597.83
498,Amy Manning,christinenorman@example.com,Switzerland,2023-11-13,Standard,1540.77
499,Mark Mckinney,kari89@example.org,Singapore,2021-08-05,Standard,1331.88
500,Cheryl Cole,lopezglenn@example.net,British Indian Ocean Territory (Chagos Archipelago),2024-03-06,Standard,562.44
501,Jeffrey Hawkins,eugenesingleton@example.org,Greenland,2020-03-19,Basic,212.16
502,Timothy Williams,candice94@example.com,Somalia,2021-07-25,Basic,544.85
503,Heather Bowers,alicia28@example.org,Solomon Islands,2022-10-04,Basic,515.82
504,Jennifer Herrera,baileynicole@example.net,Greenland,2020-11-22,Standard,1451.3
505,Edward Clements,wbarajas@example.net,Algeria,2022-10-06,Standard,1506.5
506,Gregory Allen,susanfleming@example.com,Hong Kong,2024-03-14,Basic,743.84
507,Theresa Cruz,angel85@example.net,Spain,2021-08-19,Standard,637.33
508,Katelyn Phillips,lukemiller@example.org,Chad,2024-07-03,Basic,548.93
509,Patricia Ferguson,clarkcrystal@example.org,Tonga,2021-12-06,Standard,2487.58
510,,elucas@example.net,Poland,2021-01-27,Premium,9717.99
511,Joe Rivera,jonesgregory@example.com,Moldova,2020-07-28,Premium,4112.29
512,Roberto Bartlett,ohughes@example.com,Jersey,2021-06-21,Basic,343.66
513,James Wilson,maychristine@example.net,Myanmar,2022-11-28,Premium,12044.34
514,Ryan Howard,robertsgina@example.net,Benin,2024-01-02,Standard,196.79
515,Timothy James,wellsamanda@example.org,San Marino,2022-03-26,Standard,1326.27
516,Robert Gardner,kennetheaton@example.net,Oman,2021-07-06,Premium,8990.94
517,Travis Spencer,davidsmith@example.net,India,2023-08-22,Standard,1072.32
518,Theresa Torres,jason82@example.org,Colombia,2020-09-30,Basic,708.48
519,Ruben Lee,emilybradley@example.org,Thailand,2020-07-04,Premium,11290.08
520,Wanda Dunn,robertscarlos@example.org,Congo,2022-05-20,Basic,387.82
521,Katelyn Rivera,emilyyoung@example.com,Niger,2024-04-01,Basic,497.54
522,Corey Tucker,christina49@example.org,Mongolia,2022-04-29,Standard,852.16
523,Rhonda Benjamin,adamsanchez@example.org,Rwanda,2024-12-18,Premium,14845.63
524,Jessica Larsen,erinrivera@example.com,Kyrgyz Republic,2021-04-01,Standard,2620.08
525,Raymond Tucker,thompsoncatherine@example.com,Togo,2023-07-30,Premium,2488.6
526,Stephanie Gonzalez,lunapatricia@example.net,Norfolk Island,2023-09-09,Standard,187.65
527,Kevin Sullivan,rebeccaarnold@example.net,Uganda,2024-03-07,Basic,750.18
528,Mrs. Patricia Diaz MD,dennis88@example.org,Indonesia,2020-11-16,Basic,653.03
529,Adam Allen,katherinetaylor@example.org,Christmas Island,2024-10-20,Basic,775.02
530,Krystal Brennan,jillwebb@example.com,Armenia,2022-08-13,Standard,525.09
531,John Brown,jim38@example.com,Iceland,2021-11-06,Standard,631.34
532,Jesse Williams,dakota84@example.net,Estonia,2022-10-18,Basic,245.14
533,Laura Bennett,pdiaz@example.org,Maldives,2021-05-10,Standard,2618.01
534,William Walker,wgomez@example.com,Somalia,2024-09-13,Standard,395.22
535,Mr. Jonathan Taylor,jerryrobertson@example.com,Croatia,2024-01-08,Premium,9120.36
536,Christopher Guzman,guerrerorobert@example.com,Saint Helena,2021-03-31,Standard,277.92
537,Michael Mendoza,deborahjenkins@example.org,Aruba,2022-01-11,Standard,1795.03
538,Kevin Taylor,macdonalddylan@example.org,Eritrea,2022-10-02,Premium,4719.02
539,Kellie Sullivan,johnsjessica@example.com,Yemen,2021-09-19,Premium,3821.65
540,Jerry Haney,ajackson@example.net,Cambodia,2021-06-19,Basic,748.54
541,Samantha White,gary57@example.net,Nauru,2023-04-22,Basic,468.22
542,James Anderson,harrismichele@example.net,Poland,2021-12-11,Standard,974.57
543,Chase Davis,mvalenzuela@example.org,Turkey,2020-03-11,Basic,81.15
544,Kathy Wilson,mhopkins@example.net,Sweden,2023-07-07,Basic,57.31
545,Todd Gregory,xboyd@example.org,Qatar,2023-03-20,Premium,11036.69
546,Crystal Lang,zbell@example.net,United States of America,2023-09-21,Standard,868.5
547,Melissa Davis,jonathancannon@example.org,Finland,2023-07-11,Standard,2876.06
548,Kimberly Scott,fletcherkristine@example.net,Mali,2021-10-10,Premium,2012.79
549,Adam Pena,robert12@example.com,Pakistan,2020-11-18,Basic,344.03
550,Deborah Herrera,cheryl63@example.com,Micronesia,2020-11-30,Standard,918.09
551,Karen Wood,tking@example.net,Guatemala,2020-12-30,Standard,2102.74
552,Jennifer Taylor,adkinssean@example.net,Zambia,2023-03-31,Premium,8132.63
553,Daniel Morales,lauren90@example.org,Iceland,2024-08-23,Premium,6784.6
554,Abigail Davis,thomasburke@example.org,Bahrain,2023-01-21,Basic,608.31
555,Jacob Lynch,zarias@example.net,Palau,2022-04-21,Premium,5036.92
556,Michelle Harper,daniellegonzales@example.org,Thailand,2020-03-17,Standard,2084.85
557,Regina Mitchell,bowerswilliam@example.net,Djibouti,2023-01-21,Standard,327.75
558,Megan Ward,cantrellchristopher@example.com,Slovakia (Slovak Republic),2021-08-25,Standard,1100.54
559,Michael Sullivan,aprilmclaughlin@example.org,Uruguay,2020-07-15,Standard,453.76
560,Duane Gallegos,michael43@example.net,Congo,2023-07-23,Standard,2201.43
561,Jared Smith,richardrodriguez@example.org,Macao,2021-04-05,Premium,9711.86
562,Travis Pratt,nancy94@example.net,Kenya,2023-11-17,Standard,808.28
563,Kristine Carrillo,susan77@example.net,Tokelau,2023-11-14,Basic,171.55
564,Brian Jones,ericahall@example.com,Isle of Man,2024-01-11,Standard,2726.88
565,Kelli Smith,john16@example.net,San Marino,2023-05-16,Standard,258.69
566,Angela Velazquez,nedwards@example.net,Ethiopia,2023-07-15,Standard,2417.93
567,Paul Conrad,victorgonzalez@example.net,Dominican Republic,2022-03-20,Basic,362.12
568,Christine Harris,marykelly@example.org,British Indian Ocean Territory (Chagos Archipelago),2022-07-14,Premium,6597.41
569,Megan Alvarado,duranamber@example.org,Thailand,2020-09-01,Standard,2201.28
570,Mr. Johnathan Galloway,travis84@example.com,Cyprus,2023-01-13,Standard,2698.33
571,Bethany Fox,imendoza@example.org,Macao,2021-02-08,Standard,1929.25
572,Scott Parsons,sbray@example.net,Kuwait,2021-05-13,Basic,549.07
573,Adam Craig,ucarpenter@example.com,New Zealand,2024-02-05,Standard,1529.7
574,Chelsea Baker,thomas95@example.com,Colombia,2023-05-17,Basic,312.82
575,Mr. Michael Watson PhD,shannon92@example.net,Poland,2022-05-01,Basic,-183.18
576,Brett Nelson,angelachase@example.org,Cameroon,2023-10-24,Standard,703.35
577,Nancy Kennedy,thompsonvictor@example.net,Maldives,2022-01-04,Basic,214.09
578,Emily Tucker,anna90@example.com,Bolivia,2022-09-24,Standard,196.38
579,Amy Cervantes,gcombs@example.com,Samoa,2020-06-20,Basic,556.01
580,Isaac Castro,maurice61@example.com,Trinidad and Tobago,2020-04-04,Standard,2922.12
581,Lisa Ray,tiffanymitchell@example.com,Peru,2022-09-22,Standard,526.48
582,Patricia Griffin,jamesjustin@example.net,Zimbabwe,2022-04-10,Standard,2472.44
583,Christopher Morton,robert99@example.com,Thailand,2022-07-07,Premium,14936.58
584,Angela Cooper,logan44@example.net,Oman,2021-04-22,Standard,1733.47
585,Stephen Norman,julie87@example.com,Chad,2020-04-02,Basic,396.8
586,Alexander Luna,shelby13@example.org,Indonesia,2021-03-01,Standard,1072.61
587,Arthur Johns,johnsonrandy@example.org,Bosnia and Herzegovina,2020-08-08,Premium,2034.33
588,Christopher Pena,pparker@example.net,Finland,2023-11-25,Standard,2585.31
589,Cameron Rose,anthonyalvarado@example.com,Tonga,2024-05-24,Premium,12989.78
590,William Fernandez,amy28@example.org,Nauru,2023-11-02,Premium,13477.41
591,Lynn Fields,omills@example.net,Georgia,2024-06-07,Basic,416.8
592,Karen Perez,ramosmichael@example.com,Cape Verde,2021-02-23,Standard,2564.77
593,Aaron Ochoa,mauriceharrison@example.org,Portugal,2020-09-17,Standard,275.18
594,Theresa Woods,cannonlauren@example.net,Djibouti,2021-11-20,Standard,945.74
595,Kimberly Lopez,kfoster@example.net,Saint Pierre and Miquelon,2020-02-11,Premium,13115.91
596,Sandra Walker,hendersonjohn@example.net,Sri Lanka,2021-03-17,Standard,1445.15
597,Denise Wong,robert12@example.org,French Guiana,2021-01-02,Basic,769.7
598,Jesse Chavez,blopez@example.org,Australia,2023-06-02,Standard,967.64
599,Alison Compton,joseph70@example.org,Bermuda,2021-07-20,Basic,18.21
600,Johnny Peterson,kristi75@example.com,Qatar,2023-10-22,Standard,401.94
601,Erin Bridges,brianrowe@example.org,Mayotte,2024-08-22,Standard,1006.01
602,Corey Skinner,hclayton@example.net,Egypt,2020-10-22,Basic,322.39
603,William Wright,gonzalezjill@example.org,Mali,2021-11-02,Basic,196.27
604,Christine Price,sharon20@example.net,Vietnam,2022-05-21,Basic,52.97
605,Barbara Olson,james03@example.org,Dominica,2023-09-11,Basic,18.93
606,Erika Jackson,brenda63@example.org,Armenia,2023-05-22,Basic,647.58
607,Melissa Barker,nathandavis@example.org,Luxembourg,2024-09-22,Basic,568.3
608,Luke Galvan,browndeanna@example.net,Mauritania,2024-08-24,Premium,9141.43
609,Beth Hall,linda73@example.org,Portugal,2021-08-30,Basic,521.78
610,Nathaniel King,washingtonsamuel@example.com,Mauritius,2023-04-15,Standard,2801.94
611,Cheryl Lopez,mario74@example.net,United States Virgin Islands,2020-08-05,Standard,1337.46
612,Caitlyn Schmidt,qphillips@example.net,Haiti,2024-10-27,Standard,1889.53
613,Ricardo Hunter,nicoleharvey@example.com,Singapore,2023-12-07,Basic,0.83
614,Erica Brown,rlee@example.com,Seychelles,2024-01-06,Basic,421.61
615,Lisa Morris,daniel81@example.org,Syrian Arab Republic,2024-03-31,Standard,2179.9
616,Cassandra Johnson,washingtoncorey@example.net,Norway,2023-04-07,Basic,295.03
617,Mary Fox,brandon39@example.net,Barbados,2023-11-10,Basic,145.71
618,Thomas Rios,mcdonalddanielle@example.com,Moldova,2021-06-24,Standard,1717.67
619,Stephanie Short,colonjoseph@example.org,Saint Martin,2023-02-12,Premium,13491.68
620,Eric Blackburn,garciajerry@example.com,Comoros,2024-08-06,Premium,5719.51
621,Matthew Hudson,angelagrant@example.net,Botswana,2020-09-12,Basic,631.04
622,Laura Craig,kandrade@example.org,Mexico,2021-04-16,Standard,2202.44
623,George Moore,umahoney@example.net,Greece,2020-07-04,Basic,311.22
624,Jennifer Schultz,charlene98@example.org,Honduras,2022-07-12,Standard,459.01
625,Tammy King,zwest@example.org,Saint Kitts and Nevis,2024-11-23,Basic,493.97
626,Duane Smith,victoriaturner@example.com,Cyprus,2023-12-05,Standard,1192.96
627,Ethan Ingram,samantha88@example.net,Vanuatu,2020-10-28,Basic,527.74
628,Anna Stevens,devonrichardson@example.net,Egypt,2024-08-05,Premium,13973.96
629,Robert Davis,ncarroll@example.net,Belarus,2024-11-13,Standard,1418.39
630,Rebecca Thompson,larsonkevin@example.net,Sri Lanka,2022-05-16,Basic,749.79
631,Angela Brown,michael66@example.org,Trinidad and Tobago,2021-06-08,Basic,768.61
632,Nicole Atkinson,walterscrystal@example.org,Gambia,2024-10-19,Basic,655.12
633,Emma Cunningham,wayne32@example.org,Peru,2022-06-14,Premium,3549.34
634,Jenna Griffin,walkerkeith@example.com,Cameroon,2022-04-24,Standard,1211.98
635,Bradley Duncan,kelleyjose@example.com,Macao,2024-12-09,Premium,5771.54
636,Michael Gill,,Pakistan,2024-09-10,Premium,11472.4
637,Kristina Shea,johnadams@example.com,Gibraltar,2020-01-04,Standard,2914.14
638,Laura Rodriguez,whenderson@example.org,Gibraltar,2024-08-13,Basic,758.14
639,Matthew Carrillo,vanessajensen@example.com,Nigeria,2023-01-25,Basic,393.5
640,Andrew Meyers,ginamoore@example.net,Timor-Leste,2022-10-11,Basic,790.11
641,Patrick Sanchez,mistywilkins@example.org,Guam,2021-09-12,Basic,150.02
642,Ashley Cole,riverajody@example.org,Costa Rica,2021-02-02,Basic,770.55
643,Nicole Dunn,heatherbarnett@example.com,Myanmar,2021-07-15,Premium,8276.41
644,Kelsey Scott,campbellkristina@example.net,Faroe Islands,2023-06-13,Standard,482.94
645,Matthew Smith,qguerrero@example.net,Guyana,2022-07-31,Standard,2838.24
646,Alicia Dillon,yhall@example.net,Russian Federation,2022-07-26,Basic,482.31
647,Ethan Delacruz,lopezvincent@example.com,Monaco,2022-01-06,Premium,8490.99
648,Alison Wright,matthew62@example.org,Guatemala,2022-01-09,Standard,2669.82
649,Heather Turner,lisa46@example.org,Western Sahara,2023-11-14,Standard,1260.26
650,Diana Hernandez,fsandoval@example.net,Hong Kong,2024-07-25,Premium,9316.88
651,Megan Salas,robertberry@example.com,Georgia,2022-02-25,Standard,1408.15
652,Erin Daniels,denisecarpenter@example.net,South Georgia and the South Sandwich Islands,2021-05-25,Basic,175.91
653,Charles Barker,russellstout@example.org,Palau,2022-03-21,Standard,1776.9
654,Sylvia Stewart,whitemary@example.org,Saint Lucia,2022-08-28,Standard,1079.73
655,Fernando Dudley,vturner@example.net,Venezuela,2024-06-06,Basic,120.82
656,Brittany Lopez,jackfarmer@example.net,Nicaragua,2021-05-12,Standard,504.68
657,Keith Hall,jerryjohnson@example.org,Portugal,2021-11-02,Basic,177.31
658,Brandi Mathis,xjoseph@example.org,Timor-Leste,2023-07-23,Standard,442.13
659,John Martin,antonioduran@example.org,Uzbekistan,2022-03-11,Standard,853.76
660,Jason Newton,katherinejones@example.com,Tonga,2024-12-29,Standard,2698.54
661,Melissa Delacruz,ronaldparsons@example.net,Saint Pierre and Miquelon,2022-09-26,Standard,2173.7
662,Michelle Long,meyershannon@example.org,Turkey,2023-01-17,Basic,448.74
663,Kelly Foster PhD,oblack@example.org,Comoros,2022-09-01,Premium,12782.25
664,James Torres,steven64@example.net,Uruguay,2020-11-26,Premium,12505.61
665,Jose Thomas,gdavis@example.org,Cocos (Keeling) Islands,2022-10-30,Standard,2315.17
666,Teresa Horton,phillipmorris@example.org,Christmas Island,2021-09-30,Basic,434.43
667,Steven Huang,udavis@example.net,Pakistan,2020-10-23,Basic,642.26
668,Rebecca Higgins,davisjasmin@example.net,Guyana,2024-07-18,Basic,32.8
669,Michael Acosta,nicholasjames@example.org,United States Minor Outlying Islands,2023-08-08,Standard,2908.84
670,Seth Huffman,mistywhite@example.net,Austria,2024-05-25,Standard,2252.25
671,Eric Mack,lroberts@example.org,United Arab Emirates,2021-09-05,Premium,12206.95
672,Dale Dean,alexander77@example.net,Sri Lanka,2020-08-07,Standard,1977.72
673,Stephen Young,cchavez@example.org,Netherlands Antilles,2023-11-27,Basic,707.22
674,Dana Kelley,brandonhernandez@example.net,Guernsey,2021-09-11,Basic,452.45
675,Scott Estrada,mark10@example.org,Israel,2022-11-13,Standard,2043.33
676,Candace Mitchell DDS,tammycurry@example.com,Venezuela,2024-04-07,Standard,936.7
677,Randy Morris,wwilkins@example.com,Tajikistan,2023-07-24,Basic,456.8
678,Eileen Taylor,mark68@example.org,Qatar,2024-11-16,Standard,1598.59
679,Anthony Duncan,webbhaley@example.net,France,2024-11-05,Premium,2476.99
680,Ryan Green,sara99@example.com,Mali,2022-01-07,Standard,2090.02
681,Kathleen Morton,jeanettekrause@example.org,British Indian Ocean Territory (Chagos Archipelago),2022-11-22,Premium,14051.88
682,Mario Wilson,laurenduarte@example.com,Aruba,2022-02-26,Standard,2898.78
683,Justin Walsh,davidsonhannah@example.com,Somalia,2024-01-04,Premium,4016.17
684,Eric Pierce,wilsonmathew@example.com,Saint Kitts and Nevis,2023-11-03,Standard,2176.34
685,Toni Collier,markmorgan@example.net,Lesotho,2022-08-11,Standard,2496.56
686,Rebecca Brewer,dmoore@example.net,Ukraine,2020-02-07,Standard,1531.49
687,Richard Gutierrez,conleykevin@example.net,Philippines,2020-08-13,Standard,1195.5
688,Joshua Clark,lauren51@example.org,Fiji,2024-09-07,Basic,210.54
689,Gina Brooks,ashleyprice@example.net,Brazil,2023-03-05,Basic,424.54
690,Nicole Thornton,jennifer46@example.org,Luxembourg,2024-12-22,Standard,2603.23
691,Jacqueline Gallegos,javier42@example.org,Holy See (Vatican City State),2021-04-14,Standard,1603.56
692,Paula Gentry,zhunter@example.com,United Kingdom,2024-07-22,Basic,364.57
693,Cheryl Mclean,kimberly21@example.net,Philippines,2020-10-28,Standard,2558.44
694,Christine Johnson MD,cookpamela@example.org,Mali,2022-10-07,Standard,2897.51
695,Nichole Johnson,danielle35@example.org,Congo,2021-06-26,Basic,590.9
696,Joseph Mejia,nelsoneric@example.org,American Samoa,2021-08-22,Standard,927.59
697,Kristin Garcia,andrea42@example.net,Spain,2024-07-21,Basic,643.83
698,David Jones,amber02@example.org,Latvia,2023-01-21,Standard,2670.81
699,Amber Reyes,simmonsharold@example.net,Uganda,2023-04-30,Standard,1172.29
700,Sara Lyons,larry38@example.org,Uzbekistan,2022-03-30,Standard,835.01
701,Julie Anderson,tdavis@example.net,Norway,2023-05-10,Standard,1158.26
702,Julie Hall,douglashuang@example.com,United States Minor Outlying Islands,2020-08-31,Standard,2628.74
703,Clifford Stark,kristina57@example.com,Antarctica (the territory South of 60 deg S),2021-11-22,Premium,5100.75
704,Brian Mendoza,justinbailey@example.net,Brunei Darussalam,2022-02-04,Basic,591.31
705,Jennifer Klein,nguyendebra@example.com,Martinique,2020-10-17,Standard,843.23
706,Kevin Allen,amydickson@example.com,Bahrain,2021-01-28,Standard,2814.14
707,Robert Garza,vbradley@example.net,Puerto Rico,2022-05-29,Basic,331.7
708,Matthew Miller,mwilson@example.com,Greece,2020-05-29,Basic,461.4
709,Samantha Thompson,gjones@example.net,Suriname,2020-08-04,Standard,914.94
710,Sally Murphy,davislisa@example.net,United Kingdom,2021-02-24,Standard,743.35
711,Rhonda Sherman,shawncarter@example.net,Morocco,2020-04-04,Basic,718.8
712,Daniel Rich,ashley46@example.net,United States Virgin Islands,2021-09-22,Standard,1351.6
713,Brandon Smith,sabbott@example.org,Heard Island and McDonald Islands,2021-06-10,Basic,309.26
714,Tracy Smith,daniel40@example.org,Jersey,2022-02-02,Basic,771.29
715,Jennifer Flores,bsullivan@example.net,Croatia,2022-01-06,Basic,697.5
716,Karen Lopez,xbridges@example.com,Cape Verde,2020-08-02,Premium,5243.84
717,Shane Martinez,jonesalfred@example.net,Turks and Caicos Islands,2023-02-05,Standard,1014.16
718,Mr. William Miller,ydalton@example.net,Netherlands,2024-10-13,Premium,1701.68
719,Lisa Gibson,carnold@example.com,Guinea,2024-03-22,Standard,760.81
720,Jeff Smith,pbradford@example.net,Macao,2022-08-08,Basic,602.39
721,Timothy Johnston,goodashley@example.net,Heard Island and McDonald Islands,2020-12-23,Standard,2090.76
722,John Vaughn,jessicafox@example.com,Lao People's Democratic Republic,2023-04-15,Standard,661.12
723,Kelly Bishop,thomasharmon@example.net,Belarus,2023-03-10,Premium,5014.3
724,Kimberly Riley,bergeramanda@example.org,Latvia,2023-07-18,Basic,798.94
725,Taylor Berry,robert44@example.org,Argentina,2020-11-12,Premium,9060.97
726,Linda Torres,bryan79@example.org,Montserrat,2023-08-29,Premium,13073.21
727,William Lamb,mitchellchristopher@example.net,Belarus,2022-03-24,Standard,1702.97
728,Diana Anderson,joshua40@example.net,Bouvet Island (Bouvetoya),2022-12-12,Premium,3941.08
729,Susan Stevenson,lwood@example.com,Slovenia,2024-09-28,Standard,1186.47
730,Kari Lloyd,cooperchristopher@example.org,Nepal,2023-05-23,Standard,224.94
731,Brittany Crawford,ptownsend@example.net,Kazakhstan,2024-08-15,Standard,250.43
732,Carol Lane,brian41@example.org,Chad,2024-01-30,Premium,10248.35
733,John Alvarez,noahthornton@example.com,Estonia,2022-08-22,Premium,6772.26
734,Seth Smith,ureyes@example.net,Pitcairn Islands,2020-10-13,Standard,2591.37
735,Anne Schmidt,stephanie69@example.net,Togo,2022-09-28,Premium,10173.68
736,Devin Lang,destiny67@example.net,San Marino,2020-06-21,Standard,1876.59
737,Michael Townsend,erica25@example.net,Algeria,2024-07-15,Standard,600.93
738,Sandra Smith,foxgina@example.com,Cyprus,2024-05-03,Standard,2419.38
739,Darlene Johnson,brownbrooke@example.org,Zambia,2021-03-15,Standard,1343.07
740,Barbara Rosario,gatesdavid@example.net,Serbia,2022-04-02,Standard,1149.17
741,Kylie Coffey,dominguezjon@example.com,Panama,2020-06-21,Premium,8039.41
742,Margaret Livingston,kayla54@example.org,Slovakia (Slovak Republic),2021-12-05,Premium,2048.6
743,Richard Reyes,wendy44@example.org,Kazakhstan,2023-10-02,Basic,521.58
744,William Gonzalez,fwhite@example.org,Cambodia,2022-02-15,Premium,7723.79
745,Jessica Mendez,gainesjennifer@example.org,Antigua and Barbuda,2022-02-10,Standard,1152.85
746,Kenneth King,fsmith@example.org,Palau,2020-10-29,Standard,1384.59
747,Tasha Ortega,edward56@example.net,Afghanistan,2024-11-01,Standard,2712.22
748,Teresa Henry,upowell@example.org,Mauritius,2023-05-07,Standard,1696.09
749,James Norris,imartinez@example.com,Grenada,2021-08-09,Basic,61.75
750,Jennifer Chen,diazmelissa@example.com,Belgium,2023-05-20,Basic,763.57
751,Paige Roberts,gregorywilliams@example.com,Panama,2022-06-17,Standard,1127.45
752,Michael Mosley,tom73@example.org,Argentina,2021-07-29,Standard,746.24
753,Nathan Watkins,yprice@example.net,Norway,2020-11-30,Standard,2391.14
754,Joseph Flowers,blevy@example.org,Guadeloupe,2020-06-03,Standard,797.42
755,Richard Williams,lewisdesiree@example.net,Kuwait,2021-06-10,Standard,627.21
756,Sheila Herrera,sandyjohnson@example.org,Liechtenstein,2021-05-31,Standard,2927.17
757,Kaitlin Hardin,sanchezdeborah@example.org,China,2021-10-05,Standard,2796.71
758,Summer Hoover,bryantgeorge@example.net,Bahrain,2023-11-27,Basic,689.38
759,Ashley Crawford,bryanharris@example.com,Sudan,2022-08-01,Premium,7445.99
760,Nancy Morales,daughertybarbara@example.org,Gibraltar,2024-07-13,Standard,594.57
761,Rebecca Duran,matthewmartinez@example.org,Saudi Arabia,2023-11-09,Basic,233.96
762,Michael Tran,lsanchez@example.org,Burkina Faso,2021-08-20,Premium,10898.44
763,Ryan Salazar,alexistucker@example.org,Albania,2020-06-14,Premium,2559.61
764,Brandon Pearson,robert72@example.org,Cambodia,2020-02-16,Premium,10401.83
765,Kelly Jenkins,cheryljohnson@example.org,Saint Barthelemy,2022-07-28,Basic,38.63
766,Dr. Mark Patton MD,grantjames@example.net,Bhutan,2020-08-13,Premium,2083.62
767,Shari Hatfield,stevensims@example.org,Falkland Islands (Malvinas),2022-07-25,Premium,2520.22
768,Brian Hernandez,kjimenez@example.net,Uzbekistan,2023-06-15,Premium,2621.41
769,Matthew Mitchell,nking@example.com,Aruba,2021-09-18,Premium,11388.21
770,Anthony Medina,kristenwashington@example.org,Barbados,2021-02-24,Standard,681.02
771,Mikayla Watkins,robert53@example.org,Greece,2020-01-25,Standard,2727
772,David Gutierrez,nicholaswalker@example.com,Myanmar,2020-03-05,Standard,2641.32
773,Dr. Charles Reilly,xthompson@example.org,Kuwait,2022-08-25,Standard,869.49
774,Lynn Cantrell,matthewjohnson@example.net,Bahamas,2020-12-03,Basic,150.85
775,Brian Owens,vjackson@example.org,Turks and Caicos Islands,2020-11-30,Premium,4125.13
776,Christopher Norton,belindatran@example.org,Benin,2023-08-07,Basic,745.16
777,Joseph Atkins,brittanyhood@example.com,American Samoa,2022-10-11,Standard,1806.36
778,Nancy Wright,ryan39@example.org,United States Minor Outlying Islands,2024-02-21,Premium,629.6
779,Abigail Baird,esparzajessica@example.net,Antigua and Barbuda,2020-03-05,Basic,582.21
780,James Pacheco,chavezjohn@example.net,Sao Tome and Principe,2024-06-02,Basic,630.33
781,Nicholas Dodson,michaelallen@example.org,Andorra,2023-04-30,Standard,2154.82
782,Eric Warner,braysteven@example.org,Tunisia,2020-05-11,Basic,643.67
783,Cathy Savage,apadilla@example.net,Barbados,2024-06-17,Standard,1783.36
784,Michael Schmidt,ronald49@example.net,Morocco,2024-10-13,Standard,1573.32
785,Rachel Miller,jill08@example.net,Haiti,2023-12-24,Basic,561.03
786,Ashley Diaz,diazgregory@example.net,Romania,2022-02-16,Standard,2770.38
787,Michael Harris,john17@example.net,Wallis and Futuna,2024-03-26,Basic,181.83
788,Shelby Warner,lukehurst@example.net,Pitcairn Islands,2022-12-31,Standard,150.96
789,Anthony Watson,htucker@example.org,Latvia,2022-06-02,Basic,691.68
790,Meghan Patel,shannon51@example.org,Uganda,2023-02-05,Standard,291.33
791,Anita Myers,keithfrye@example.org,Chad,2021-08-07,Standard,2826.14
792,Michael Crawford,abigailburton@example.com,Israel,2021-12-27,Standard,1554.86
793,Kimberly Anderson,robert04@example.org,Bahrain,2022-09-04,Standard,1125.6
794,Robert Conley,robert55@example.com,Nauru,2021-02-07,Premium,6418.02
795,Kerri Kelley,itorres@example.com,Chile,2022-12-02,Premium,10081.49
796,Cristina Watson,kayla02@example.com,Finland,2020-08-02,Standard,1817.28
797,Christopher Glass,ian22@example.org,Dominica,2021-07-08,Premium,9356.48
798,Xavier Andrews,lgreen@example.org,Monaco,2023-03-29,Premium,741.74
799,Mary Spence,nathanfernandez@example.org,Martinique,2021-04-09,Basic,132.46
800,Thomas Sullivan,dmack@example.com,Cape Verde,2020-11-14,Basic,78.36
801,Oscar Cantrell,deborah47@example.com,Western Sahara,2024-06-08,Basic,96.11
802,Wendy Estrada,hmorgan@example.net,Lesotho,2023-09-05,Standard,2037.76
803,Brenda Pierce,angel93@example.com,Guinea-Bissau,2024-06-06,Basic,94.65
804,Anthony Davidson,kimberlywang@example.org,Angola,2020-11-21,Standard,571.34
805,Samuel Rhodes,daughertypreston@example.com,Ghana,2020-01-08,Premium,9859.5
806,Kayla Brown,raymond65@example.com,Holy See (Vatican City State),2022-07-17,Premium,12272.91
807,Gregory Parker,fsawyer@example.org,Saint Lucia,2024-11-11,Standard,1886.94
808,Natalie Perry,zroberts@example.net,Ukraine,2020-08-22,Premium,11720.67
809,Steven Taylor,thomaskevin@example.net,Grenada,2023-08-22,Standard,331.18
810,Tyler Avila,smithdanielle@example.com,Israel,2021-07-24,Basic,124.76
811,Joel Bradley,jamescollier@example.com,Micronesia,2024-09-10,Premium,13364.57
812,Rodney Turner MD,dhansen@example.org,Anguilla,2020-06-16,Premium,5962.17
813,Brittany Evans,qmartinez@example.com,Israel,2022-04-30,Basic,614.95
814,Terry Newman,wilsonjoshua@example.org,Netherlands Antilles,2022-08-14,Standard,1177.35
815,Lauren Cunningham,courtney71@example.com,Malaysia,2021-11-11,Premium,1611.86
816,Alicia Green,thomassteven@example.net,Burkina Faso,2023-03-31,Basic,384.72
817,Anthony Ward,brandon48@example.net,Vietnam,2020-09-22,Basic,198.63
818,Cory Burton,georgegary@example.com,Tunisia,2020-06-25,Standard,950.69
819,Ryan Marsh,gina51@example.net,Mozambique,2024-03-03,Standard,2054.9
820,Charles Taylor,nathan76@example.com,Uruguay,2023-08-04,Standard,2266.53
821,Ashley Moore,mariepope@example.net,Nicaragua,2021-03-27,Premium,14911.76
822,Tiffany Mathis,butlersabrina@example.org,Svalbard & Jan Mayen Islands,2020-04-22,Standard,257.82
823,Alan Bailey,don79@example.net,Serbia,2024-11-17,Standard,2246.78
824,Carrie Torres,walkermelissa@example.org,Portugal,2024-02-17,Standard,1816.11
825,Calvin Anderson,colemankathryn@example.org,Belarus,2024-07-26,Basic,605.71
826,John Reynolds,danielmcguire@example.net,Nauru,2022-03-12,Premium,11227.94
827,Bryan King,turneralex@example.org,Slovenia,2023-03-30,Standard,2398.63
828,Lance Matthews,jackbell@example.org,Cameroon,2020-09-07,Standard,327.82
829,Teresa Rush,michael89@example.org,Madagascar,2022-11-27,Basic,516.07
830,Annette Lane,ricejennifer@example.com,Chile,2022-07-03,Standard,2482.9
831,Kimberly Beltran,glasssamantha@example.net,Lebanon,2020-10-06,Standard,786.89
832,Kevin Gonzales,whitemichael@example.com,Jamaica,2022-04-26,Standard,1522.91
833,Darren Rodriguez,david18@example.org,Lithuania,2022-08-10,Standard,1633.3
834,Michele Hawkins,millertristan@example.com,Finland,2021-04-02,Standard,1441.27
835,Noah Mcdaniel,aperez@example.com,Timor-Leste,2020-06-12,Basic,192.07
836,Scott Jacobson,xcrosby@example.org,American Samoa,2023-11-26,Standard,679.96
837,Mrs. Ashley Kim DDS,wilsonralph@example.net,Nauru,2023-06-01,Basic,40.4
838,Natalie Stafford,calvinhester@example.com,Cook Islands,2022-05-16,Basic,183.47
839,Wanda Martinez,rhardy@example.net,Seychelles,2024-05-09,Standard,1514.13
840,Denise Clarke,qkelly@example.net,Zambia,2021-10-08,Standard,881.37
841,John Ramirez,qrodriguez@example.com,Luxembourg,2023-08-02,Premium,13237.01
842,Tommy Johnson,greertyrone@example.org,Christmas Island,2022-10-21,Basic,434.98
843,Michael Hernandez,wolfdonna@example.net,Seychelles,2020-04-16,Standard,279.74
844,John Carter MD,amy88@example.org,Zambia,2021-06-08,Standard,496.33
845,Wanda Beard,reyesleonard@example.com,Kenya,2024-04-15,Premium,10413.78
846,Andrew Hawkins,nicole27@example.com,Burkina Faso,2022-10-22,Basic,39.73
847,James Gallagher,rkeller@example.net,Montserrat,2021-12-27,Standard,1025.34
848,Justin Moore,myerstroy@example.com,Nicaragua,2020-12-04,Standard,1027.34
849,Pamela Mitchell,johnsonbrandon@example.com,Guernsey,2020-10-03,Premium,3454.67
850,Lauren Hubbard,oscar65@example.com,Isle of Man,2024-10-17,Basic,50.02
851,Matthew Wright,brittany14@example.org,Guadeloupe,2024-07-01,Premium,2449.41
852,Joshua Johnson,abradley@example.com,Angola,2021-10-06,Premium,2335.44
853,Leah Odom,uhudson@example.net,Bolivia,2021-02-27,Basic,245.11
854,Ariel Leonard,tyler52@example.net,French Southern Territories,2022-01-14,Basic,73.38
855,Jeffrey Crawford,pittmanamanda@example.com,Estonia,2021-04-04,Standard,1554.93
856,Zachary Morales,claudiarubio@example.net,Tanzania,2023-01-09,Standard,323.59
857,Leslie Nelson,wsimmons@example.org,Pakistan,2023-06-24,Basic,227.77
858,Kathy Evans,james64@example.net,Malaysia,2024-04-25,Basic,769.1
859,Phillip White,burtonzachary@example.org,Morocco,2023-12-14,Standard,1358.88
860,Mr. Rodney Hurley III,umichael@example.net,Bahamas,2024-08-28,Standard,762.84
861,Helen Hernandez,juliecannon@example.com,Isle of Man,2021-06-21,Basic,289.03
862,Ronald Brown,meghanadams@example.com,Oman,2024-03-05,Basic,130.84
863,Michael Young,daniellee@example.org,South Georgia and the South Sandwich Islands,2023-04-27,Basic,391.52
864,Julie Castro,chenderson@example.org,Cayman Islands,2022-10-04,Standard,2565.05
865,Allen Clarke,donna20@example.net,Libyan Arab Jamahiriya,2024-12-16,Premium,13204.02
866,Amy Mosley,carolyn16@example.com,Paraguay,2023-08-25,Basic,587.76
867,Ann Hahn,joelduncan@example.net,Venezuela,2021-06-18,Basic,400.14
868,Matthew Carpenter,tyler13@example.net,British Virgin Islands,2023-03-19,Basic,790.04
869,Emily Collier,vshaffer@example.org,Vietnam,2022-10-09,Premium,12808.37
870,Charles Thompson,scott49@example.org,Liechtenstein,2024-10-18,Standard,2348.43
871,Melissa Rodriguez,pwells@example.com,Turkmenistan,2021-04-04,Basic,207.8
872,Brianna Alvarez,lori09@example.org,Tajikistan,2022-11-21,Premium,13193.87
873,Rebecca Brown,johnnycruz@example.net,Reunion,2022-11-15,Basic,181.95
874,Robert Martinez,miaprice@example.com,Vanuatu,2020-01-20,Standard,1270.82
875,Dawn Davis,kennethvillarreal@example.org,United States Virgin Islands,2020-03-26,Basic,448.7
876,Evan Burnett,rmccormick@example.org,Swaziland,2022-12-06,Basic,140.65
877,Katherine Mclaughlin,jennifer12@example.net,Eritrea,2024-05-24,Standard,744.75
878,Heather Guzman,shawn00@example.net,Norway,2020-07-10,Standard,1111.26
879,Jeremy Davidson,moralescourtney@example.com,Morocco,2020-01-10,Standard,2108.12
880,Christopher Black,melaniejennings@example.com,Korea,2020-01-26,Standard,818.41
881,Nicholas Green,lauren31@example.com,Heard Island and McDonald Islands,2023-03-23,Standard,1071.21
882,Shawn Duffy,andrewjohnson@example.net,Oman,2021-10-04,Standard,1584.31
883,Crystal Davis,sgonzalez@example.org,Australia,2022-07-13,Basic,119.51
884,Jeffrey Green,rubiogeorge@example.net,British Indian Ocean Territory (Chagos Archipelago),2024-04-19,Standard,1088.11
885,Joseph Ayala,fwilcox@example.org,Czech Republic,2020-06-27,Premium,1141.36
886,Cheryl Atkins,keith76@example.org,Jersey,2023-06-18,Standard,2506.94
887,Lindsay Carney,jessica36@example.org,Ireland,2024-07-15,Standard,1862.15
888,Alyssa Cherry,christinesolomon@example.com,Myanmar,2024-10-23,Premium,14369.37
889,Judith Smith,monicamccann@example.com,Poland,2023-03-06,Premium,6517.96
890,James Henderson,charles80@example.org,Grenada,2022-01-24,Standard,408.12
891,Kaitlin Gomez,smithwilliam@example.com,Gabon,2022-11-02,Standard,809.06
892,Megan Anderson,carpenterjorge@example.net,Lithuania,2020-03-05,Basic,382.5
893,Sherry Anderson,jennifer62@example.com,Brazil,2022-07-22,Standard,730.97
894,William Porter,julie64@example.com,New Zealand,2022-07-16,Premium,9385.68
895,Tammy Black,ustafford@example.net,Liechtenstein,2021-05-15,Basic,260.97
896,Brittany Farrell,jbrown@example.org,Denmark,2020-11-27,Basic,156.57
897,John Martin,fgraham@example.org,Kenya,2021-05-10,Standard,1598.06
898,Michael Washington,urodriguez@example.org,British Virgin Islands,2023-06-26,Standard,2234.69
899,Dalton Mitchell,karencarson@example.net,Uganda,2020-10-04,Premium,6667.75
900,Christy Bolton,foxashley@example.com,Uruguay,2020-04-14,Standard,2904.18
901,Randy Rhodes,anthony16@example.com,Nauru,2020-06-15,Standard,1313.3
902,Ashley Morris,millermariah@example.net,Lesotho,2020-04-07,Standard,217.15
903,Tyler Wheeler,,Zambia,2022-02-05,Premium,7206.63
904,Travis Cooke,jasonwilliams@example.net,Finland,2020-09-24,Standard,556.79
905,Anthony Jones,qdavis@example.org,Dominican Republic,2024-03-18,Basic,738.19
906,Sharon Davis,frankchan@example.com,Oman,2022-08-05,Standard,681.18
907,Martha Martinez,vowen@example.com,United Kingdom,2023-12-07,Standard,2493.3
908,Bonnie Wade,william77@example.com,Lebanon,2020-07-14,Premium,7173.91
909,Kyle Davis,nshepherd@example.org,Jordan,2023-02-10,Standard,987.76
910,Anna Palmer,prhodes@example.net,Rwanda,2024-05-31,Standard,1919.84
911,Jon Soto,robertssamuel@example.com,French Southern Territories,2023-05-25,Basic,137.36
912,Carl Leach,alexandraphillips@example.org,Micronesia,2024-08-13,Basic,640.58
913,Andrew Rodriguez,dgutierrez@example.net,Saint Helena,2022-04-22,Basic,650.36
914,Dawn Scott,mackallen@example.net,Panama,2023-02-27,Basic,136.55
915,Richard Cameron,millernancy@example.com,Germany,2023-09-02,Basic,103.07
916,Jordan Santiago,matthew23@example.org,Belgium,2022-03-04,Basic,768.07
917,Lindsey Savage,hamiltonandrew@example.com,Brazil,2024-03-21,Premium,1449.51
918,Matthew Stevens,vmelton@example.net,Saint Kitts and Nevis,2020-04-24,Premium,13523.26
919,Mr. William Ward,fballard@example.org,Burkina Faso,2020-08-18,Standard,1831.36
920,Brian Smith,micheleclark@example.net,Cameroon,2021-07-03,Standard,933.68
921,,christophercarrillo@example.org,Lebanon,2021-08-19,Premium,3290.81
922,Bruce Barrera,emaynard@example.org,Tokelau,2023-03-31,Basic,367.1
923,David Phillips,awilliams@example.org,Norfolk Island,2021-10-08,Standard,1067.56
924,Jessica Perry,mmclaughlin@example.net,Micronesia,2022-09-01,Standard,829.93
925,Mrs. Jennifer Palmer DDS,dhall@example.net,Andorra,2021-08-24,Premium,10739.09
926,Ethan Brown,,Nigeria,2020-09-13,Standard,588.02
927,Hannah Terry,martinjessica@example.com,Guatemala,2022-04-05,Premium,5385.18
928,Jordan Matthews,sandra72@example.com,Saint Kitts and Nevis,2021-06-17,Basic,363.49
929,Toni Whitaker,laura29@example.org,Finland,2023-10-21,Standard,1341.04
930,Angelica Webb,jamesobrien@example.org,South Africa,2023-07-07,Basic,696.87
931,Xavier Torres,angelakidd@example.com,Turkmenistan,2022-08-15,Standard,2531.61
932,Michael Thompson,romanmatthew@example.org,Niger,2023-05-26,Standard,2177.43
933,Justin Tucker,kristen08@example.com,Ukraine,2022-03-25,Standard,2935.99
934,Michael Robertson,mccarthysara@example.com,South Georgia and the South Sandwich Islands,2020-09-28,Basic,629.27
935,Ryan Rodriguez,harringtonchelsea@example.org,Swaziland,2024-12-14,Basic,132.18
936,Katie Jackson,pittsrhonda@example.org,Saint Lucia,2022-11-12,Standard,600.77
937,Jeremy Hunter,mooremichael@example.org,British Virgin Islands,2024-09-08,Basic,332.96
938,Jessica Perry,sanchezlisa@example.com,France,2023-01-27,Premium,10299.96
939,Angela Watson,qward@example.org,Canada,2022-11-03,Basic,410.28
940,Kendra Cobb,lauriegutierrez@example.com,Ukraine,2021-11-11,Premium,3225.39
941,Samuel Norton,sherry72@example.org,Saint Barthelemy,2020-03-20,Standard,319.37
942,Terri Miller,richard26@example.org,India,2020-10-10,Basic,655.71
943,Mary May,levinetina@example.net,Turkey,2020-11-29,Premium,14233.55
944,Elizabeth Morales,jennifer55@example.org,Sweden,2022-10-11,Standard,2273.51
945,Joseph Knapp,ngriffin@example.net,Nigeria,2023-03-17,Standard,1576.27
946,Marissa Terry,trowe@example.org,Argentina,2023-11-05,Standard,2464.82
947,Jean Higgins,abigailfernandez@example.org,Bermuda,2021-11-25,Basic,577.39
948,Emily Peterson,andrewzamora@example.net,Nauru,2024-09-17,Basic,84.47
949,Ronnie Torres,hbenitez@example.net,Bahamas,2022-09-14,Basic,96.35
950,Debbie Romero,williamsdebra@example.org,Kiribati,2023-04-04,Standard,323.95
951,Norman Chavez,lindazhang@example.net,Rwanda,2021-10-16,Standard,2520.88
952,Lori Ferguson,michaelmitchell@example.net,Montserrat,2023-06-19,Standard,560.64
953,Michelle Stone,danielblack@example.org,Swaziland,2021-04-16,Standard,2670.92
954,Jordan Thomas,fpoole@example.org,Bahamas,2020-05-15,Premium,2417.04
955,Carlos Lewis,woodalicia@example.net,Monaco,2020-11-13,Basic,576.84
956,Jennifer Baker,cfields@example.net,Venezuela,2020-03-05,Basic,678.17
957,Monique Butler,drewmartinez@example.net,Kuwait,2021-04-06,Basic,431.94
958,Michael Boyer,bensonstanley@example.org,San Marino,2022-07-28,Standard,1076.9
959,Justin Dorsey,guzmanricky@example.org,Heard Island and McDonald Islands,2022-02-24,Standard,2290.17
960,Amanda Hernandez,kevin54@example.com,Libyan Arab Jamahiriya,2021-03-11,Standard,2562.92
961,Charles Bowers,twilliams@example.com,Cuba,2021-08-27,Standard,894.08
962,Patrick Smith,carlos06@example.com,Montserrat,2021-08-09,Standard,876.6
963,Jesse Morgan,ualvarez@example.net,Bulgaria,2023-09-02,Premium,4575.59
964,Kathy Murray,jcontreras@example.net,Greece,2020-04-02,Premium,871.94
965,Mario Hanson,zhall@example.com,Mauritius,2022-02-04,Basic,204.74
966,Michael Ramos,debbie20@example.net,Norfolk Island,2023-12-11,Standard,2101.45
967,Michelle Hoffman,schneiderchristopher@example.net,Mauritius,2022-04-27,Basic,669.97
968,Amy Hudson,karenshaw@example.org,British Indian Ocean Territory (Chagos Archipelago),2022-09-19,Premium,14425.49
969,Kim Rivers,kristin39@example.com,Belize,2023-11-25,Standard,356.19
970,Lisa Morales,henrysarah@example.com,Jordan,2021-11-02,Standard,2273.97
971,Alexander Rice,hscott@example.org,Mauritius,2021-10-09,Standard,746.59
972,Charles Scott,moorestephanie@example.net,Chile,2020-02-08,Premium,1272.13
973,Tyrone White,evanscorey@example.org,Isle of Man,2020-04-24,Premium,576.81
974,Deanna David,williamsjohn@example.net,Namibia,2024-06-28,Basic,394.19
975,Jordan Gordon,adamslucas@example.net,Ireland,2023-05-28,Standard,1992.96
976,Allen Schultz,adamstabitha@example.net,Bolivia,2022-02-13,Standard,940.26
977,Justin Glover,ashley71@example.net,Macao,2023-05-30,Standard,2229.6
978,Walter Brooks,kimberlymedina@example.com,United States Minor Outlying Islands,2024-05-15,Standard,1353.65
979,Amanda Hess,denise20@example.org,Venezuela,2023-10-31,Standard,2466.08
980,Denise King,okidd@example.org,Myanmar,2021-10-16,Premium,11477.37
981,Diana Martin,turnerrandall@example.org,Switzerland,2021-07-30,Basic,273.1
982,Justin Ramirez,gclark@example.com,Turks and Caicos Islands,2021-12-29,Basic,31.11
983,Grace Green,qnelson@example.com,Guam,2020-01-22,Basic,43.13
984,Tyler Murphy,not-an-email,Albania,2020-05-29,Standard,170.8
985,Megan Gutierrez,ifarmer@example.org,Solomon Islands,2023-10-13,Premium,12928.56
986,Marilyn Ryan,wchambers@example.com,Sweden,2020-10-06,Basic,638.53
987,Jasmine Combs,martinezmitchell@example.org,Kenya,2023-11-16,Standard,1909.02
988,Patrick Chang,james94@example.net,Cyprus,2024-03-24,Premium,9548.91
989,Johnny Cox,trevor93@example.org,Congo,2021-11-27,Standard,2127
990,Miss Ashley Ramirez,mjackson@example.net,Saint Vincent and the Grenadines,2020-08-14,Basic,224.02
991,Melanie Cunningham,chapmanjulie@example.org,Eritrea,2023-11-09,Standard,2868.7
992,Savannah Ibarra,james08@example.net,El Salvador,2022-08-06,Basic,696.49
993,Sonya Smith,pdavidson@example.org,Timor-Leste,2022-05-17,Basic,589.32
994,Jessica Carney,david87@example.com,Guyana,2021-03-02,Standard,401.86
995,Amanda Griffith,ramirezrobert@example.com,Germany,2023-06-04,Basic,22.54
996,Cory Miller,mooneyjeremiah@example.net,Jamaica,2020-02-18,Standard,593.71
997,Sylvia Gonzalez,lance10@example.com,Jersey,2022-01-01,Standard,1153.59
998,Leslie Sims,mary31@example.com,Dominican Republic,2023-06-23,Premium,731.17
999,Sandra Underwood,sherryparsons@example.net,Kazakhstan,2022-05-11,Basic,426.7
1000,Lori Riley,villegassabrina@example.com,Germany,2024-12-10,Standard,1242.25
1001,Melissa Patton,ellisonscott@example.com,New Zealand,2023-11-03,Premium,8039.58
1002,Andrea Byrd,phillipspatrick@example.org,Niger,2022-08-05,Standard,1463.69
1003,Crystal Greene,chavezsteven@example.com,Turkmenistan,2023-12-25,Premium,13341.59
1004,Ashley Curtis,gibsonmark@example.org,Botswana,2023-01-24,Premium,4874.85
1005,Kurt Jones,rebeccamartinez@example.net,Equatorial Guinea,2021-07-04,Standard,110.57
1006,John Oliver,johnrobles@example.org,Brunei Darussalam,2022-06-08,Standard,2593.46
1007,Jeffrey Moyer,larry82@example.org,Latvia,2023-01-03,Basic,217.04
1008,Grant Wood,holmesdiane@example.org,Azerbaijan,2021-07-12,Standard,2992.86
1009,Robert Hansen,hendersonjames@example.org,Northern Mariana Islands,2024-08-14,Basic,98.43
1010,Rachel Peterson,dneal@example.net,Puerto Rico,2022-12-03,Standard,870.02
1011,Kenneth Mccarty,robert21@example.com,Turkey,2023-05-30,Standard,2959.57
1012,Amanda Robinson,fowlerheather@example.com,Nigeria,2021-10-07,Standard,1348.8
1013,John Tate,lindsay63@example.com,Colombia,2022-01-29,Standard,1752.22
1014,Adriana Smith,anthony12@example.com,Kazakhstan,2021-02-24,Basic,323.81
1015,Kevin Cannon,hesterjames@example.com,China,2023-03-24,Standard,2596.67
1016,Dennis Thompson,gregorysmith@example.com,United States Minor Outlying Islands,2020-04-10,Premium,727.47
1017,Ronald Taylor,morganjason@example.com,Dominican Republic,2022-08-04,Standard,2396.39
1018,Jaime Jackson,ejohns@example.org,Cambodia,2024-06-29,Basic,60.66
1019,Bianca Lopez,ubenson@example.net,Japan,2021-02-24,Premium,11678.65
1020,Dana Williams,melissaphillips@example.org,Greece,2023-08-15,Standard,1846.69
1021,Mark Ramirez,melissaschmitt@example.com,Cote d'Ivoire,2022-08-16,Basic,39.75
1022,Rachel Gibbs,jacksonpaul@example.net,Sao Tome and Principe,2022-11-21,Basic,47.6
1023,Kathleen Marshall,jennifer87@example.net,Zimbabwe,2023-12-25,Basic,84.45
1024,Derrick Morales DVM,clarkpatricia@example.com,Tokelau,2023-08-21,Standard,801.35
1025,Daniel Coleman,xduncan@example.com,Mexico,2022-08-06,Standard,576.07
1026,Paul Phillips,jerry07@example.net,Nigeria,2022-06-30,Standard,2390.53
1027,Jerry Reynolds,linda54@example.com,Anguilla,2023-03-15,Basic,673.71
1028,David Brewer,rachel48@example.net,Mayotte,2024-01-15,Standard,243.75
1029,Rachel House,wilsonmichael@example.net,Cook Islands,2021-09-03,Basic,677.53
1030,Michael Wright,james92@example.net,Saint Vincent and the Grenadines,2022-02-20,Standard,1153.34
1031,Debbie Carrillo,lynn66@example.net,Saudi Arabia,2023-12-10,Standard,1808.81
1032,Kaitlyn Hunt,michelleperez@example.net,San Marino,2023-06-25,Basic,277.77
1033,David Matthews,dsharp@example.com,Somalia,2021-12-31,Standard,1992.95
1034,Ryan Patterson,cclark@example.net,Antarctica (the territory South of 60 deg S),2021-05-19,Basic,106.9
1035,Kenneth Anderson,porterdonna@example.com,Guadeloupe,2020-03-05,Standard,1771.69
1036,Jeffery Goodwin,mark09@example.org,Uzbekistan,2024-04-20,Standard,423.36
1037,William Gamble,nbaird@example.com,Bahrain,2024-09-08,Standard,1350.23
1038,Chelsea Rodriguez,tfowler@example.org,Chile,2023-07-09,Standard,691.84
1039,Juan Johnson,ocampbell@example.com,Palestinian Territory,2021-07-06,Standard,2186.98
1040,Jordan Wood,jacksonmichele@example.com,India,2024-10-21,Premium,9098.41
1041,Brian Herrera,ypaul@example.org,Bulgaria,2021-06-27,Premium,8386.11
1042,Emily Meyers,kmoore@example.com,Namibia,2024-03-30,Standard,1380.26
1043,Mitchell Stevens,adrianthomas@example.org,Sweden,2022-02-27,Standard,544.83
1044,Robert Fox,kstevens@example.org,Saint Pierre and Miquelon,2020-12-12,Standard,1352.71
1045,Matthew Ellison,not-an-email,Swaziland,2023-08-27,Premium,11133.03
1046,Casey Wright,qellis@example.org,Qatar,2022-04-13,Standard,1382.05
1047,Jennifer Bautista,nicolemoore@example.net,Mauritania,2023-10-02,Premium,12571.52
1048,Thomas Wolfe,reginajenkins@example.net,British Virgin Islands,2022-12-19,Basic,794.67
1049,Angela Garcia PhD,robert24@example.org,Madagascar,2023-07-15,Basic,721.56
1050,Alexander Fowler,vjames@example.com,Togo,2021-08-12,Standard,2437.55
1051,Andrew King,markgoodman@example.com,Kyrgyz Republic,2024-02-28,Standard,1069.06
1052,Joshua Allen,rtaylor@example.org,Chile,2020-05-04,Premium,3676.12
1053,Lisa Thompson,nicholspeter@example.org,Paraguay,2020-03-02,Standard,1710.37
1054,Megan Hernandez,gregory08@example.org,Kenya,2023-04-28,Premium,7675.34
1055,Sara Cain,myerskyle@example.org,Netherlands Antilles,2024-10-27,Standard,1066.6
1056,Raymond Wang,nicholasallen@example.org,Andorra,2023-10-27,Standard,1209.98
1057,William Rogers,erinbrown@example.org,South Georgia and the South Sandwich Islands,2024-09-05,Basic,777.77
1058,Mary Ramsey,perrydaniel@example.com,Gibraltar,2024-04-30,Standard,2351.44
1059,Chelsey Clark,hmcmillan@example.org,Croatia,2022-11-23,Standard,426.69
1060,Frank Smith,alexander37@example.org,Bahrain,2021-01-31,Basic,167.36
1061,Diana Hanson,jonesjeffery@example.com,Seychelles,2023-12-06,Basic,189.36
1062,Victoria Garcia,johnathandavis@example.com,Norfolk Island,2022-02-11,Standard,2713.02
1063,Megan Compton,martinreid@example.net,Ghana,2023-11-06,Standard,1308.51
1064,Mary Jones,franklinbrenda@example.com,Malawi,2023-05-10,Standard,894.05
1065,Crystal Matthews,hallchristina@example.org,Georgia,2024-09-18,Standard,1480.55
1066,Jeffrey Sanchez,brownnicholas@example.com,Cook Islands,2021-11-26,Basic,571.06
1067,Dan Johnson,vstevenson@example.org,Fiji,2023-11-01,Standard,2561.62
1068,Richard Williams,swong@example.org,Denmark,2020-06-12,Standard,469.92
1069,Erin Allen,knoxelizabeth@example.org,Spain,2024-07-09,Premium,14907.05
1070,Michelle Franklin,lboyd@example.com,Norfolk Island,2021-04-24,Standard,651.61
1071,Sergio Jones,brettbraun@example.org,Brunei Darussalam,2023-12-11,Basic,510.72
1072,Kevin Guerra,joelmiller@example.net,Lao People's Democratic Republic,2020-07-03,Standard,1240.07
1073,Nathan Sanchez,catherineturner@example.net,Kiribati,2023-12-27,Standard,110.85
1074,Christina Huffman,xmiller@example.com,Honduras,2020-06-16,Basic,63.33
1075,Jeremy Wagner,ywolf@example.com,Angola,2021-05-28,Basic,184.71
1076,Jessica Miller,brooke28@example.net,China,2022-08-13,Standard,2354.9
1077,John Chavez,ehart@example.org,Grenada,2020-05-27,Standard,520.02
1078,John Moore,adamhensley@example.net,Saint Kitts and Nevis,2024-04-15,Standard,1077.36
1079,Jared Perry,xwaller@example.com,Liechtenstein,2021-08-18,Standard,931.41
1080,William Jones,riddledavid@example.net,Central African Republic,2020-09-24,Standard,793.69
1081,Jeffrey Scott,william75@example.net,Azerbaijan,2024-06-24,Standard,1101.89
1082,Tammy Fitzgerald,timdorsey@example.com,Norfolk Island,2023-12-08,Basic,396.45
1083,Alyssa Wade,josegibson@example.net,Cameroon,2024-09-15,Basic,657.81
1084,Lance Lynn,alexanderwise@example.net,Rwanda,2023-05-16,Basic,240.97
1085,Jennifer Willis,stonejacob@example.com,Chad,2022-03-07,Basic,782.76
1086,Dawn Turner,uwillis@example.com,Sao Tome and Principe,2021-01-17,Basic,256.12
1087,Monica Davis,lisa43@example.net,Indonesia,2021-11-08,Basic,542.27
1088,Abigail Jackson,esmith@example.net,Israel,2023-05-11,Basic,411.22
1089,Mary Quinn,gregorylopez@example.org,Congo,2021-01-20,Standard,510.23
1090,Mr. Brian Bradley,jacobbrown@example.org,Sudan,2021-02-21,Standard,1512.35
1091,Deanna Barrera,nalexander@example.org,Trinidad and Tobago,2023-09-06,Standard,2342.76
1092,Angela Miller,hillmatthew@example.net,Dominica,2022-07-22,Standard,2158.52
1093,Michael Garcia,adamsstephanie@example.net,Myanmar,2021-01-04,Standard,2915.5
1094,Amanda Clark,bennettabigail@example.com,Venezuela,2024-07-24,Standard,2210.77
1095,Dr. Larry Rogers,yvonne35@example.net,Iran,2022-07-06,Standard,1274.84
1096,Anthony Kelly,linda07@example.net,Iran,2020-05-19,Standard,1865.53
1097,Stacy Taylor,meltonjoshua@example.net,Sao Tome and Principe,2020-09-09,Standard,626.19
1098,Isabella Montgomery,qrobertson@example.org,Afghanistan,2022-12-14,Basic,466.36
1099,Dr. Robin Smith,morgan57@example.org,New Caledonia,2021-12-30,Basic,271.14
1100,Dr. Robert Bailey,shatfield@example.org,Saint Martin,2021-09-30,Premium,12593.1
1101,Lawrence Joseph,andersonlaura@example.com,Syrian Arab Republic,2022-11-21,Premium,8147.24
1102,Kimberly Baxter,peggyfriedman@example.com,Panama,2022-02-09,Standard,1732.33
1103,Dana Jackson,garciavictoria@example.org,Central African Republic,2021-01-29,Basic,170.5
1104,Erin Reyes,jeffrey47@example.net,British Virgin Islands,2022-10-25,Basic,479.56
1105,Tammy Schultz,sdavis@example.com,Tunisia,2024-06-03,Premium,9997.79
1106,Kenneth Bradshaw,schneidernicholas@example.net,Samoa,2021-09-03,Basic,116.56
1107,Jane May,ostokes@example.com,Brazil,2021-12-23,Premium,11694.63
1108,Brian Peterson,juliewilson@example.com,Brunei Darussalam,2024-12-21,Standard,1310.03
1109,Tiffany Ray,collinsbrittany@example.org,Tanzania,2020-04-03,Basic,310.24
1110,Jeff Wise,aprilguzman@example.org,Botswana,2021-07-04,Premium,10957.52
1111,Joshua Murray,lisaphillips@example.org,Luxembourg,2023-10-18,Premium,10680.34
1112,Brittany Campbell,georgekyle@example.net,British Virgin Islands,2023-04-12,Standard,2678.1
1113,Ryan Berry,troypadilla@example.com,Bahamas,2021-08-15,Standard,2041.61
1114,Mrs. Samantha Clark,isabellawilliams@example.org,Togo,2022-04-13,Basic,353.21
1115,Mr. William Hopkins,vickiekelley@example.com,Jamaica,2020-10-29,Basic,379.86
1116,Wanda Todd,ujones@example.com,Finland,2023-03-11,Premium,11761.62
1117,Chloe Chase,hornjenna@example.com,Palau,2022-05-20,Premium,3627.81
1118,Chad Dominguez,phyllis33@example.net,Congo,2020-01-10,Basic,237.15
1119,Alexa Barber,gregoryvanessa@example.org,Honduras,2020-10-31,Standard,1570.43
1120,Jessica Skinner,davisterri@example.org,Western Sahara,2024-09-23,Basic,291.48
1121,William Santos,obooker@example.net,Iraq,2024-09-08,Standard,1410.28
1122,Bryan Sanders,hailey26@example.net,South Africa,2022-01-08,Premium,13083.54
1123,Ann Ford,phill@example.com,Heard Island and McDonald Islands,2024-04-27,Basic,675.33
1124,Bruce Martinez,andrewberry@example.net,Lesotho,2024-10-24,Premium,12704.02
1125,Patrick Bauer,patrickcooke@example.net,Jordan,2024-10-26,Standard,879.17
1126,Calvin Nguyen,richardhaynes@example.com,Moldova,2020-12-29,Standard,1828.54
1127,Rachel Moreno,stonebrenda@example.net,Svalbard & Jan Mayen Islands,2022-01-23,Standard,687.85
1128,Becky Mullins,whitecarol@example.org,Albania,2023-04-13,Standard,2264.22
1129,Rebecca Martinez,baileydelgado@example.org,Monaco,2020-11-27,Standard,862.73
1130,Paul Miller,huntermichael@example.net,Chile,2020-12-31,Basic,245.44
1131,Tony Smith,brandon84@example.net,Martinique,2022-08-12,Basic,585.67
1132,Kenneth Neal,catherine83@example.net,Bolivia,2024-03-25,Standard,1638.99
1133,Amanda Johnson,kevinwall@example.org,Netherlands,2022-01-16,Premium,12287.46
1134,Leslie Ramirez,qjones@example.com,Hong Kong,2024-02-06,Basic,311.87
1135,Carla Bryant,erica28@example.org,Barbados,2023-03-03,Basic,164.99
1136,Debra Schultz,jenniferelliott@example.net,Swaziland,2023-11-28,Standard,1559.36
1137,Carly Underwood,victoria66@example.org,Netherlands,2020-03-17,Standard,1337.7
1138,Devin Schmidt,ojones@example.org,Guyana,2020-08-04,Standard,1609.06
1139,Paula Thomas,joshuagarcia@example.org,Honduras,2022-12-31,Premium,7207.89
1140,Rachel Martinez,brianna71@example.net,Guernsey,2020-05-26,Standard,1989.84
1141,Sharon Arnold,mosleygeorge@example.com,Cocos (Keeling) Islands,2020-06-07,Standard,257.63
1142,Patrick Faulkner,iwoods@example.com,Algeria,2023-01-26,Basic,76.27
1143,Michelle Sandoval,nicholasmoss@example.org,Uruguay,2023-02-11,Basic,674.15
1144,Vanessa Zimmerman,erikabarnes@example.com,Cocos (Keeling) Islands,2021-10-03,Basic,695.8
1145,Hector Harrison,joshua68@example.net,Turkmenistan,2024-01-31,Standard,2184.79
1146,Crystal Reid,mezarichard@example.com,Tanzania,2021-07-19,Standard,1774.43
1147,Bobby Blair,martinbrian@example.net,France,2022-08-26,Basic,75.72
1148,Katherine Baxter,urhodes@example.org,Lesotho,2024-12-01,Basic,438.3
1149,Mr. Michael Patel Jr.,jensenrhonda@example.net,Albania,2022-10-03,Standard,992.24
1150,Michele Brady,virginiaguerrero@example.net,Poland,2022-12-18,Basic,37.56
1151,Lisa Oconnell,gregoryrichardson@example.org,Malaysia,2023-10-06,Premium,7077.46
1152,Anthony Simpson,nathanielwilson@example.net,Egypt,2020-04-05,Basic,553.98
1153,Sarah Hodge,kevin44@example.org,Afghanistan,2022-05-18,Premium,3124.06
1154,Laura Robinson,sarah80@example.com,Uganda,2023-07-03,Premium,12940.6
1155,Katherine Kelly,wmurphy@example.org,Albania,2024-02-07,Standard,2896.67
1156,Nathan Morales,garciatravis@example.org,Marshall Islands,2021-11-20,Premium,2213.31
1157,Brittany Martinez,xsmith@example.net,El Salvador,2021-02-14,Premium,13670.9
1158,James Evans,imcclain@example.com,Botswana,2024-03-08,Premium,12428.8
1159,Mary Gonzales MD,tsmith@example.org,Bouvet Island (Bouvetoya),2020-07-23,Standard,1147.8
1160,Andrew Foster,rachel23@example.com,Papua New Guinea,2024-01-17,Basic,570.67
1161,Mrs. Katherine Simpson,markduran@example.com,Macao,2020-05-05,Premium,6654.95
1162,Natalie Petersen,danielrodriguez@example.org,Brunei Darussalam,2022-11-24,Standard,2980.02
1163,Jonathan Saunders,brettgallegos@example.com,Nepal,2022-01-04,Basic,330.52
1164,Jessica Roberts,bmiller@example.org,Niger,2021-06-14,Premium,13591.49
1165,Jorge Wright,linvirginia@example.org,Papua New Guinea,2024-12-16,Premium,2713.88
1166,Christina Mccarthy,hayneswayne@example.org,Comoros,2021-06-12,Basic,248
1167,Leslie Walters MD,richardhill@example.org,Vanuatu,2023-02-12,Basic,687.88
1168,Alan Gonzalez,jamesalicia@example.net,North Macedonia,2023-10-19,Standard,431.89
1169,Courtney Simmons,hicksdawn@example.com,Bouvet Island (Bouvetoya),2023-08-17,Basic,453.83
1170,Douglas Bell,dwright@example.org,Armenia,2023-02-09,Premium,10197.57
1171,Matthew Morris,thomas91@example.com,Colombia,2023-10-24,Standard,2882.46
1172,John Cook,davisalexander@example.net,Sierra Leone,2023-05-11,Basic,277.22
1173,Erin Figueroa,julia98@example.net,Holy See (Vatican City State),2021-05-22,Standard,1785.55
1174,Donald Silva,eatondavid@example.net,Netherlands,2021-07-01,Basic,343.53
1175,Kevin Barr,jamesgriffin@example.org,Belarus,2024-08-12,Standard,300.9
1176,Lisa Turner,mmayo@example.net,Saint Helena,2022-05-15,Basic,118.59
1177,Carl Barnes,patricia85@example.com,Kiribati,2020-10-27,Standard,298.05
1178,Autumn Graham,gbarnes@example.org,Chad,2024-09-04,Standard,1811.42
1179,Melissa Anderson,sosabruce@example.net,Comoros,2020-01-19,Standard,134.4
1180,Jennifer Cohen,martinkaren@example.com,Monaco,2023-10-10,Standard,745.97
1181,Jennifer Nelson,adamarmstrong@example.net,Qatar,2023-09-03,Basic,405.45
1182,Timothy Hunt,kevin34@example.net,Ethiopia,2021-11-19,Premium,5453.13
1183,Carolyn Williams,kellybowman@example.com,Vanuatu,2024-05-23,Premium,3782.76
1184,Shane Williams,veronicaclark@example.org,Afghanistan,2023-03-31,Premium,869.5
1185,Mackenzie Compton,christopher84@example.net,Burkina Faso,2024-06-04,Premium,5509.92
1186,Logan Nguyen,garrettalex@example.com,Cyprus,2020-01-03,Basic,289.33
1187,Diana Scott,medinatiffany@example.net,Botswana,2020-02-17,Standard,229.86
1188,Melissa Bautista,molly98@example.org,Svalbard & Jan Mayen Islands,2024-09-29,Basic,424.05
1189,Frederick Harris,omoore@example.net,Saint Kitts and Nevis,2024-10-13,Premium,10639.49
1190,Charles Mendoza,lwhite@example.org,Comoros,2022-11-21,Standard,1952.33
1191,Terri White,andrew22@example.com,Poland,2021-10-02,Standard,1932.39
1192,Andrea Jones,spencerbrewer@example.com,Bolivia,2020-01-15,Standard,1034.93
1193,Breanna Christensen,morrisonnicholas@example.org,Bouvet Island (Bouvetoya),2020-05-30,Basic,150.69
1194,Pamela Newman,andersonkayla@example.com,Cambodia,2023-11-13,Basic,572.96
1195,Linda Sparks,rosariodaniel@example.net,Svalbard & Jan Mayen Islands,2024-12-23,Basic,521.83
1196,Michael Harris,cmalone@example.org,Gambia,2023-02-16,Premium,3051.24
1197,Christopher Brown,courtney10@example.org,Bosnia and Herzegovina,2020-04-13,Standard,2237.24
1198,Ashley Tanner,othomas@example.org,Denmark,2023-05-07,Standard,1519.29
1199,Charles Rios,sandracohen@example.net,Turks and Caicos Islands,2020-07-24,Standard,583.01
1200,Stephanie Vasquez,walkerstephanie@example.com,Guinea-Bissau,2021-09-13,Basic,231.97
1201,Gene Ward,huangcassandra@example.org,Japan,2022-06-15,Standard,1287.26
1202,Linda Shelton,patriciamcdaniel@example.net,Svalbard & Jan Mayen Islands,2023-10-27,Standard,2137.87
1203,Shawn Nelson,qstanley@example.net,South Georgia and the South Sandwich Islands,2024-08-11,Basic,539.34
1204,Aaron Fitzpatrick,kimberlythomas@example.org,Iceland,2023-09-14,Basic,538.83
1205,Robert Bray,wilsonronald@example.net,Fiji,2023-07-19,Premium,8017.12
1206,Frank Anderson,fgomez@example.com,Liberia,2023-01-20,Premium,3368.34
1207,Jennifer Leon,devon36@example.com,Mexico,2023-12-09,Standard,2896.37
1208,Joseph Patel PhD,tmiller@example.com,Malta,2024-03-19,Standard,1452.8
1209,Melissa Goodman,youngaaron@example.org,Guyana,2024-06-03,Standard,2994.18
1210,Tina Mccall,pruittmichael@example.org,French Polynesia,2024-09-01,Standard,1509.97
1211,Russell Arnold,osanchez@example.org,San Marino,2024-09-09,Basic,515.03
1212,Victor Padilla,squinn@example.com,Holy See (Vatican City State),2023-08-16,Basic,189.81
1213,Brian Perkins,kmonroe@example.org,Cameroon,2024-07-23,Standard,1414.73
1214,Bob Jones,lhernandez@example.com,Samoa,2020-03-27,Standard,2382.89
1215,Joseph Rush,vjenkins@example.com,Slovenia,2020-03-29,Standard,2374.87
1216,Alexis Rodriguez,ibarraantonio@example.org,Macao,2021-08-17,Standard,1998.92
1217,James Henderson,qspencer@example.net,Macao,2020-05-11,Standard,928.65
1218,Darren Huynh,teresa86@example.org,Samoa,2023-06-24,Standard,1463.14
1219,Manuel Robinson,lynndaugherty@example.net,Tajikistan,2023-05-04,Standard,815.08
1220,Michael Woods,kwilcox@example.org,Spain,2020-11-27,Premium,1802.83
1221,Jeff Nelson,millercarrie@example.com,Antarctica (the territory South of 60 deg S),2020-03-22,Premium,3552.45
1222,Christopher Rodriguez,carlaavila@example.com,Comoros,2020-08-19,Standard,1782.68
1223,Margaret Johnson,christopher99@example.org,Mongolia,2020-06-10,Basic,213.55
1224,Mrs. Amber Davis,alan54@example.com,Macao,2022-03-17,Standard,2597.23
1225,Paul Swanson,jacquelinedavis@example.com,Ukraine,2024-06-02,Premium,13885.09
1226,Ashlee Aguirre,andrewflynn@example.com,Namibia,2022-08-17,Basic,507.97
1227,Amanda Martin,omiller@example.org,Zambia,2023-11-13,Standard,2749.08
1228,Stacey Aguirre,kaylamartin@example.net,Maldives,2020-01-29,Standard,2586.64
1229,Lisa Mills PhD,vfloyd@example.com,Guyana,2024-09-02,Basic,427.82
1230,Teresa Williams,nallen@example.net,Belarus,2023-03-06,Premium,7067.43
1231,Latasha Gamble,ballarddouglas@example.com,Mexico,2022-08-12,Standard,2330.74
1232,Rebecca Jacobson,udavis@example.org,Vietnam,2022-05-30,Standard,1588.11
1233,Barry Ray,christopher27@example.com,Lebanon,2021-01-28,Premium,1343.57
1234,Pamela Ramos,shelbybonilla@example.com,Armenia,2020-11-17,Standard,465.94
1235,Dustin Ortiz,scotthunt@example.net,Zambia,2021-08-19,Standard,1166.43
1236,Bradley Gutierrez,rbaker@example.org,Niger,2021-04-04,Premium,13440.03
1237,Amy Gibbs,mooredaniel@example.com,Cayman Islands,2020-12-10,Standard,1026.84
1238,Sarah Walker,wcaldwell@example.com,Lao People's Democratic Republic,2021-03-12,Standard,746.74
1239,Stephanie Marshall,whitedaniel@example.com,Seychelles,2022-01-05,Premium,9447.76
1240,James Brown,wendy73@example.net,Saint Vincent and the Grenadines,2022-09-24,Premium,8215.85
1241,Donald Johnson,stacythomas@example.org,Ghana,2022-04-14,Basic,796.3
1242,Victoria Schroeder,mayermichael@example.com,Lebanon,2024-10-05,Standard,2528.45
1243,Daniel Johnson,onelson@example.org,Belize,2024-06-29,Standard,1161.55
1244,Donald Miller,hsavage@example.org,Paraguay,2024-01-11,Premium,8906.86
1245,Cathy Brown,wpeterson@example.com,Chad,2024-02-28,Standard,2374.63
1246,Tom Olson,tammykim@example.net,Montserrat,2021-10-04,Standard,598.31
1247,Adam Logan,christiancontreras@example.net,Cameroon,2024-04-27,Standard,212.21
1248,William Mcmillan,alexis72@example.com,Tonga,2021-01-30,Standard,1865.93
1249,Ricky Craig,abigail07@example.org,North Macedonia,2022-09-19,Basic,2.69
1250,Wayne Davis,julielopez@example.net,Mayotte,2023-06-11,Basic,408.63
1251,Lindsay Robinson,stephaniebonilla@example.net,Zimbabwe,2022-07-18,Premium,11989.52
1252,Robert Smith,wayne17@example.net,Korea,2021-11-19,Premium,1063.92
1253,Guy Clayton,wmills@example.com,Brazil,2020-11-27,Premium,9493.03
1254,Judy Brooks,amyjames@example.net,Portugal,2020-03-29,Standard,1815.75
1255,Madison Park,cowanlinda@example.org,Benin,2024-01-16,Premium,9087.87
1256,Lisa Jenkins,nbrady@example.net,Bolivia,2024-02-27,Basic,759.5
1257,Kathy Shaffer,melissa33@example.com,Micronesia,2023-10-23,Basic,318.34
1258,Craig Harrison,belllaura@example.com,Isle of Man,2021-07-28,Basic,782.14
1259,Maria Mueller,xsmith@example.org,Madagascar,2024-01-17,Standard,2408.12
1260,Shawn Baker,anunez@example.com,Antigua and Barbuda,2020-07-15,Basic,9.25
1261,Christian Brooks,matthew96@example.org,Moldova,2021-04-16,Premium,2724.33
1262,Cheryl Newman,solisbecky@example.org,Wallis and Futuna,2022-06-07,Standard,1836.7
1263,Vanessa Thompson,zachary63@example.org,Russian Federation,2022-09-21,Standard,195.82
1264,Kathy Welch,ocameron@example.com,Taiwan,2023-12-29,Basic,131.02
1265,Tiffany Harris,johnsonalexander@example.net,Cape Verde,2021-10-20,Standard,841.82
1266,Michael Knapp,armstronganthony@example.net,Bulgaria,2021-09-17,Basic,306.58
1267,Miss Paula Lopez,kennethnichols@example.org,Saint Kitts and Nevis,2024-01-29,Premium,1967.49
1268,Rachel Townsend,hillsavannah@example.net,Angola,2024-10-05,Basic,338.63
1269,Lauren Garcia,hho@example.org,Cambodia,2021-09-10,Standard,912.99
1270,Steven Davis,nkirk@example.com,Bolivia,2022-04-15,Standard,907.67
1271,Alex Jones DVM,clarkrobert@example.com,North Macedonia,2022-04-17,Basic,494.28
1272,Rhonda White,bergerdonna@example.net,New Caledonia,2023-07-29,Standard,2457.21
1273,Autumn Cooper,timothy99@example.net,Albania,2020-02-22,Standard,1859.46
1274,Patrick House,catherineherrera@example.net,Malaysia,2022-01-10,Standard,2691.41
1275,Cindy Diaz,anthonytaylor@example.org,Saint Lucia,2020-11-16,Premium,13840.34
1276,Beth Hill,stephaniebailey@example.net,Pakistan,2024-04-04,Standard,880.03
1277,Patrick Simpson,qnielsen@example.org,Congo,2021-10-03,Premium,12337.65
1278,Stacy Campbell,ygarcia@example.net,Georgia,2024-12-05,Premium,12024.71
1279,Daniel Bowen,bandrade@example.net,San Marino,2023-02-19,Basic,786.61
1280,Fernando Rodriguez,kpatterson@example.com,Holy See (Vatican City State),2023-05-04,Standard,1380.53
1281,Sabrina Cole,rubiojohnny@example.com,French Polynesia,2023-04-08,Standard,2126.55
1282,Sherry Clements,raymond12@example.com,Japan,2023-09-16,Standard,2223.06
1283,Heather Jones,nathan51@example.org,Ghana,2024-10-04,Standard,653.19
1284,Michelle Lewis,rachel81@example.com,Finland,2023-10-04,Standard,1112.25
1285,Kelsey Garcia,jennifer19@example.net,Italy,2023-12-28,Basic,598.4
1286,Jessica Li,jameslang@example.com,Aruba,2021-12-17,Basic,573
1287,Jennifer Martinez MD,brittany39@example.org,Finland,2020-05-24,Standard,2386.71
1288,Richard Johnston,buckjustin@example.com,Argentina,2024-03-02,Standard,1828.5
1289,Tamara Williams,jonescody@example.com,Saint Kitts and Nevis,2022-12-10,Standard,1942.82
1290,Evan Reed,hawkinslawrence@example.net,Australia,2020-09-12,Standard,2672.47
1291,Michael Gibson,cameronsharon@example.org,Antarctica (the territory South of 60 deg S),2021-12-03,Standard,2697.32
1292,Roger Taylor,michelle63@example.org,Benin,2023-03-21,Standard,2997.25
1293,Steven Wood,villamiranda@example.com,Turks and Caicos Islands,2022-06-07,Standard,2197.54
1294,Ashley Valentine,bakerhailey@example.com,Faroe Islands,2021-10-18,Standard,1665.88
1295,Tammy Silva,martinezmichelle@example.net,Tuvalu,2023-03-22,Standard,795.61
1296,Stephanie Walsh,boydjohn@example.com,Panama,2022-04-11,Standard,813.15
1297,Douglas Barton MD,bakerkenneth@example.org,Guinea,2021-07-02,Premium,9656.51
1298,Shelley Keller,heatherjones@example.com,Bahamas,2020-12-03,Premium,2559.77
1299,Michael Mcdonald,glopez@example.com,Cote d'Ivoire,2024-01-03,Basic,418.67
1300,Pam Palmer,kathleen47@example.net,Cape Verde,2022-02-27,Standard,1370.88
1301,Ashley Anderson,paul79@example.net,Cook Islands,2023-10-12,Standard,1385.19
1302,Chelsea Ramirez,ginalynn@example.net,Oman,2024-04-10,Standard,340.21
1303,Joel Rodriguez,allenpatricia@example.org,Ethiopia,2022-03-19,Basic,675.99
1304,Matthew Chavez,david81@example.com,Jersey,2024-12-17,Standard,2014.13
1305,James Jordan,brian45@example.org,Australia,2022-10-29,Basic,102.55
1306,Monique Henderson,jaime29@example.com,Marshall Islands,2023-10-13,Basic,612.73
1307,Kelly Rodriguez,lucassusan@example.org,Brazil,2022-02-28,Standard,1518.03
1308,Andrew Adams,pateljoshua@example.net,Reunion,2021-01-14,Standard,616.15
1309,Jenna Garcia,tyler23@example.com,Northern Mariana Islands,2020-02-12,Premium,4066.04
1310,Kyle Gross,lopezrebecca@example.net,Lesotho,2023-10-09,Basic,202.57
1311,Sarah Watts,lesliejones@example.org,Grenada,2022-01-17,Standard,2189.76
1312,Brenda Smith,bpatterson@example.org,Estonia,2020-07-18,Basic,236.68
1313,Carolyn Wolf,wheelertara@example.net,Afghanistan,2024-05-13,Standard,1063.51
1314,David Rodriguez PhD,mary88@example.org,Saudi Arabia,2022-08-04,Premium,11733.17
1315,Brandon Torres,shaun58@example.com,Panama,2023-08-08,Premium,14142.1
1316,Mr. Adam Gomez,patricia97@example.org,Faroe Islands,2021-02-17,Standard,1031.89
1317,Monica Smith,qchase@example.org,Guinea-Bissau,2020-05-26,Standard,796.89
1318,Mr. Patrick Mcpherson MD,leestephanie@example.net,Botswana,2020-07-08,VIP,1572.14
1319,Sherry Shelton,harcher@example.org,Estonia,2024-11-27,Basic,200.2
1320,Hannah Rivera,rlandry@example.com,Comoros,2022-05-06,Basic,708.84
1321,Joseph Cooper,hamiltonspencer@example.com,France,2023-05-11,Standard,776.77
1322,Adam Ho,stevenhernandez@example.com,Nigeria,2022-08-02,Standard,1408.68
1323,Carla Tucker,marshalexis@example.org,Cuba,2020-03-25,Premium,3091.58
1324,Kevin Brown,adam50@example.org,El Salvador,2020-12-24,Basic,240.53
1325,Shawn Glover,stephaniereeves@example.org,Saint Martin,2021-06-16,Standard,647.08
1326,Kevin Miller,antoniofitzpatrick@example.org,Sudan,2020-07-16,Basic,750.44
1327,Jasmine Ross,orozcosamantha@example.net,Georgia,2024-07-24,Standard,2771.2
1328,Jeffrey Liu,feliciagonzalez@example.org,Israel,2023-05-03,Standard,844.86
1329,Elizabeth Miller,ygardner@example.com,Bhutan,2022-07-04,Standard,1150.59
1330,Jeremy Edwards,taylor67@example.com,Isle of Man,2024-04-14,Premium,2590.83
1331,Thomas Johnson,idavis@example.net,United States of America,2021-11-19,Basic,47.72
1332,David Hunt,christineyoder@example.com,Austria,2024-01-10,Standard,1274.07
1333,Jenna Powell,fordkathryn@example.net,Kuwait,2021-12-14,Standard,1889.84
1334,Angela Nelson,cookconnor@example.com,Mongolia,2024-02-05,Basic,414.45
1335,Mr. Antonio Yang,mileszachary@example.net,Saint Vincent and the Grenadines,2023-01-26,Basic,60.04
1336,Brandy Jacobson,kevincollins@example.org,Sri Lanka,2021-10-08,Basic,792.78
1337,Mr. Brian Smith,meyerjohn@example.org,Lebanon,2022-06-03,Premium,4201.97
1338,Jonathan Myers,evanstimothy@example.org,Svalbard & Jan Mayen Islands,2020-11-15,Standard,784.16
1339,Ryan Green,nvillarreal@example.org,Jersey,2021-12-30,Basic,610.95
1340,Alex Thomas,georgeharmon@example.net,Cook Islands,2024-07-16,Standard,1426.26
1341,Dylan Contreras,rrichardson@example.com,Hungary,2023-05-06,Premium,1265.36
1342,Ashley Butler,shernandez@example.com,British Indian Ocean Territory (Chagos Archipelago),2024-10-11,Basic,714.94
1343,Alexandra Turner,wwilliams@example.org,Lao People's Democratic Republic,2022-10-29,Standard,1234.28
1344,Judy Smith,michaelfoley@example.net,Cote d'Ivoire,2020-04-20,Standard,256.61
1345,Michael Myers,thompsonedward@example.net,Saint Helena,2021-08-02,Basic,731.51
1346,Julia Trevino,joshuafarmer@example.com,Uzbekistan,2024-12-30,Standard,1795.92
1347,Thomas Brewer,mestes@example.net,Cocos (Keeling) Islands,2024-09-01,Standard,902.66
1348,Tammy Rowe,david59@example.net,Guernsey,2021-02-02,Standard,1403.68
1349,Sandra Jones,christianerik@example.org,Papua New Guinea,2023-01-04,Standard,161.81
1350,Timothy Alvarez,tinastokes@example.net,South Africa,2021-08-12,Premium,10015.71
1351,Steven Thompson,acampos@example.org,Bahamas,2022-09-03,Basic,723.45
1352,Ashley Bradford,alexandernicholas@example.net,Tajikistan,2023-01-25,Basic,381.48
1353,Christopher Rodriguez,ogray@example.net,Moldova,2022-10-24,Standard,1583.4
1354,David Kim,jeremiah26@example.net,Sudan,2021-09-21,Standard,664.62
1355,Angelica Johnson,harrislisa@example.org,Guyana,2022-01-29,Basic,616.03
1356,Laura Lin,jacob87@example.org,Syrian Arab Republic,2023-02-16,Premium,2725.19
1357,Ronald Mason,christine82@example.org,Kazakhstan,2021-09-11,Standard,2616.62
1358,James Jones,martinezzachary@example.org,British Indian Ocean Territory (Chagos Archipelago),2021-08-04,Standard,1566.04
1359,Mr. Joshua Johnson PhD,sandra46@example.net,Guinea-Bissau,2021-06-21,Standard,2194.98
1360,Seth Donaldson,fergusonjohn@example.net,Venezuela,2022-08-29,Premium,8879.45
1361,Emily Montgomery,aguilarsharon@example.com,Palau,2021-09-13,Standard,2431.49
1362,George Green,pamela02@example.org,Mexico,2020-05-07,Standard,2776.22
1363,Erin Todd,youngcharles@example.net,United Kingdom,2021-08-01,Standard,451.62
1364,Sandy Aguirre,tina69@example.net,New Zealand,2020-04-07,Premium,10678.64
1365,Stacy Mendoza,,Luxembourg,2022-03-04,Standard,1209.3
1366,Marie Reynolds,kimberly30@example.org,Anguilla,2023-01-09,Standard,1663.82
1367,Roberta Ferguson,vfleming@example.org,Micronesia,2022-11-25,Standard,1562.98
1368,Mr. James Martinez,hdunn@example.com,British Indian Ocean Territory (Chagos Archipelago),2023-07-08,Premium,2532.73
1369,Vickie Richardson,matthewhull@example.org,Djibouti,2021-01-21,Premium,6863.45
1370,Adam Gutierrez,ritteralexis@example.net,Egypt,2020-06-12,Standard,2776.37
1371,Angela Martinez,justinedwards@example.net,Palau,2023-10-25,Premium,5694.19
1372,Yolanda Anderson,hmendoza@example.net,Belarus,2022-10-16,Basic,726.96
1373,Todd Harris,priscilla37@example.net,Gabon,2024-10-24,Standard,1576.52
1374,Penny Carter,alisonadams@example.net,Mauritius,2021-12-11,Basic,93.2
1375,Amy Mccullough,nramirez@example.org,Tajikistan,2020-03-23,Basic,560.24
1376,Crystal Harmon,davidhardy@example.org,Argentina,2023-09-09,VIP,12016.54
1377,Melissa Santos,bbenton@example.com,Taiwan,2020-07-30,Standard,1364.55
1378,Donald Cruz,brownmelissa@example.com,Lithuania,2021-08-17,Basic,134.67
1379,James Wallace,jamielopez@example.com,Martinique,2023-05-03,Standard,349.62
1380,Eric Weaver,sharon95@example.com,Sudan,2024-10-28,Standard,1982.14
1381,Claire Johnson,yglenn@example.net,Vanuatu,2024-08-07,Standard,557.44
1382,Amy Rodriguez,rfarley@example.com,Togo,2023-07-12,Premium,5797.19
1383,Kimberly Coleman DDS,francisco67@example.net,Uzbekistan,2024-03-03,Standard,1714.16
1384,Terry Campbell,christopher38@example.com,Guadeloupe,2020-03-19,Basic,795.95
1385,Amanda Hill,donna90@example.org,Gambia,2022-12-20,Basic,792.01
1386,Erica Baker,scottsmith@example.org,Lao People's Democratic Republic,2022-02-24,Premium,2330.27
1387,Ian Little,rickyriley@example.org,Falkland Islands (Malvinas),2022-07-17,Basic,721.57
1388,Kristen Ashley,xwhite@example.com,Eritrea,2021-12-18,Standard,2642.42
1389,Bethany Mccoy,monicadouglas@example.org,Brazil,2021-01-21,Basic,542.89
1390,Cathy Hunter,criley@example.net,Saint Barthelemy,2021-08-14,Premium,13349.32
1391,Trevor Braun,allen58@example.net,Aruba,2020-11-01,Basic,502.78
1392,Hannah Jones,ewilson@example.org,Costa Rica,2023-11-02,Basic,122.06
1393,Jacob Carson,bjones@example.com,Cambodia,2020-07-20,Premium,9412.02
1394,Lawrence Ward,xmerritt@example.com,Western Sahara,2020-05-13,Premium,7754
1395,Lisa Martin,carteredward@example.net,Anguilla,2023-12-24,Basic,234.22
1396,Daniel Edwards,shelby69@example.org,Palestinian Territory,2021-03-10,Premium,6185.26
1397,Jane Cuevas,friedmansusan@example.org,Mongolia,2021-10-05,Standard,1231.75
1398,Laura Kelley,hryan@example.net,South Georgia and the South Sandwich Islands,2022-06-24,Basic,309.83
1399,John Warren,mstewart@example.net,French Polynesia,2023-04-14,Standard,2610.21
1400,Erin Lloyd,jerry51@example.net,Dominican Republic,2020-07-30,Standard,1866.55
1401,Tyler Ortiz,bellwilliam@example.com,Palau,2023-09-13,Standard,1329.24
1402,Mr. Richard Hall,sarasanchez@example.com,Peru,2020-09-23,Premium,6542.38
1403,Brenda Green,matthew11@example.com,Italy,2022-01-10,Basic,487.1
1404,Brittany Snyder,rachelwalter@example.org,Chad,2023-01-02,Standard,1971.14
1405,Dennis Spencer,inewton@example.org,Syrian Arab Republic,2020-05-08,Premium,1998.63
1406,Michael Fritz,zacharymoreno@example.com,United Kingdom,2023-06-29,Standard,984.27
1407,Cameron Terry,jenniferwilson@example.com,Nauru,2020-01-07,Basic,363.71
1408,Ashley Bowen,rodgersmichael@example.com,United States Minor Outlying Islands,2020-02-01,Premium,6726.74
1409,Jerry Davenport,katherine22@example.net,Seychelles,2023-06-19,Basic,133.69
1410,Samantha Hicks,paulawatkins@example.com,Peru,2023-09-03,Basic,505.2
1411,Jamie Gonzales,shirley13@example.com,Lithuania,2024-11-30,Basic,305.53
1412,Justin Merritt,ymitchell@example.com,Saudi Arabia,2021-07-14,Basic,575.43
1413,Charles Cervantes,russellramirez@example.net,Germany,2023-08-01,Basic,274.23
1414,Dustin Wilson,tommy32@example.com,Wallis and Futuna,2020-05-10,Basic,313.06
1415,Virginia Molina,elizabeththomas@example.org,Micronesia,2022-09-08,Premium,3388.75
1416,Nicole Johnson,moyeramber@example.org,Albania,2023-07-31,Basic,757.93
1417,Rodney Wood IV,hdennis@example.org,Switzerland,2022-03-22,Standard,2474.84
1418,Thomas Moran,wallaceryan@example.com,Benin,2024-12-27,Standard,969.17
1419,Wendy Dennis,schmittlinda@example.net,South Africa,2020-09-27,Basic,66.52
1420,Benjamin Moore,joshua81@example.net,Portugal,2023-04-27,Basic,697.02
1421,Tim Hamilton,james80@example.net,Niue,2020-02-28,Basic,141.15
1422,Chad Bennett,emilybaker@example.org,Libyan Arab Jamahiriya,2022-07-31,Standard,1049.51
1423,Morgan Campbell,cynthiadavis@example.net,Togo,2020-06-04,Standard,2623.66
1424,Cindy Hamilton,ngrant@example.net,Christmas Island,2024-01-02,Standard,1607.17
1425,Michael Austin,danawashington@example.net,Zimbabwe,2023-08-21,Standard,2277.13
1426,Eric Hall,elizabeth76@example.net,Guinea-Bissau,2022-05-27,Standard,2495.95
1427,Elizabeth Robinson,robert75@example.org,Panama,2023-06-14,Premium,6074.21
1428,Christopher Huber,baileyraymond@example.org,Singapore,2023-10-29,Premium,9807.92
1429,Sara Shields,bmcdaniel@example.com,Ethiopia,2024-08-17,Basic,121.41
1430,Stacy Patton,hartmarcus@example.net,Ghana,2024-04-15,Standard,1225.6
1431,Robert Coleman,rita47@example.net,Cyprus,2022-11-26,Basic,327.1
1432,Robert Parker,kwalker@example.net,Costa Rica,2020-04-13,Standard,2339.62
1433,Ashley Donaldson,david80@example.net,Angola,2024-06-22,Premium,8357.36
1434,Ann Bush,katie81@example.net,Australia,2020-12-25,Premium,1030.49
1435,Heidi Gonzalez,maryfoster@example.net,Denmark,2022-03-27,Standard,2478.01
1436,Christopher Brooks,ulewis@example.org,Wallis and Futuna,2024-06-28,Basic,419.53
1437,Ryan Fischer,masonlacey@example.org,Cayman Islands,2023-03-18,Standard,401.36
1438,Alexander Welch,arthurbrady@example.com,Palau,2023-07-13,Standard,2551.11
1439,Robert Mcdowell,joneswilliam@example.net,Serbia,2020-03-14,Basic,95.97
1440,Alicia Newton,codychapman@example.com,Congo,2023-07-30,Basic,784.55
1441,Shannon Glover,bhunt@example.com,Falkland Islands (Malvinas),2020-02-26,Standard,1922.68
1442,Brett Costa,bbennett@example.org,Cyprus,2020-02-11,Premium,2990.45
1443,Kristina Webb,patrickkaiser@example.net,India,2023-12-24,Premium,1520.89
1444,Pamela Klein,bwalker@example.com,Sierra Leone,2023-08-07,Premium,1675.96
1445,Jacob Hart,martin11@example.net,Chile,2020-07-26,Premium,14913.14
1446,Tom Watkins,thomaschristina@example.com,Mali,2022-05-01,Standard,901.9
1447,Lacey Hall,mary05@example.net,Mongolia,2021-08-22,Basic,414.88
1448,Shelby Adams,karinorton@example.net,Luxembourg,2023-01-24,Standard,2542.15
1449,Matthew Morris,vrobertson@example.net,Belgium,2020-04-18,Standard,1709.34
1450,Jessica Jones,katherinemartin@example.net,British Virgin Islands,2021-06-11,Standard,2856.81
1451,Jeffrey Stanton,mccluretyler@example.net,Spain,2024-08-02,Basic,351.52
1452,Brenda Sawyer,sross@example.org,Jordan,2021-08-30,Standard,2677.56
1453,Michelle Beard MD,christina59@example.net,Chad,2023-11-24,Basic,304.54
1454,Joseph Harris,april47@example.com,Cote d'Ivoire,2021-08-30,Basic,243.3
1455,Tammy Cortez,frankespinoza@example.com,Algeria,2020-07-14,Standard,2798.12
1456,Christopher Ruiz,collinsjacob@example.net,Bhutan,2024-01-19,Premium,9650.93
1457,Erin Brown,ewheeler@example.com,North Macedonia,2022-10-20,Standard,1231.01
1458,Courtney Fuller,joshuahoover@example.com,Myanmar,2023-02-13,Standard,136.2
1459,Holly Wang,ann31@example.net,Cape Verde,2022-06-17,Basic,117.95
1460,Daniel White,martinezalexa@example.net,Seychelles,2020-11-13,VIP,436.06
1461,Kenneth Castaneda,tammy97@example.org,Chile,2022-06-06,Basic,109.08
1462,David Robinson,douglasalvarez@example.org,Gibraltar,2023-04-09,Standard,348.34
1463,Wayne Taylor,ecoleman@example.com,Gabon,2023-09-09,Premium,4110.83
1464,Autumn Castro,tschroeder@example.com,Guinea,2021-11-29,Standard,523
1465,Joseph Schmidt,stephaniedougherty@example.com,Rwanda,2022-10-16,Standard,843
1466,Jeffrey Alexander,gina86@example.net,Guernsey,2020-09-23,Standard,1656.86
1467,Sean Wyatt,jessica39@example.net,Turkey,2023-03-03,Standard,2573.05
1468,Dr. Janet White PhD,gonzalezmichael@example.org,Albania,2023-10-17,Standard,2279.11
1469,Erin Bartlett,wesley09@example.com,Antigua and Barbuda,2021-09-18,Basic,726.1
1470,Maria Sanders,joshua09@example.org,Tokelau,2023-02-21,Premium,8036.18
1471,Kaitlin Lawson,ehenry@example.net,Tunisia,2020-10-27,Basic,329.3
1472,Kimberly Garcia,anthony22@example.org,Belize,2023-03-03,Premium,5247.07
1473,Ryan Brown,edwardsmichaela@example.com,Timor-Leste,2022-06-03,Premium,2650.6
1474,Lucas Smith,rachael29@example.net,Western Sahara,2021-08-29,Standard,2410.13
1475,Adrian Beck,qmonroe@example.org,Bahrain,2022-04-10,Standard,2056.59
1476,Philip Hernandez,christopher70@example.com,New Caledonia,2020-04-11,Standard,2606.93
1477,Jonathan Thompson,collinsann@example.org,Guam,2022-01-10,Standard,303.58
1478,Russell Miller,fdavis@example.org,Saint Lucia,2022-06-27,Basic,342.73
1479,Evan Sims,wangkristina@example.org,Northern Mariana Islands,2022-06-26,Standard,2958.06
1480,Brad Ramsey,kylebecker@example.org,San Marino,2021-09-19,Standard,2104.67
1481,Brandi Brown,gregory29@example.com,Isle of Man,2021-12-11,Standard,1595.9
1482,Cole Stephenson,tiffanygreen@example.com,Estonia,2023-08-10,Premium,10786.51
1483,Henry Cox,rgallegos@example.org,Argentina,2020-04-20,Standard,292.44
1484,Lauren Moore,victoriahamilton@example.net,Sudan,2023-08-13,Standard,745.56
1485,Donna Peterson,christopher34@example.org,Lao People's Democratic Republic,2022-05-19,Standard,1578.44
1486,Thomas Holmes,thomasmcdonald@example.com,Holy See (Vatican City State),2020-01-24,Premium,13199.1
1487,Mary Valenzuela,jacqueline50@example.org,Italy,2023-03-24,Basic,400.17
1488,George Leach,robintorres@example.com,Mayotte,2023-01-18,Standard,2785.3
1489,Alex Lamb,swatkins@example.com,Saint Martin,2023-01-08,Basic,59.68
1490,Roy King,carolyn76@example.com,Armenia,2020-11-10,Standard,2760.19
1491,Sherry Hines,fisherkim@example.net,Iran,2024-01-04,VIP,10403.1
1492,Carly Jackson,olivia83@example.net,Sao Tome and Principe,2024-07-07,Basic,196.78
1493,Matthew Kramer,wallerkyle@example.org,Spain,2024-09-18,Standard,2319.5
1494,James Murray,jamesjackson@example.com,Belgium,2024-11-06,Basic,539.12
1495,Scott Kim,ericpeters@example.com,Albania,2022-10-09,Standard,1587.96
1496,Gregory Ruiz,ehale@example.net,Honduras,2021-02-11,Standard,2485.47
1497,Michelle Hines,hugheslucas@example.org,Iran,2021-05-17,Basic,449.14
1498,Stephanie Weiss,icarlson@example.org,Guatemala,2024-04-20,Standard,1616.1
1499,Patrick Willis II,katrinawood@example.com,Macao,2022-08-25,Standard,1631.92
1500,Lisa Walton,brewerdevin@example.org,Aruba,2023-06-28,Standard,1311.28
1501,Jeffrey Morgan,ronaldmitchell@example.com,Peru,2022-08-16,Standard,465.54
1502,Amanda Mullen,zwhite@example.net,Maldives,2020-06-05,Basic,608.22
1503,Julie Miller,riosrichard@example.org,Central African Republic,2024-09-27,Standard,251.68
1504,Kenneth Cruz,psmith@example.net,Iran,2020-02-15,Standard,2723.47
1505,Anthony Coleman,munozleah@example.com,Macao,2023-10-31,Basic,3.37
1506,John Rogers,daniel26@example.net,Senegal,2023-07-10,Standard,1004.93
1507,Michael Hernandez,stacy94@example.org,Malaysia,2023-06-16,Basic,334.08
1508,Monica Gibson,marshallbill@example.com,Kuwait,2023-10-26,Standard,1459.51
1509,Stephen Parks,ronald40@example.net,Ethiopia,2023-02-21,Standard,686.19
1510,Howard Smith,kenneth09@example.org,Guinea-Bissau,2022-04-18,Basic,577.11
1511,Kim Foster,christopherdavis@example.net,Cameroon,2024-05-08,Premium,7855.14
1512,Jessica Hill,pbarker@example.net,Swaziland,2020-07-07,Premium,2964.36
1513,Judy Jones,benjamin91@example.com,Malaysia,2021-08-16,Standard,515.41
1514,Mrs. Tammy Curry,lmorales@example.net,Equatorial Guinea,2020-03-26,Basic,695.47
1515,Natalie Miller,ysanford@example.org,Montserrat,2022-06-30,Basic,222.7
1516,Eric Palmer,heatherwilliams@example.net,Lebanon,2020-11-17,Standard,500.47
1517,Timothy Hill,joshuapowers@example.net,Iran,2021-10-07,Premium,6959.01
1518,Megan Nelson,yclark@example.com,Palestinian Territory,2023-09-05,Basic,754.91
1519,Derek George,colton30@example.net,Greece,2023-06-02,Premium,8205.14
1520,Logan Chandler,omatthews@example.net,Greenland,2023-04-28,Premium,10021.15
1521,Karen Grant,matthew57@example.org,Kyrgyz Republic,2024-01-26,Standard,2856.91
1522,Kathryn Patel,emilyscott@example.org,Panama,2020-03-14,Standard,2873.65
1523,Tracy Welch,christopher85@example.com,French Guiana,2022-11-03,Basic,502.64
1524,Jocelyn Mcdonald,colleenjackson@example.com,Mongolia,2021-05-19,Basic,161.53
1525,Zachary Johnson,angela73@example.com,Uruguay,2021-06-16,Basic,616.63
1526,Jamie Rush,davisjeffery@example.org,Montserrat,2022-09-27,Premium,14127.42
1527,Sean Wang,wpierce@example.org,Italy,2023-05-19,Standard,2111.17
1528,Diana Townsend,beckgloria@example.net,Serbia,2021-09-11,Standard,2177.64
1529,Kathryn Patel,michelesimpson@example.com,France,2022-10-05,Premium,9620.97
1530,Joanna Bradshaw,ricardosmith@example.com,Serbia,2021-02-08,Standard,2000.72
1531,Christopher Solomon,acarpenter@example.com,Isle of Man,2022-01-21,Standard,2999.85
1532,Allen Walker,greenejessica@example.org,Greece,2023-10-27,Premium,1083.37
1533,Carol Garrett,craneandrew@example.net,Turks and Caicos Islands,2022-01-20,Standard,520.73
1534,Jean Dixon,melissamartin@example.com,Saint Kitts and Nevis,2021-01-04,Basic,123.55
1535,Casey Giles,marcuscarter@example.org,Costa Rica,2023-02-12,Premium,13238.78
1536,Judy Sutton,yfritz@example.org,Kyrgyz Republic,2022-04-09,Standard,1401.3
1537,Ashley Munoz,monica23@example.com,Saint Helena,2023-07-31,Basic,301.2
1538,Adriana Johnson,ecamacho@example.com,Barbados,2023-05-06,Basic,255.73
1539,Tina Ware,baldwincatherine@example.net,Rwanda,2020-01-25,Basic,524.44
1540,John Barber,lisa05@example.com,Saint Barthelemy,2024-03-04,Standard,1117.6
1541,Lori Alexander,garciamelanie@example.net,Sao Tome and Principe,2021-10-18,Basic,398.81
1542,Miranda Richardson,donald37@example.org,Estonia,2024-07-28,Standard,646
1543,Martin Jones,wgoodwin@example.com,Guam,2020-01-20,Standard,2056.63
1544,Jeremy Cobb,ashley90@example.org,Cameroon,2022-06-01,Premium,5823.13
1545,Allison Beard,jennifer42@example.net,North Macedonia,2020-10-31,Standard,1646.12
1546,Micheal Nunez,julianeal@example.org,New Caledonia,2024-03-21,Standard,1456.52
1547,James Walsh,rosalesbrandy@example.org,Myanmar,2023-02-05,Standard,1442.46
1548,Jackson Romero,kwoods@example.com,Norway,2024-04-17,Basic,331.53
1549,Samuel Edwards,nicholas72@example.net,Liberia,2020-01-30,Standard,1151.23
1550,Steven Smith,petersonkyle@example.org,Canada,2020-07-08,Standard,1251.44
1551,Richard Mccormick,michaelstevens@example.net,United States of America,2024-12-26,Premium,9023.44
1552,Paul Fuentes,judithcox@example.org,Iran,2020-11-25,Standard,517.14
1553,Tiffany Romero,angela88@example.org,South Georgia and the South Sandwich Islands,2022-07-07,Standard,1727.17
1554,Keith Wright,laura23@example.org,Portugal,2021-02-12,Standard,880.05
1555,Cassandra Krause,andrea13@example.net,Switzerland,2021-06-11,Standard,2102.49
1556,Susan Anderson,bruce33@example.net,Senegal,2023-03-14,Basic,241.03
1557,Julie Herrera,florescynthia@example.org,Lesotho,2020-07-04,Basic,391.56
1558,Bradley Gonzalez,carmenevans@example.org,Mozambique,2020-06-08,Standard,369.41
1559,Taylor Cortez,mwaters@example.net,Sri Lanka,2024-05-21,Standard,2206.03
1560,Nicole Gay,karen94@example.com,Norfolk Island,2022-07-30,Basic,496.26
1561,Jordan Palmer,joseph83@example.com,Falkland Islands (Malvinas),2024-04-21,Basic,756.69
1562,Kathryn Garrett,rowlandsonya@example.com,Albania,2022-03-29,Standard,395.07
1563,William Ruiz,haroldhodges@example.net,Gabon,2023-02-02,Basic,640.1
1564,Scott Peterson,jamesrodriguez@example.org,Croatia,2024-05-26,Basic,335.79
1565,Eric Miranda,tgarcia@example.net,Cote d'Ivoire,2024-09-23,Basic,124.69
1566,Brittney Moore,kfloyd@example.net,Panama,2020-10-06,Standard,2773.24
1567,Tyler Zavala,rchan@example.org,Venezuela,2024-12-27,Premium,13174.68
1568,Timothy Davenport,dustin55@example.net,Germany,2021-03-02,Premium,7797.78
1569,Jeffery Long,zsmith@example.org,Ireland,2020-11-14,Standard,1896.58
1570,Robert Proctor,andrew33@example.net,Saint Barthelemy,2022-04-23,Standard,723.61
1571,Ronnie Johnson,ugibbs@example.net,Monaco,2023-04-05,Standard,2821.6
1572,Rebecca Williamson,ggates@example.org,Ecuador,2022-02-21,Standard,790.95
1573,Nathan David,ccrane@example.net,Iceland,2024-08-07,Standard,2983.21
1574,Susan Tucker,valerie96@example.org,Bolivia,2024-08-10,Basic,41.53
1575,Grant Medina,hmclean@example.com,Burkina Faso,2021-07-15,Premium,2991.38
1576,Angela Rowland,jholloway@example.net,French Southern Territories,2022-08-28,Standard,1902.97
1577,Kristina Gonzales,ashley48@example.net,Svalbard & Jan Mayen Islands,2023-01-10,Basic,717.5
1578,Alex Barton,harrellholly@example.net,Germany,2024-12-12,Basic,739.88
1579,Heather Mejia,jackmcdonald@example.com,Guyana,2023-12-01,Basic,433.86
1580,Michael Padilla,cassandra02@example.org,Norway,2021-01-24,Basic,187.86
1581,James Tucker,deckerbrian@example.net,Holy See (Vatican City State),2021-04-20,Basic,152.92
1582,Jeffrey Johnson,kristy74@example.net,Grenada,2024-07-01,Standard,546.48
1583,Morgan Cunningham,schmidtlauren@example.org,Montserrat,2022-03-24,Standard,627.65
1584,Lisa Kaiser,wangryan@example.com,Lao People's Democratic Republic,2020-01-23,Standard,650.31
1585,Spencer Stevenson,charles95@example.com,Marshall Islands,2020-12-01,Standard,2616.45
1586,Nancy Fry,moraleskelly@example.net,Switzerland,2020-05-21,Basic,624
1587,Adam Morris,jonathanwalker@example.net,Seychelles,2022-09-20,Standard,2371.45
1588,Jimmy Ortega,patricia92@example.org,Sierra Leone,2021-04-09,Standard,1324.28
1589,Eric Garcia,chanamber@example.org,Greece,2020-03-03,Standard,1036.72
1590,Tanya Barrett,kevincoleman@example.com,Djibouti,2023-11-17,Premium,8687.49
1591,Claudia Kelly,natalieblackburn@example.org,Syrian Arab Republic,2022-07-06,Premium,3221.3
1592,Allison Dillon,omargriffin@example.com,Congo,2021-11-28,Premium,8991.68
1593,James Olsen,costawilliam@example.net,Saint Kitts and Nevis,2023-09-03,Basic,602.49
1594,Carla Clark,wyang@example.net,Ghana,2023-10-03,Standard,1133.24
1595,Daniel Davis,timothy81@example.com,Andorra,2021-10-07,Basic,611.02
1596,Robert Ross,gomezsonya@example.org,Jordan,2022-08-05,Standard,258.04
1597,Marissa Perez,santoslisa@example.com,Andorra,2022-06-16,Premium,5955.23
1598,Denise Holland,brandon32@example.net,Algeria,2020-05-11,Premium,3740.34
1599,Christopher Neal,brownleah@example.net,Panama,2022-09-22,Basic,75
1600,Luke Morrow,hthompson@example.org,Saint Vincent and the Grenadines,2021-11-15,Standard,1816.82
1601,Mary Diaz,buchanananthony@example.org,Gambia,2023-03-23,Basic,633.47
1602,Jake Skinner,anthony05@example.org,Tuvalu,2023-05-12,Premium,9932.58
1603,Nicholas Thomas,ywilliams@example.net,Saint Helena,2021-06-21,Standard,2811.29
1604,Brooke Smith,christophermcneil@example.org,Lebanon,2021-12-25,Basic,581.07
1605,Jason Villanueva,mtaylor@example.net,Afghanistan,2022-09-10,Standard,699.87
1606,John Leach,marcusfernandez@example.net,Paraguay,2022-08-22,Standard,1982.03
1607,Karen Goodman,davidrobertson@example.org,Czech Republic,2023-01-30,Basic,546.66
1608,Natalie Love,olivia13@example.org,El Salvador,2022-12-17,Standard,2365.26
1609,Matthew Murphy,hbarnett@example.net,Morocco,2023-08-24,Standard,2852.26
1610,Debra Lam MD,donna90@example.net,United Kingdom,2024-07-29,Standard,1927.54
1611,Lynn Bauer,alexiswalters@example.org,Central African Republic,2024-09-03,Standard,2743.12
1612,Adam Castillo,jacob96@example.com,Croatia,2024-10-30,Basic,2.09
1613,Dennis Gonzales,diana85@example.com,Uganda,2024-06-04,Basic,142.78
1614,Glen Wiggins,qalvarado@example.com,Serbia,2023-03-10,Standard,956.06
1615,Amy Diaz,oconnelldavid@example.org,Kuwait,2022-02-02,Basic,386.5
1616,Barbara Marquez,morganparker@example.com,Micronesia,2021-06-27,Standard,131.51
1617,Mrs. Sharon Wagner,gwilkins@example.org,Cambodia,2024-11-25,Premium,922.25
1618,Courtney Smith,alicia29@example.net,Malta,2021-03-06,Standard,1986.62
1619,Joseph Ryan,nicholasgarcia@example.org,North Macedonia,2021-02-14,Basic,798.23
1620,Lisa Bridges,amberfriedman@example.com,Togo,2024-06-12,Premium,7004.07
1621,Anthony Costa,hphillips@example.com,Uganda,2020-04-16,Standard,2574
1622,Frank Griffith,aaron48@example.net,Georgia,2021-04-20,Standard,428.16
1623,Nicholas Wheeler,brownrobert@example.org,Liberia,2020-08-15,Basic,571.87
1624,Pamela Roman,petermoore@example.com,India,2024-11-14,Premium,7807.05
1625,Danielle Bell,tabithahill@example.com,British Virgin Islands,2024-09-28,Standard,152.77
1626,Laurie Chambers,scottchambers@example.com,Algeria,2020-06-25,Basic,435.63
1627,Kelly Warren,chall@example.com,Swaziland,2024-06-10,Standard,2543.73
1628,Patrick Gibson,beardkaren@example.net,Guam,2022-01-26,Premium,9813.43
1629,Tiffany Williams,daniel76@example.net,Chile,2022-04-22,Premium,3777.1
1630,Melissa Bauer,jeffrey11@example.net,Netherlands,2022-02-28,Standard,1493.22
1631,Sharon Allen,bcopeland@example.com,Azerbaijan,2024-02-10,Standard,2034.34
1632,Sharon Ramirez,rebecca85@example.com,Papua New Guinea,2020-10-24,Basic,484.58
1633,Victoria Miller,marqueztodd@example.net,Lithuania,2022-08-22,Standard,1403.63
1634,Jeffrey Baker,kcastro@example.com,New Caledonia,2024-01-20,Standard,908.08
1635,Tammy Reyes,garzalaura@example.org,Morocco,2022-03-21,Basic,552.8
1636,Vincent Allen,tochoa@example.net,Armenia,2024-03-08,Standard,2149.46
1637,Richard Phelps,bentleylisa@example.net,Samoa,2023-07-25,Standard,2640.34
1638,Maureen Johnson,andrewbautista@example.org,French Guiana,2022-08-22,Basic,182.23
1639,Rebecca Daniel,michael55@example.org,Falkland Islands (Malvinas),2024-10-10,Standard,2409.07
1640,Anthony Ellis,kayla23@example.net,Sierra Leone,2022-01-03,Basic,106.37
1641,Mariah Yang,kimberly27@example.org,Grenada,2020-06-16,Basic,282.08
1642,Joshua Trujillo,leslietorres@example.net,Bermuda,2024-01-16,Premium,2319.8
1643,Emily Crawford,katherineharris@example.net,Libyan Arab Jamahiriya,2024-05-06,Standard,2544.78
1644,Robert Huang,susanmorris@example.org,Comoros,2020-05-24,Standard,2357.99
1645,Susan Graves,katherine82@example.com,Niger,2021-09-20,Premium,2187.25
1646,Christina Davis,,Guam,2021-06-10,Standard,816.98
1647,Jennifer Morse,kirkjill@example.com,Nicaragua,2023-10-14,Standard,2225.86
1648,Angela Key,pmckenzie@example.net,Cape Verde,2021-01-24,Basic,172.45
1649,Denise Simpson,johnperez@example.net,Sudan,2023-07-13,Basic,25.81
1650,Adam Sanchez,mathewstimothy@example.com,Israel,2021-01-29,Basic,477.49
1651,Yvette Lee,melaniecarpenter@example.net,Morocco,2021-11-12,Standard,1995.12
1652,Veronica Francis,linda46@example.com,Haiti,2023-06-12,Standard,1748.94
1653,Taylor Flores,chase25@example.net,Egypt,2023-10-13,Standard,1470.94
1654,Lauren Davis,gnichols@example.net,Denmark,2024-10-31,Premium,12971.98
1655,Michelle Newman,stevenandrews@example.org,Kuwait,2024-10-24,Basic,67.33
1656,Kathleen Graham,andrewwest@example.net,Azerbaijan,2023-03-26,Standard,2449.26
1657,Karen Mccarthy,flemingcameron@example.net,Falkland Islands (Malvinas),2023-07-30,Standard,1995.22
1658,Theresa Luna,wjordan@example.org,Indonesia,2022-12-03,Basic,144.18
1659,Jesse Ryan,mark98@example.com,Cambodia,2023-04-30,Standard,2653.69
1660,Veronica Matthews,arellanobrian@example.com,Namibia,2022-03-10,Premium,3623.75
1661,William Austin,ucross@example.org,Egypt,2022-06-18,Premium,4233.88
1662,Patricia Mayo,anthonymcfarland@example.net,British Indian Ocean Territory (Chagos Archipelago),2020-01-01,Standard,1513.87
1663,Brandon Powell,yballard@example.net,Lebanon,2024-07-10,Basic,514.63
1664,Greg Davis,gregory64@example.com,Bermuda,2024-02-09,Standard,2765.28
1665,James Perez,morgankaren@example.net,Equatorial Guinea,2020-04-24,Basic,312.65
1666,Larry Hendrix,flemingcody@example.org,Marshall Islands,2022-04-12,Basic,185.13
1667,Gabriel Torres,michele23@example.net,Niger,2022-11-25,Basic,588.89
1668,Mr. William Davis DDS,carolberry@example.com,Romania,2021-02-02,Standard,333.04
1669,Patricia Romero,cjohnson@example.net,Tuvalu,2020-10-05,Premium,13345.48
1670,Teresa Aguirre,savannah15@example.net,Cocos (Keeling) Islands,2021-03-19,Basic,461.54
1671,Carol Garcia,carrieosborn@example.com,Wallis and Futuna,2021-09-26,Standard,2142.34
1672,Matthew Decker,qraymond@example.net,Bahrain,2020-03-26,Standard,1569.38
1673,Jacob Allen,zlopez@example.org,Guinea-Bissau,2021-08-17,Basic,545.95
1674,William Castillo,abbottchristopher@example.net,Gibraltar,2024-04-10,Premium,564.48
1675,Kristine Park,psherman@example.org,Finland,2024-08-17,Basic,206.37
1676,Jerome Gonzalez,ypowell@example.org,Liechtenstein,2021-01-10,Basic,561.79
1677,Brian Hoffman,ytorres@example.com,Sierra Leone,2022-05-30,Basic,597.96
1678,Amy Guerra,staceyparker@example.net,San Marino,2022-07-19,Standard,1587.31
1679,Kimberly Davidson,fergusonbrandon@example.com,Hungary,2020-10-11,Basic,82.93
1680,Victor Williams,hrodgers@example.org,Malawi,2021-08-21,Standard,687.6
1681,Michael Lozano,bryantjacob@example.org,Rwanda,2024-11-12,Basic,441.16
1682,Miguel Simpson,williamspatrick@example.net,Brazil,2022-01-02,Basic,750.91
1683,Abigail Allen,tracey63@example.com,United States Virgin Islands,2023-06-18,Basic,532.87
1684,Amanda Thomas,christyscott@example.com,Pitcairn Islands,2021-03-13,Standard,542.38
1685,Sharon Sims,shelbyvaldez@example.com,Ireland,2020-05-15,Premium,664.44
1686,Jennifer Gutierrez,megan37@example.com,Netherlands Antilles,2023-07-28,Standard,2002.17
1687,Michael Williams,sanderson@example.org,Barbados,2023-08-05,Standard,622.94
1688,Ashley Barrera,ijones@example.com,Chad,2020-10-25,Standard,1720.83
1689,Dawn Becker,smitchell@example.com,Togo,2021-02-03,Standard,1466.78
1690,Ashley Wilson,stephaniepeters@example.com,Cook Islands,2021-11-16,Standard,995.78
1691,Zachary Harrison,rodriguezbenjamin@example.com,Colombia,2022-09-09,Basic,232.52
1692,Michael Jones,cgilbert@example.net,Cambodia,2024-10-07,Basic,433.64
1693,Randy Bates,kaylahardy@example.org,Montenegro,2021-01-07,Standard,2026.12
1694,Christian Villarreal,sandra57@example.org,United Arab Emirates,2024-04-09,Basic,258.22
1695,Jeanne Hernandez,william32@example.net,Congo,2020-11-08,Standard,340.67
1696,Nathan Johnson,pjones@example.net,Marshall Islands,2022-10-06,Standard,1682.49
1697,Christopher Payne,brian16@example.net,Martinique,2021-08-25,Premium,11490.04
1698,Nathan Ramsey,mitchell21@example.net,Djibouti,2022-02-27,Basic,678.32
1699,Aaron Brown,hmack@example.org,Serbia,2021-01-31,Basic,65.23
1700,Kristy Jones,ppineda@example.com,Finland,2020-12-30,Basic,312.45
1701,Jasmine Kent,feliciasalazar@example.com,North Macedonia,2021-10-31,Basic,301.44
1702,Thomas Hernandez,jeffrey42@example.com,Equatorial Guinea,2022-09-02,Basic,502.85
1703,Isabel Smith,douglas76@example.net,Turkmenistan,2022-11-14,Standard,2816.22
1704,Crystal Morales,jared66@example.com,Kuwait,2022-07-12,Standard,1287.23
1705,Jill Price,matthew62@example.net,Marshall Islands,2024-08-16,Standard,975.61
1706,Daniel Lee,stacydaniel@example.net,Haiti,2020-05-30,Basic,484.72
1707,Kimberly Gallagher,tbrooks@example.org,India,2022-05-13,Premium,4400.33
1708,Brian Pearson,rebecca96@example.org,Cook Islands,2021-04-12,Standard,1084.76
1709,Juan Moore,bgiles@example.org,Western Sahara,2024-06-11,Basic,752.11
1710,Michael Cruz,joshuareese@example.net,Seychelles,2023-09-25,Standard,1116.09
1711,James Casey,edwardstewart@example.org,Trinidad and Tobago,2022-08-27,Basic,336.51
1712,Pamela Tucker,lowekristin@example.org,Angola,2020-12-23,Standard,1120.34
1713,Scott Brown,edwardsrachel@example.org,Samoa,2021-12-03,Basic,371.09
1714,Daniel Pittman,cindy59@example.com,Lebanon,2024-12-13,Basic,543.43
1715,Christopher Turner,rachelhernandez@example.com,British Indian Ocean Territory (Chagos Archipelago),2023-07-29,Standard,1924.28
1716,Lisa Moore,rgraves@example.net,Thailand,2024-07-27,Basic,199.5
1717,Vanessa Beck,reginadavis@example.org,Burkina Faso,2023-08-02,Standard,1265.44
1718,Kaitlyn Woods,willisvanessa@example.com,Venezuela,2023-01-14,Standard,1324.81
1719,Kenneth West,wallerstacey@example.net,Guatemala,2020-10-09,Standard,907.91
1720,Victoria Tanner,thompsonclaire@example.net,India,2024-11-24,Basic,375.15
1721,Ashley Donovan,suzanneflores@example.net,Somalia,2024-12-06,Premium,3088.89
1722,Angela Morrison,lsmith@example.com,Chile,2020-10-19,Standard,1850.1
1723,David Palmer,burnsrebecca@example.org,Pakistan,2021-06-28,Basic,509.17
1724,Eric Cole,rmorgan@example.net,Senegal,2023-10-04,Standard,1054.92
1725,Mary Cook,andersontiffany@example.net,Algeria,2022-01-26,Standard,1463.77
1726,Alicia James,cjames@example.net,Peru,2020-04-18,Premium,7811.91
1727,James Richardson,vrussell@example.org,Western Sahara,2023-12-27,Standard,1956.84
1728,Dennis Lee,joseph71@example.net,United States Minor Outlying Islands,2023-11-08,Basic,697.01
1729,Jordan Wilson,lindarodriguez@example.org,Christmas Island,2021-08-13,Premium,5805.23
1730,Christian Solis,shieldsalec@example.org,Saint Pierre and Miquelon,2023-12-01,Standard,1933.44
1731,Sheila Williamson,brandisheppard@example.com,Norfolk Island,2023-10-04,Basic,765.5
1732,Rachel Rodriguez,browndominic@example.net,Vanuatu,2023-09-27,Premium,6624.11
1733,Brandon Bean,hamiltongina@example.org,Australia,2022-10-23,Basic,314.13
1734,Jasmine Garrett,thomasgonzalez@example.com,Netherlands,2023-03-30,Standard,2239.7
1735,Julie Dennis,ramoswilliam@example.org,Christmas Island,2024-10-09,Basic,735.38
1736,Deborah Humphrey,hollywarner@example.org,Comoros,2024-07-24,Basic,125.67
1737,Frank Braun,ralphhuff@example.com,Netherlands Antilles,2020-01-12,Basic,603.94
1738,Martin Robinson,madison38@example.org,Palau,2021-01-07,Standard,1929.93
1739,Melinda Campbell,calvinbrown@example.com,United Kingdom,2022-01-25,Standard,1010.02
1740,Lisa Roth,craigrachel@example.com,American Samoa,2024-07-11,Basic,678.42
1741,Megan Flores,helen91@example.net,Estonia,2022-09-13,Standard,666.82
1742,Emma Howard,twood@example.com,Germany,2023-06-03,Standard,466.83
1743,Natasha Perez,bradgomez@example.com,Turkmenistan,2023-10-10,Premium,2797.69
1744,Thomas Mathis,dford@example.com,Cape Verde,2023-07-07,Basic,635.46
1745,Paul Barnes,markskristina@example.com,Trinidad and Tobago,2020-07-21,Basic,381.49
1746,Jennifer Smith,edwardshah@example.org,Bhutan,2022-10-14,Standard,899.03
1747,John Nelson,andrewmyers@example.com,Switzerland,2022-07-31,Basic,577.73
1748,Kirsten Perez,flawson@example.com,Jordan,2024-12-02,Standard,2356.38
1749,Caitlin Costa,gomezdaniel@example.com,Romania,2022-01-01,Standard,1793.65
1750,Dylan Young,alara@example.com,American Samoa,2023-11-05,Standard,2825.13
1751,Lynn Morgan,gabriella69@example.org,Netherlands Antilles,2023-08-26,Standard,1608.13
1752,Douglas Hardy,mikewaller@example.org,Andorra,2022-12-02,Standard,893.76
1753,Jason Clark,haley57@example.com,Moldova,2024-02-22,Basic,589.51
1754,Riley Hale,tammyharrington@example.net,United States Minor Outlying Islands,2021-05-29,Basic,267.81
1755,Kevin Young,tracyharrison@example.org,Germany,2023-03-31,Standard,2862.85
1756,Anna Christensen,christopher77@example.net,United Arab Emirates,2023-08-24,Standard,1373.99
1757,Tina Adams,mprice@example.com,Rwanda,2021-02-24,Premium,10164.92
1758,Ryan Brown,jeffreysmith@example.com,Sweden,2020-06-26,Basic,7.62
1759,Kristina Bowers,todd59@example.net,Cook Islands,2023-07-05,Basic,420.52
1760,Maria Rosario,phillipsbruce@example.org,Malta,2023-12-08,Basic,391.79
1761,Diane Gibbs,ahaynes@example.com,Eritrea,2023-03-23,Standard,1597.58
1762,Edward Johnson,dmiller@example.org,Kiribati,2022-11-06,Premium,5194.77
1763,Kristi Wheeler,daniel47@example.com,Congo,2023-01-10,Standard,1304.36
1764,Jody Martin,marcussmith@example.org,Trinidad and Tobago,2021-05-29,Premium,13476.18
1765,John Thomas,opierce@example.com,Oman,2023-03-02,Premium,5209.09
1766,Christopher Austin,schneidermario@example.net,Armenia,2020-09-04,Premium,3288.36
1767,Amy Love,tylermcintosh@example.org,Canada,2024-12-30,Basic,106.8
1768,Christopher Reeves,fischerteresa@example.com,Belgium,2022-02-19,Premium,11531.54
1769,Paul Vasquez,warrendarlene@example.com,Puerto Rico,2021-10-07,Premium,10146.3
1770,Rodney Olsen,wmoore@example.com,Denmark,2020-07-08,Basic,214.17
1771,Matthew Grant,dayheidi@example.com,Armenia,2020-01-04,Standard,679.97
1772,Peter Dodson,vincentmorris@example.net,Paraguay,2022-05-12,Basic,584.18
1773,Jordan Roberts,caldwellheidi@example.net,Bangladesh,2022-06-13,Standard,743.06
1774,Kevin Clark,ssmith@example.org,Mozambique,2024-09-28,Basic,762.52
1775,Katrina Calderon,ilewis@example.org,United States Virgin Islands,2022-12-13,Standard,1717.76
1776,Lisa Baker,william23@example.net,Equatorial Guinea,2021-08-17,Standard,2134.61
1777,Gabriel Green,santosshannon@example.com,Netherlands,2020-08-05,Basic,355.81
1778,Megan Carrillo,jackwilliams@example.org,Samoa,2020-12-30,Standard,296.7
1779,Christine Wolf,marissa39@example.com,Guyana,2022-12-20,Standard,1308.19
1780,Matthew Hall,jay04@example.org,Cuba,2023-06-27,Standard,2685.77
1781,Shannon Clark,dcortez@example.com,Netherlands,2023-12-15,Premium,13892.22
1782,Tammie Castillo,laura31@example.net,Botswana,2021-05-15,Basic,112.83
1783,Sarah Harvey,arroyosarah@example.com,Kenya,2021-06-29,Standard,992.64
1784,Keith Moore,richardsondebbie@example.com,Saint Vincent and the Grenadines,2023-01-13,Premium,3135.83
1785,Angela Butler,evansaustin@example.org,Gabon,2022-01-23,Standard,2001.36
1786,Jesus Randolph,davidfields@example.net,Somalia,2020-06-20,Basic,186.53
1787,Timothy Alvarez,rodriguezjenny@example.com,Trinidad and Tobago,2022-08-12,Standard,2940.31
1788,Melissa Nelson,warnertimothy@example.net,Puerto Rico,2022-11-12,Standard,1016.29
1789,Austin Gregory,johnsonryan@example.com,Isle of Man,2024-11-17,Basic,114.26
1790,Adam Merritt,chungnancy@example.net,Finland,2020-03-04,Premium,2230.17
1791,Christina Adams,sylvia33@example.net,Kiribati,2020-08-10,Basic,595.72
1792,Whitney Williams,shansen@example.com,Somalia,2022-04-26,Standard,959.69
1793,Samuel Williams,christopher57@example.com,Mayotte,2020-08-29,Standard,1958.22
1794,Matthew Watson,malikfowler@example.com,China,2020-09-23,Standard,973.42
1795,Jacqueline Lucero,dylan78@example.com,Guyana,2024-08-16,Basic,747.03
1796,Angelica King,marvinhoward@example.com,Korea,2022-11-16,Standard,944.91
1797,Shannon Martin,coopersamantha@example.net,Cameroon,2023-06-19,Standard,2439.75
1798,Kimberly Collier,melissaberry@example.org,Sweden,2022-07-25,Standard,2105.98
1799,Angela Barnes,mooneyamy@example.net,Bosnia and Herzegovina,2021-09-02,Standard,2340.45
1800,Dawn Pierce,jodisutton@example.com,Liechtenstein,2023-10-04,Standard,1665.76
1801,Nicholas Robles,zmills@example.org,Morocco,2020-04-28,Standard,2184.78
1802,Jason Walton,perezdawn@example.org,Syrian Arab Republic,2022-09-06,Standard,2123.18
1803,Nicole Moran,simpsonruth@example.net,Zambia,2022-03-17,Premium,6040.95
1804,Peter Turner,amberdavis@example.org,Anguilla,2023-05-09,Standard,2502.77
1805,Edward Clark,jonesshaun@example.org,Jamaica,2020-05-05,Standard,551.62
1806,Mary Smith,matthew53@example.com,Japan,2021-03-07,Standard,1100.97
1807,Tamara Reid,sheltontiffany@example.com,Ghana,2021-03-18,Premium,10116.15
1808,David Wells,xmullins@example.org,Jamaica,2021-04-08,Standard,769.95
1809,Lisa Bell,yvang@example.org,Libyan Arab Jamahiriya,2024-05-14,Standard,1588.35
1810,Angie King,millerjennifer@example.net,Norfolk Island,2023-04-14,Premium,2710.53
1811,Jordan Curry,cassandraharrison@example.com,Georgia,2024-01-16,Standard,1613.01
1812,Michele Hayes,rdavis@example.org,Nauru,2021-04-17,Standard,2226.01
1813,Phyllis Walls,ljones@example.com,Falkland Islands (Malvinas),2021-07-17,Basic,186.27
1814,Jasmine Buckley,kingdavid@example.net,Liechtenstein,2021-12-28,Standard,955.73
1815,Jesse Nash,,Poland,2021-01-30,Basic,20.12
1816,Ryan Gonzalez,ywright@example.net,Sri Lanka,2020-06-22,Standard,2922.08
1817,Cassandra Bennett,ian59@example.com,Denmark,2020-07-22,Basic,99.91
1818,Rhonda Gould,garciadonald@example.net,Yemen,2020-06-25,Standard,2625.8
1819,Allison Crawford,hsmith@example.net,Heard Island and McDonald Islands,2020-09-10,Standard,1364.61
1820,Ashley Wells,samuel61@example.org,Benin,2023-04-27,Standard,1982.17
1821,Travis Howard,phunter@example.org,British Indian Ocean Territory (Chagos Archipelago),2021-08-06,Basic,79.5
1822,Brandon Lopez,seanbarajas@example.com,Moldova,2024-09-04,Standard,806.76
1823,Austin Tyler,brandiwilson@example.org,Djibouti,2023-03-19,Standard,2363.85
1824,Eric Francis,dsmith@example.net,Solomon Islands,2024-04-20,Standard,2983.34
1825,Joseph Adams,turnerlisa@example.com,Uruguay,2023-04-22,Basic,755.91
1826,John Lewis,nmendoza@example.org,China,2021-07-27,Premium,5483.49
1827,Mark Weaver,thomasdavid@example.net,Cameroon,2023-09-02,Standard,2659.95
1828,Andrea Palmer,knightjohn@example.com,Taiwan,2023-07-30,Standard,595.27
1829,Teresa Clayton,bbrown@example.org,Trinidad and Tobago,2020-11-05,Basic,464.77
1830,James Lee,peter93@example.net,United States of America,2021-01-10,Standard,2547.09
1831,Lucas Tyler,wlucas@example.net,Cayman Islands,2024-01-26,Standard,2567.55
1832,Joseph Crawford,reynoldsanthony@example.org,Monaco,2020-05-24,Basic,274.5
1833,Steven Thomas,woodphillip@example.com,Pakistan,2023-11-20,Standard,1085.6
1834,Sylvia Turner,samantha78@example.com,Hungary,2022-01-12,Premium,13716.46
1835,Sara Lawrence,taylordavis@example.com,Guam,2020-11-16,Standard,1765.4
1836,Lisa Brown,sarah49@example.net,Denmark,2020-08-26,Premium,2647.57
1837,Taylor Solomon,michaeltorres@example.com,Maldives,2022-06-29,Premium,-399.21
1838,Diana Harper,kaylazamora@example.org,Spain,2024-08-23,Standard,778.08
1839,Elizabeth Mcdaniel,jennifer85@example.org,South Georgia and the South Sandwich Islands,2024-06-28,Basic,305.21
1840,Joseph Wilson,danielle39@example.net,Switzerland,2021-06-28,Basic,324.33
1841,Stephen Pacheco,john74@example.net,Kuwait,2022-03-21,Premium,8685.73
1842,Brianna Obrien,david68@example.com,Afghanistan,2024-02-02,Standard,1341.05
1843,Robert Scott,jgibson@example.net,Swaziland,2024-02-13,Premium,7139.04
1844,Keith Gonzalez,jarviscourtney@example.com,Nepal,2023-08-07,Basic,102.59
1845,Jeffrey Edwards,herbertward@example.org,Armenia,2020-07-22,Premium,5226.37
1846,Destiny Dunn,david16@example.org,Armenia,2020-07-15,Standard,1848.32
1847,Lacey Smith,tiffany44@example.com,Dominican Republic,2021-12-28,Standard,1695.39
1848,Luke Duncan,sarah53@example.org,Angola,2020-09-03,Standard,881.87
1849,Emily Robinson,nharris@example.org,Zimbabwe,2021-03-09,Standard,181.96
1850,Kenneth Mendez,lisa11@example.org,Tanzania,2023-06-24,Basic,375.22
1851,David Lynch,samantharamirez@example.org,Dominican Republic,2023-11-06,Standard,1058.47
1852,Jessica Valencia,ogriffin@example.org,Tanzania,2020-04-05,Basic,12.46
1853,Micheal Ramos,wjefferson@example.com,Angola,2021-05-19,Standard,2324.35
1854,Denise Macias,hkim@example.com,Gibraltar,2022-05-07,Basic,80.18
1855,Jordan Hughes,xobrien@example.org,Romania,2021-12-16,Basic,467.36
1856,Russell Vega,kristinclark@example.com,Guinea,2023-09-05,Basic,403.68
1857,David Roberts,nicolasrich@example.org,Poland,2024-12-19,Standard,1074.1
1858,Dana Wolfe,bmarquez@example.com,Montserrat,2022-12-31,Standard,2159.98
1859,James Henry,fblankenship@example.com,Equatorial Guinea,2024-04-16,Standard,2356.85
1860,Derrick Buck,timothy23@example.net,Oman,2023-11-25,Standard,881.43
1861,Kiara Gonzalez,wernermichael@example.org,Bermuda,2021-03-20,Standard,529.48
1862,Caitlin Gilbert,wrightalicia@example.com,Korea,2023-04-09,Basic,396.34
1863,Charles Graham,jeremycollins@example.net,Bangladesh,2024-11-04,Basic,154.87
1864,Brandon Williams,keithharrison@example.com,Ukraine,2020-01-05,Standard,1932.03
1865,Alan Ali,jonescraig@example.org,Martinique,2023-08-24,Standard,242.18
1866,Joel Hodges,ericfrederick@example.org,Solomon Islands,2024-05-16,Basic,446.84
1867,Scott Miranda,masonpatricia@example.com,Burkina Faso,2021-04-21,Basic,745.91
1868,John Bradford,michelleflowers@example.net,Slovenia,2023-03-09,Standard,1999.92
1869,David Thompson,reevesfernando@example.net,Saudi Arabia,2022-08-26,Standard,525.56
1870,William Taylor,steven76@example.net,Mauritius,2020-07-07,Basic,508.61
1871,Stacy Owens,kristin96@example.com,Malta,2020-05-11,Standard,2792.09
1872,Carol Hodge,lindaclark@example.net,Heard Island and McDonald Islands,2021-01-28,Standard,2769.99
1873,Ashley Strong,xbennett@example.org,Germany,2022-09-02,Basic,234.36
1874,Dr. Daniel Hampton,shannongarza@example.net,Burundi,2024-09-29,Basic,573.56
1875,Elizabeth Sanchez,lesterrebecca@example.com,Libyan Arab Jamahiriya,2020-05-23,Basic,28.48
1876,Micheal Watson,stevenperry@example.org,Ecuador,2023-04-26,Basic,212.45
1877,Stephanie Livingston,nathaniel57@example.com,Tuvalu,2024-05-16,Standard,1175.34
1878,Jessica George,lori87@example.org,Vietnam,2021-01-12,Standard,2863.86
1879,Dr. Andrea Rivera,sandra20@example.org,Cameroon,2023-11-07,Standard,950.93
1880,Kristina Brown,crystalwatson@example.com,Iraq,2024-03-24,Standard,1637.09
1881,Louis Reed,justin08@example.net,British Virgin Islands,2021-09-19,Standard,904.56
1882,Olivia Hamilton,estradaamy@example.net,Mongolia,2020-12-17,Standard,288.51
1883,Yvonne Hernandez,trivera@example.com,Saint Martin,2023-03-05,Standard,2005.07
1884,Debra Thomas,christopherreyes@example.com,Cyprus,2023-03-20,Basic,670.8
1885,Eric Mckay,robertlee@example.org,Japan,2022-03-14,Standard,564.17
1886,Dawn Moon,ritterfrank@example.org,Estonia,2024-05-11,Standard,2254.82
1887,Rachel Robinson,sandysnyder@example.org,Paraguay,2022-07-29,Premium,5918.87
1888,Steven Jensen,melissa49@example.net,Mexico,2020-09-03,Premium,7975.28
1889,Robin Rivera,alison98@example.net,Fiji,2020-09-12,Basic,125.41
1890,Paula Sanchez,hamiltonjoseph@example.net,French Southern Territories,2020-03-31,Standard,886.24
1891,Dr. Jared Crane MD,daniel28@example.org,Tanzania,2023-03-05,Standard,2808.88
1892,Shirley Wright,saraterry@example.net,Guyana,2020-08-21,Basic,230.66
1893,James Knight,,Yemen,2023-09-27,Standard,2989.95
1894,Andrea Edwards,grahamlisa@example.org,Israel,2022-07-04,Premium,8716.32
1895,Andre Pace,parkertommy@example.com,Vanuatu,2020-03-01,Standard,2796.4
1896,Leah Sullivan,justinbishop@example.org,Guadeloupe,2022-01-21,Premium,3726.22
1897,Gabriel Bennett,garciachristopher@example.net,Algeria,2022-07-20,Standard,1652.56
1898,Jeffrey Mosley,victoriasmith@example.org,Antigua and Barbuda,2020-11-23,Standard,1339.18
1899,William Richardson,elizabeth10@example.org,Uganda,2022-03-09,Premium,1109.15
1900,Brett Davies,mcneilchristina@example.org,Somalia,2023-12-27,Premium,9457.02
1901,James Holder,adamskelly@example.net,Barbados,2023-06-25,Standard,2918.56
1902,Diane Brown,eric81@example.com,New Caledonia,2023-07-22,Premium,2613.57
1903,Drew Long,elizabeth77@example.com,Zambia,2021-02-04,Basic,745.95
1904,Elaine Thornton,pbutler@example.com,Papua New Guinea,2021-03-25,Premium,9644.12
1905,David Hernandez,benjaminbrown@example.org,Cameroon,2021-03-20,Standard,324.3
1906,Jerry Hernandez,campbellmarvin@example.com,Mozambique,2020-03-10,Standard,2377.78
1907,John Ortiz,sharon37@example.net,Antigua and Barbuda,2020-12-02,Standard,1739.7
1908,James Reed,johnsonmelissa@example.com,Iceland,2022-11-02,Premium,13258.05
1909,Jonathan Barrett,ubowers@example.com,Burkina Faso,2024-03-02,Basic,128.34
1910,Nichole Zimmerman,susan92@example.org,Trinidad and Tobago,2021-03-16,Basic,491.04
1911,Tiffany Perry,vhutchinson@example.org,Armenia,2023-04-17,Premium,4346.13
1912,Cynthia Munoz,rebecca26@example.org,Sierra Leone,2024-05-31,Premium,10378.77
1913,Isaac Cooper,matthew17@example.net,Cook Islands,2022-02-19,Basic,137.53
1914,Gary Hopkins,alyssa89@example.net,Vanuatu,2020-10-05,Standard,2714.38
1915,Jessica Dodson,gibsonjennifer@example.net,French Guiana,2020-12-23,Premium,853.01
1916,Nicole Williams,andrew91@example.com,Switzerland,2020-08-03,Standard,2347.33
1917,Tanya Sloan,sandradavenport@example.org,Korea,2022-01-06,Standard,1250.31
1918,Steven Phelps,elizabethriley@example.com,Estonia,2021-10-24,Basic,639.89
1919,Daryl Walker,aallen@example.com,Australia,2021-01-08,Standard,1985.95
1920,Rebekah Hill,usmith@example.net,Solomon Islands,2020-11-24,Basic,250.82
1921,Kyle Williams,amandatran@example.org,Timor-Leste,2022-05-31,Standard,2093.74
1922,William Castro,gregory30@example.net,Japan,2020-07-09,Standard,1024.13
1923,Matthew Potts,garciasarah@example.net,Eritrea,2022-04-24,Standard,2765.2
1924,Eduardo Scott,rebeccaharris@example.org,Guyana,2024-05-02,Standard,2562.25
1925,Timothy Collins,joneseric@example.org,Timor-Leste,2020-03-20,Standard,786.09
1926,Tiffany Jones,tammy17@example.com,British Virgin Islands,2021-08-11,Premium,13445.61
1927,Sandy Nichols,olsonchristina@example.org,Guinea-Bissau,2022-11-09,Standard,2152.45
1928,Heather Hughes,amywright@example.org,United States Minor Outlying Islands,2022-04-07,Basic,661.73
1929,Regina Mcguire,gayfrancis@example.com,Central African Republic,2020-12-18,Premium,2226.91
1930,Melissa Lee,anthony66@example.org,Sri Lanka,2021-05-22,Standard,1912
1931,Robin Lewis,christinewebb@example.net,San Marino,2024-04-12,Standard,883.58
1932,Vanessa Garner,dgrant@example.com,Gibraltar,2022-12-14,Standard,1795.65
1933,Christina Williams,klopez@example.com,Andorra,2020-09-14,Basic,280.01
1934,Taylor Wong MD,montesmichelle@example.org,Burkina Faso,2023-12-14,Basic,193.85
1935,Linda Hoffman,watkinsthomas@example.net,Micronesia,2020-01-25,Basic,628.7
1936,Gina Weber,hartmandanielle@example.org,Georgia,2023-08-17,Premium,14337.2
1937,Jessica Williams,brownkevin@example.org,Qatar,2023-12-02,Standard,2678.87
1938,James Hernandez,melissa18@example.com,Belarus,2020-09-26,Standard,2318.79
1939,Dr. Jason Johnson IV,jenniferkane@example.net,Netherlands,2023-02-22,Standard,1007.86
1940,Ariel Wilson,katrina51@example.org,Morocco,2023-07-06,Premium,821.8
1941,Robert Hall,larry88@example.org,Sudan,2021-07-23,Standard,928.73
1942,Taylor Berg,rebecca41@example.com,Sao Tome and Principe,2022-07-16,Standard,940.48
1943,Emily Humphrey,barrettjoseph@example.org,Burundi,2024-07-06,Standard,543.61
1944,Travis Chapman,vancebrad@example.com,Iraq,2024-08-20,Premium,14046.37
1945,Deborah Garza,christopherjackson@example.net,Uruguay,2020-01-03,Basic,670.62
1946,Sharon Mccoy,ruizjessica@example.org,Chile,2022-07-09,Basic,226.87
1947,Samantha Fleming,veronicasmith@example.net,Turkey,2022-07-07,Standard,1714.11
1948,Robert Parsons,travisyoung@example.com,Croatia,2023-03-04,Basic,739.33
1949,Jasmine Bryan,max69@example.com,United States Minor Outlying Islands,2022-07-25,Premium,3466.26
1950,Debra Jensen,mannjonathan@example.net,Luxembourg,2020-11-23,Basic,759.17
1951,Brian Garza,hayley92@example.net,Mozambique,2022-03-17,Basic,507.75
1952,Michael Anderson,halljohn@example.org,Saint Martin,2020-06-27,Premium,1378.18
1953,James Sanford,susan90@example.net,Cote d'Ivoire,2024-11-08,Basic,477.72
1954,Sandra Smith,petersonsergio@example.org,Saint Kitts and Nevis,2020-05-20,Basic,441.09
1955,Barbara Wood,hgray@example.net,Falkland Islands (Malvinas),2021-12-27,Basic,378.92
1956,Dakota Reid,paullopez@example.net,Togo,2022-11-12,Basic,593.89
1957,Dana Burns,samuel40@example.com,Kyrgyz Republic,2020-10-07,Standard,899.77
1958,Richard Bass,nwarren@example.com,Bouvet Island (Bouvetoya),2024-12-17,Premium,5189.88
1959,Brenda Ramirez,ehammond@example.net,Bahrain,2021-10-04,Basic,610.62
1960,Hannah Newman,rharris@example.com,Iceland,2021-08-13,Standard,1109.24
1961,John Kim,andreyoung@example.com,Hungary,2021-04-17,Standard,1393.07
1962,Travis Hicks,danielgriffith@example.net,Equatorial Guinea,2023-05-21,Standard,1862.63
1963,Denise Barrett,julie01@example.net,Turks and Caicos Islands,2020-05-23,Standard,1590.77
1964,Steven King,katherinebarnett@example.net,Togo,2024-02-23,Premium,7390.01
1965,Rebecca Moreno,courtneymadden@example.org,Canada,2022-03-29,Basic,412.72
1966,Erin Norris,jacoboconnor@example.net,Serbia,2021-05-02,Premium,4304.98
1967,Michael Nelson,courtneysantiago@example.net,Mongolia,2022-03-12,Basic,311.09
1968,Anne Ruiz,pamelanguyen@example.com,Guinea-Bissau,2024-03-21,Basic,103.29
1969,David Cook,ryanhart@example.net,Belarus,2022-09-23,Standard,1650.29
1970,Steven Hall,harrisrobert@example.net,Barbados,2021-03-14,Standard,2757.23
1971,William Dunn,jeffreylewis@example.com,Bhutan,2024-01-29,Standard,866.72
1972,Adam Matthews,esparzadawn@example.com,Uganda,2021-07-03,Basic,325.25
1973,Glen Young,davisjohn@example.net,Mauritania,2024-02-11,Basic,676.18
1974,Teresa Allen,ibarker@example.org,Palestinian Territory,2024-11-03,Standard,534.04
1975,Monica Howe,nmontoya@example.com,Tuvalu,2024-07-17,Premium,11982.03
1976,Brandon Aguilar,aaron55@example.com,Moldova,2023-01-26,Standard,2327.23
1977,Alyssa Davis,contrerasjames@example.org,Djibouti,2024-06-01,Standard,2222.31
1978,Morgan Gonzalez,jamesphillips@example.org,Panama,2022-06-12,Basic,466.87
1979,Luke Johnson,michaelsherman@example.com,Syrian Arab Republic,2021-06-20,Basic,44.84
1980,Brittany Brown,thomassmith@example.com,Antigua and Barbuda,2021-01-03,Standard,1171.55
1981,Melinda Orozco,millereric@example.org,Cape Verde,2023-07-24,Basic,316.01
1982,Jeffrey Lyons,josephmeyer@example.net,Turks and Caicos Islands,2020-04-23,Standard,2503.75
1983,Tiffany Frederick,olivia29@example.net,Panama,2022-12-27,Basic,27.26
1984,Tiffany Coleman,qramirez@example.net,Croatia,2024-03-22,Standard,301.65
1985,Rebecca Houston,richardbennett@example.net,Lao People's Democratic Republic,2024-05-10,Standard,1550
1986,Shelly Wilson,rachelhall@example.net,Martinique,2023-05-08,Basic,119.49
1987,Ashley Mendoza,brianwhite@example.org,South Georgia and the South Sandwich Islands,2020-08-04,Standard,727.84
1988,Terry Romero,allenandrea@example.com,Malta,2024-01-11,Standard,326.63
1989,Debbie Rivera,mariawilliams@example.com,Thailand,2021-04-16,Basic,486.5
1990,Brenda Tyler,holmescolleen@example.org,Jamaica,2023-10-01,Premium,6219.42
1991,Kimberly Rojas,steven45@example.org,Antigua and Barbuda,2021-08-30,Premium,13715.02
1992,Penny Rowe,royjennifer@example.org,Gibraltar,2023-06-19,Standard,199.13
1993,Patrick Walsh,millerjames@example.org,Kazakhstan,2020-12-08,Standard,732.69
1994,Kimberly Watson,ballvanessa@example.com,Hong Kong,2023-02-20,Premium,7375
1995,Rebecca Gordon,karen42@example.org,Mayotte,2023-05-18,Standard,1230.94
1996,Lindsay Ray,hmitchell@example.org,Canada,2022-02-13,Basic,152.28
1997,Phillip Mason,edwardstaylor@example.net,Jordan,2020-11-02,Standard,1200.61
1998,Andrew Williams,nina65@example.net,Guam,2024-01-06,Standard,2672.87
1999,Nathaniel Hill,richardhart@example.org,Isle of Man,2021-03-03,Basic,671.77
2000,Derrick Perez,mike05@example.com,Swaziland,2021-10-09,Standard,1678.95
2001,Kenneth Blair,weberbrian@example.org,Dominican Republic,2021-03-05,Basic,563.23
2002,Scott Grant,kristin09@example.net,Zambia,2021-12-05,Standard,2381.3
2003,Tammy Lopez,brownlaurie@example.org,Tonga,2021-07-19,Basic,340.34
2004,Ruben Martinez,greenjessica@example.net,Christmas Island,2022-05-31,Standard,1774.52
2005,Kara Gilmore,zacharygray@example.org,Marshall Islands,2022-06-30,Premium,6669.45
2006,Jennifer Allen,thomasricardo@example.net,French Polynesia,2022-12-05,Basic,606.13
2007,Kelly Brewer,rickey20@example.org,Turkmenistan,2023-01-23,Standard,1413.7
2008,Mitchell Richardson,tlewis@example.com,Belize,2021-12-31,Premium,9277.11
2009,Andrew Price,michelle02@example.com,Solomon Islands,2024-06-06,Premium,4279.95
2010,Michael Morgan,kellychung@example.net,Angola,2024-12-07,Standard,772.66
2011,Julie Parker,michelle89@example.net,Madagascar,2023-10-06,Premium,10496.94
2012,Alison Perez,richardsonangela@example.net,Maldives,2020-11-19,Standard,1402.37
2013,William Rivera,stevendecker@example.org,Peru,2023-03-10,Premium,3459.31
2014,Amanda Mcdaniel,kaiserkelly@example.org,United States Virgin Islands,2021-12-10,Standard,2684.3
2015,Wayne Holloway,mariascott@example.com,Turks and Caicos Islands,2023-09-30,Standard,1862.31
2016,Jennifer Walker,lindadavis@example.net,Netherlands Antilles,2022-03-20,Standard,426.34
2017,John Johns,stephenscatherine@example.org,Dominican Republic,2022-09-10,Standard,295.33
2018,Lynn Gonzalez,dennisschneider@example.org,Armenia,2020-07-16,Premium,5826.52
2019,Sarah Cummings,hullcheryl@example.net,Luxembourg,2020-08-27,Standard,809.28
2020,Erin Price,ayu@example.net,Saint Helena,2022-05-13,Standard,1114.06
2021,Stephanie Smith,jasonjohnson@example.org,Namibia,2022-01-07,Standard,1118.16
2022,Richard Rodriguez,marywarren@example.org,Ecuador,2020-01-12,Premium,2227.98
2023,Felicia Walsh,sbaker@example.net,British Indian Ocean Territory (Chagos Archipelago),2024-08-25,Premium,565.34
2024,Susan Rangel,peterlynch@example.com,Burkina Faso,2020-08-22,Standard,2119.5
2025,Angela Munoz,pittsdanielle@example.net,France,2024-03-10,Standard,1902.48
2026,Eduardo Hall,bcooper@example.net,Burundi,2024-08-28,Standard,378.99
2027,Jennifer Jackson,shellyobrien@example.net,Cameroon,2023-03-24,Basic,780.47
2028,Jerry Rogers,qjones@example.org,Qatar,2024-12-13,Standard,1457.88
2029,Monica Anderson,cshepard@example.com,Norfolk Island,2021-07-02,Standard,2190.14
2030,Ricky Young,ypatterson@example.net,Aruba,2020-07-16,Standard,2888.26
2031,Anne Francis,bdeleon@example.org,Western Sahara,2020-12-01,Premium,9550.94
2032,William Meyer,michaelsanders@example.net,Benin,2023-11-23,Standard,1871.41
2033,Pamela Hughes,vjones@example.org,Bolivia,2023-05-25,Standard,312.05
2034,Patricia King,michael68@example.net,Cocos (Keeling) Islands,2024-11-21,Standard,533.71
2035,Brian Sims,jcoleman@example.net,United Kingdom,2021-07-01,Premium,2604.14
2036,Daniel Warren,kelly01@example.org,Gabon,2024-02-26,Basic,306.64
2037,Abigail Rose,vdeleon@example.com,Dominica,2023-01-07,Basic,194.76
2038,Michael Pierce,ricklewis@example.net,Holy See (Vatican City State),2021-05-29,Premium,872.97
2039,Becky Garcia,shannon09@example.org,Madagascar,2021-01-01,Standard,1263.59
2040,Justin Zimmerman,justin20@example.net,Korea,2022-10-31,Basic,441.27
2041,Lauren Martin PhD,kwang@example.com,Trinidad and Tobago,2021-05-09,Standard,2830.24
2042,Elizabeth Tran,amandadiaz@example.com,Northern Mariana Islands,2021-07-10,Basic,473.08
2043,Danielle Rivera,phillipskelsey@example.com,Montenegro,2022-09-15,Standard,1115.02
2044,Vanessa Lee,pamelarodriguez@example.org,French Polynesia,2024-10-22,Basic,1.83
2045,Paula Jordan,russellholly@example.net,Lebanon,2020-01-09,Basic,661.9
2046,Mark Bryant,bcompton@example.net,Kenya,2023-11-28,Premium,1351.2
2047,Daniel Hoffman,abigailrobinson@example.net,Panama,2020-11-07,Standard,2016.95
2048,Heidi Sanchez,dianehoffman@example.org,Taiwan,2023-02-16,Standard,522.63
2049,Dominique Smith,susan12@example.net,Mongolia,2023-09-11,Premium,4026.38
2050,Gloria Dunn,richardhines@example.net,Philippines,2022-10-06,Standard,147.71
2051,Matthew Davis,wberry@example.com,Norfolk Island,2023-07-12,Basic,393.36
2052,Ronald Smith,gstokes@example.net,Switzerland,2024-05-02,Premium,11834.64
2053,Brianna Lee,ashley14@example.org,Singapore,2024-08-26,Standard,2981.75
2054,Joshua Allen,melissa40@example.org,Syrian Arab Republic,2023-08-13,Basic,350.36
2055,Karen Walker,contreraswillie@example.net,India,2022-01-13,Standard,917.09
2056,Jean Murillo,basskathryn@example.net,Cook Islands,2022-02-20,Standard,1912.93
2057,Michael Olsen,madison00@example.org,Honduras,2020-04-22,Basic,583.01
2058,Lisa Ramirez,crystal15@example.org,Korea,2022-06-07,Standard,1133.88
2059,Christopher Soto,monicaavery@example.net,Isle of Man,2020-04-29,Premium,13005.31
2060,Amber Richardson,joseph77@example.com,Netherlands Antilles,2020-08-27,Premium,12506.68
2061,Christopher Klein,umcclure@example.com,Serbia,2022-10-05,Basic,552.28
2062,Megan Carlson,andrew17@example.net,Niue,2021-10-03,Standard,1527.97
2063,Tammy Leblanc,arianarandolph@example.org,Seychelles,2021-09-25,Standard,1231.38
2064,Alison Zuniga,carlos33@example.org,Korea,2023-10-22,Premium,8266.77
2065,Timothy Best,michael23@example.com,United States Virgin Islands,2020-09-13,Standard,607.24
2066,Ashley Stephens,marshalljamie@example.org,Philippines,2020-04-15,Basic,625.41
2067,Larry Smith,robinsonrobert@example.net,Paraguay,2021-01-27,Standard,201.81
2068,John Payne,nicholas33@example.com,Belarus,2021-11-28,Basic,134.11
2069,Kimberly Parker,barbergary@example.net,Gibraltar,2024-07-12,Standard,2181.95
2070,Sean Carter,dudleycody@example.com,Finland,2022-01-21,Standard,1154.11
2071,Cynthia Harris MD,rossamanda@example.org,United Kingdom,2022-07-06,Basic,686.45
2072,Richard Contreras,rosejones@example.org,Northern Mariana Islands,2023-09-23,Standard,1089.3
2073,John Hoover,curtislee@example.net,Venezuela,2021-09-07,Standard,467.95
2074,Carolyn Payne,rmueller@example.net,Kazakhstan,2024-01-02,Basic,332.23
2075,Jeffery Mckenzie,nancycharles@example.org,Mayotte,2021-09-29,Standard,252.33
2076,Emily Johnson,ashleycole@example.net,Angola,2020-06-27,Standard,287.13
2077,Michael Stephens DDS,hbecker@example.com,Lesotho,2022-07-12,Basic,668.58
2078,Jennifer Hurley,rachelholmes@example.org,Tokelau,2020-07-10,Premium,8383.32
2079,Holly Smith,christopherpittman@example.org,Czech Republic,2020-08-05,Standard,1660.2
2080,Erin Moore,qshelton@example.com,American Samoa,2024-09-26,Premium,9616.31
2081,Kimberly West,mcdanielrichard@example.org,Saint Martin,2023-09-04,Standard,1667.68
2082,Matthew Giles,holdendominic@example.net,Indonesia,2020-12-03,Standard,1217.38
2083,Nicole Friedman,joe99@example.net,France,2024-02-28,Standard,2808.37
2084,Shawna Benton,patriciajohnson@example.com,South Georgia and the South Sandwich Islands,2024-08-28,Premium,3378.23
2085,Larry Blair,mproctor@example.net,Puerto Rico,2024-04-12,Standard,1950.71
2086,Wayne Wong,nicole59@example.net,Micronesia,2023-02-06,Standard,1731.35
2087,Maria Campbell,ggarrett@example.com,Sudan,2023-10-21,Standard,1996.64
2088,Amanda Pena,kellyharold@example.net,Iran,2020-08-15,Standard,2417.35
2089,John Ryan,anthonygilbert@example.com,Hong Kong,2020-08-19,Basic,411.64
2090,Tracey Brown,isimpson@example.com,Hungary,2021-09-22,Standard,437.35
2091,Shannon Andrews,twagner@example.org,Taiwan,2022-12-19,Standard,417.66
2092,Erica Ray,cgamble@example.net,Martinique,2024-08-27,Basic,166.7
2093,Joseph Ross,faithsparks@example.com,Austria,2020-08-09,Standard,2494.79
2094,Sonya Alvarado,karla66@example.net,Niger,2021-06-29,Standard,2131.9
2095,Jesus Johnson,jacksonrachel@example.org,Slovakia (Slovak Republic),2024-02-12,Basic,146.85
2096,Sarah Adams,sarahlong@example.net,India,2020-01-13,Standard,2275.44
2097,Harry Ochoa,jacob32@example.net,Martinique,2024-03-24,Premium,880.1
2098,Sarah Clarke,michellelee@example.net,Vietnam,2022-01-07,Standard,2895.36
2099,Jared Green,jacob57@example.org,United States Minor Outlying Islands,2020-10-16,Premium,7901.77
2100,Jasmine Schmitt,richardlawrence@example.net,Cyprus,2020-10-03,Standard,820.12
2101,Lawrence Parks,walkervictoria@example.net,Botswana,2020-11-08,Basic,621.38
2102,Jeanne Diaz,ystone@example.net,Greece,2023-09-09,Premium,6259.7
2103,Frank Freeman,mallory30@example.org,Gambia,2021-02-24,Basic,727.26
2104,Barbara Leonard,housedaniel@example.com,Netherlands Antilles,2023-04-17,Basic,651.85
2105,Mr. Joseph Bush,josephjohnson@example.com,Cote d'Ivoire,2022-05-08,Standard,1380.28
2106,Brandon Carter,murphymark@example.org,Cuba,2022-01-28,Basic,709.5
2107,Holly Mercado,halvarez@example.org,Dominica,2023-07-08,Basic,18.25
2108,Jillian Stewart,moyerjoseph@example.org,Qatar,2020-03-03,Basic,164.64
2109,Rebekah Campbell,johnsonmichael@example.com,Hungary,2021-12-04,Standard,544.32
2110,Theresa Martinez,mhoffman@example.net,Syrian Arab Republic,2024-02-21,Premium,4636.55
2111,John Nelson,jimmypalmer@example.net,Togo,2020-06-12,Standard,634.3
2112,Jennifer Wu,michelle98@example.com,Somalia,2023-02-23,Standard,979.04
2113,Kimberly Ramirez,devonmccarthy@example.net,Guadeloupe,2020-05-26,Premium,3807.58
2114,Dr. Diana Chen,yoconnell@example.com,Solomon Islands,2022-05-03,Standard,2978
2115,Lisa Thompson,kevinmendez@example.org,Belize,2020-04-12,Premium,12824.09
2116,Jessica Cook,sarahsmith@example.org,Armenia,2020-10-25,Basic,376.08
2117,Eric Fowler,charlesyoung@example.net,Turkey,2022-09-08,Standard,443.61
2118,Wendy Wilson,miranda13@example.org,Gibraltar,2020-08-23,Premium,7754.29
2119,Andrew Harris,lpeters@example.net,Bolivia,2024-09-07,Premium,3901.73
2120,Duane Meyer,ncruz@example.net,Liechtenstein,2021-10-07,Standard,2880.92
2121,Victor Vaughn,rodneynolan@example.com,Saint Helena,2023-03-30,Standard,2793.55
2122,Maria Hernandez,andersonmeghan@example.net,Romania,2022-04-26,Premium,2878
2123,Jacob Clark,foxlinda@example.org,Russian Federation,2023-05-24,Standard,1828.48
2124,Rose Mclaughlin,marymartinez@example.net,Cambodia,2020-12-01,Premium,4413.2
2125,Maria Sims,brownjoanna@example.org,Mali,2023-03-20,Standard,374.59
2126,Dennis Moore,icooper@example.org,Seychelles,2020-12-03,Standard,321.18
2127,Joseph Miller,lthompson@example.com,Lesotho,2023-08-29,Standard,918.27
2128,David Mcpherson,timothy62@example.net,Western Sahara,2023-10-08,Standard,2937.42
2129,Charles Davis,qreyes@example.net,Dominican Republic,2023-08-25,Premium,5639.48
2130,Jenna Dunn,jenniferhorne@example.net,Latvia,2020-11-30,Premium,5936.17
2131,Jim Lewis,ucobb@example.org,Vanuatu,2024-01-15,Standard,2624.84
2132,Lauren Lopez,nguyengerald@example.net,Zimbabwe,2022-07-02,Basic,667.82
2133,Lisa Figueroa,stephanieoconnor@example.com,Palestinian Territory,2022-03-29,Basic,327.4
2134,Angela Turner,joeljackson@example.net,Haiti,2020-01-19,Basic,662.35
2135,Dana Lane,lukecase@example.com,Israel,2020-09-24,Standard,1647.55
2136,Nathaniel Ford,zrobinson@example.com,French Guiana,2020-01-01,Standard,852.48
2137,Alejandro Cook,becky79@example.net,Saint Kitts and Nevis,2024-01-23,Standard,1318.88
2138,Steven Munoz,ksmith@example.org,Kazakhstan,2022-01-24,Basic,313.4
2139,Anthony Wright,fwolf@example.net,Bouvet Island (Bouvetoya),2022-10-21,Basic,429.17
2140,Michael Roth,bethanygrant@example.net,Ecuador,2024-06-17,Basic,723
2141,Alfred Leonard,taylormichael@example.net,Somalia,2020-04-22,Basic,280.9
2142,Amy Lopez,warejoseph@example.net,Liechtenstein,2023-08-20,Standard,1531.33
2143,Teresa Dyer,nbailey@example.net,Saint Vincent and the Grenadines,2023-04-17,Basic,662.86
2144,Sherry Contreras,jack86@example.org,South Georgia and the South Sandwich Islands,2021-12-13,Basic,150.08
2145,Nicole Bright,harrisjoshua@example.com,Dominica,2024-06-06,Standard,1783.23
2146,Maria Briggs,daniel15@example.org,Zimbabwe,2024-09-06,Basic,489.41
2147,Nicholas Roach,johnsonedward@example.net,Chad,2023-01-18,Premium,8540.2
2148,Monica Matthews,elizabeth14@example.org,Lesotho,2022-08-02,Basic,534.14
2149,Sean Dixon,salazarjames@example.org,Morocco,2021-12-04,Basic,171.32
2150,John Clark,hdavis@example.org,Indonesia,2023-04-11,Premium,8945.38
2151,Chris Hernandez,ericdelacruz@example.net,Kuwait,2020-04-08,Standard,1947.39
2152,Paul Taylor,obrienjulie@example.org,Brazil,2021-10-09,Premium,8443.6
2153,James Anderson,bobbywilliamson@example.org,Kiribati,2020-03-18,Basic,587.79
2154,Grant Newton,mrandolph@example.net,San Marino,2020-11-24,Basic,365.61
2155,Amanda Armstrong,njames@example.net,American Samoa,2023-08-16,Standard,2050.66
2156,Jordan Mcdowell,kimberly12@example.com,Christmas Island,2022-10-04,Basic,522.3
2157,Duane Clarke,igarrett@example.com,Tokelau,2021-08-05,Premium,3497.9
2158,Maurice Hendrix,caitlynbennett@example.org,Tajikistan,2023-09-30,Standard,420.13
2159,Cheryl Bradford,jennifer10@example.org,Saint Barthelemy,2021-11-20,Standard,784.36
2160,Linda Anderson,xcolon@example.org,Denmark,2023-05-07,Premium,2161.77
2161,Barbara Hill,jmcconnell@example.com,Mauritius,2023-02-16,Standard,1007.12
2162,Eric Bradshaw,meghangreen@example.org,Tuvalu,2020-08-27,Standard,2976.18
2163,Brooke Thomas,bconrad@example.org,Guyana,2020-05-24,Standard,965.76
2164,Karen Grant,bruce99@example.org,Kenya,2020-10-14,Standard,2770.13
2165,Tracey Reynolds,gutierrezdavid@example.com,Marshall Islands,2020-10-24,Basic,183.07
2166,Stephanie Peterson,stephanie20@example.org,Reunion,2024-10-25,Standard,2653.31
2167,Donna Wright,smithmichael@example.com,Zimbabwe,2022-10-08,Basic,609.23
2168,Thomas Bowman MD,cindy57@example.net,Philippines,2020-09-10,Standard,137.72
2169,Hannah Mitchell,sonyaking@example.org,Burundi,2022-07-05,Standard,817.27
2170,Danielle Hamilton,williamsbrian@example.org,South Georgia and the South Sandwich Islands,2022-01-12,Standard,2141.62
2171,Barbara Clark,gspencer@example.com,Iran,2020-05-09,Standard,1448.21
2172,Tony Burns,iblack@example.org,Maldives,2020-01-30,Standard,2120.51
2173,Nicholas Diaz,hernandezanthony@example.net,Botswana,2020-11-12,Standard,2702.46
2174,Michele Ford,williamortiz@example.org,Egypt,2020-03-26,Premium,5737.36
2175,Micheal Cook,hesskeith@example.net,Zimbabwe,2023-02-18,Standard,753.85
2176,Eric Owen,dannygonzalez@example.org,Mongolia,2020-10-28,Standard,1082.83
2177,Gregory Villarreal,sean69@example.com,Luxembourg,2023-05-04,Standard,1580.68
2178,Bryan Smith,yvonnelara@example.org,New Caledonia,2020-12-28,Basic,506.35
2179,Rodney Calhoun,bweeks@example.com,Jordan,2023-10-12,Standard,1338.39
2180,Angela Richards,mariahlyons@example.com,Andorra,2022-03-02,Basic,625.36
2181,William Powell,vgarcia@example.net,Namibia,2023-07-09,Basic,498.22
2182,Barry Wilson,qchapman@example.com,British Virgin Islands,2021-07-03,Basic,714.34
2183,Amanda Curry,brenda88@example.org,Swaziland,2023-05-30,Basic,495.92
2184,Nicole Hodge,audrey53@example.net,Russian Federation,2021-02-08,Premium,14245.59
2185,Richard Williams,mortonkenneth@example.net,Swaziland,2023-01-18,Standard,2933
2186,Thomas Logan MD,pfowler@example.org,Congo,2022-08-25,Premium,4995.67
2187,Jeffrey Martinez,jreyes@example.net,French Guiana,2021-09-01,Basic,248.83
2188,Terry Moses,javiermitchell@example.org,Libyan Arab Jamahiriya,2022-10-27,Standard,110.79
2189,Derek Hall,kathleenkim@example.org,Saint Pierre and Miquelon,2022-04-02,Standard,796.17
2190,Kaylee Garza,brandi19@example.com,Sri Lanka,2024-12-27,Basic,778.48
2191,Michael Bartlett,nicolecharles@example.net,Burundi,2023-04-27,Premium,13607.04
2192,John Robertson,danieljenkins@example.org,Panama,2023-04-08,Standard,2904.89
2193,Alyssa Pratt,cody81@example.org,Heard Island and McDonald Islands,2024-10-06,Basic,799.75
2194,Nicole Duncan,hlester@example.org,Kenya,2022-11-03,Premium,11626.28
2195,Monica Medina,sarah80@example.org,Mayotte,2022-12-15,Standard,1999.34
2196,Stephanie Torres,eugenemartinez@example.com,Mali,2022-08-15,Basic,155.42
2197,Tammy Duncan,xcompton@example.com,Venezuela,2021-05-18,Premium,4223.45
2198,Christopher Cain,amber67@example.com,Lebanon,2020-01-21,Standard,1361.42
2199,Sandra White,omarmiller@example.net,Iraq,2021-09-12,Standard,1590.7
2200,Matthew Miller,williamporter@example.net,Faroe Islands,2021-02-20,Standard,2008.04
2201,Lindsay Henderson,stevengoodwin@example.net,Western Sahara,2024-01-06,Premium,13459.58
2202,Dr. Karen Reid MD,jerome14@example.org,Somalia,2023-04-13,Basic,773.06
2203,Ashley Simmons,plam@example.org,Christmas Island,2020-06-15,Basic,496.14
2204,Mr. Robert Tran,mathewbennett@example.org,Slovakia (Slovak Republic),2024-06-15,Premium,3483.58
2205,Lauren Trevino,owhite@example.org,Turks and Caicos Islands,2020-01-15,Standard,607.1
2206,Jennifer Bowman,preyes@example.net,Estonia,2024-09-19,Standard,539.14
2207,Jessica Baker,edward70@example.org,Monaco,2022-11-01,Basic,458.88
2208,James Moore,bethany36@example.com,Mauritius,2021-08-03,Standard,2076.27
2209,April Ponce,josephross@example.net,Macao,2022-05-19,Premium,11781.32
2210,Andrew Graham,randall28@example.com,Netherlands,2020-01-25,Premium,3037.78
2211,Jessica Hanson,davischarles@example.org,Namibia,2020-01-15,Basic,257.67
2212,Wendy Wright,yolandamarks@example.net,Ireland,2021-06-25,Standard,1064.09
2213,Daniel Cortez,petersontina@example.org,Uruguay,2022-02-20,Basic,32.76
2214,Justin Davis,kimberly02@example.com,United States of America,2023-10-21,Standard,669.9
2215,Nicole Simpson,david16@example.com,Pakistan,2024-05-11,Basic,622.64
2216,Corey Roberts,frenchrobert@example.org,Latvia,2020-02-10,Premium,14763.97
2217,Kari Buck,bartondavid@example.com,Nepal,2021-02-05,Premium,9057.02
2218,Nicole Mccoy,clinesteven@example.net,Cameroon,2023-04-19,Basic,726.45
2219,Bobby Nelson,cobbmary@example.net,Colombia,2022-01-30,Basic,53.17
2220,Lori Valentine,ijensen@example.net,Sri Lanka,2021-04-10,Standard,1578.91
2221,Melissa Perkins,gcollins@example.com,Montenegro,2023-06-10,Standard,1408.14
2222,Steven Davis,brianna50@example.org,British Virgin Islands,2021-04-20,Standard,1423.27
2223,Miranda Frazier,kirkkimberly@example.com,Egypt,2021-06-25,Standard,1510.34
2224,Jane Neal,daniel71@example.com,Pitcairn Islands,2021-08-05,Premium,6012.2
2225,Crystal Carlson,uclark@example.org,Isle of Man,2024-12-05,Basic,693.38
2226,Maria Garcia,mark90@example.com,Libyan Arab Jamahiriya,2020-07-25,Standard,2133.69
2227,Alexander Douglas,lindsay48@example.net,El Salvador,2021-01-17,Basic,92.63
2228,Edward Bennett,rfleming@example.net,Tokelau,2020-03-16,Premium,1899.46
2229,Jessica Jimenez,murphyryan@example.org,American Samoa,2020-09-16,Premium,1356.32
2230,Tara Edwards,tracy75@example.net,Uganda,2020-04-22,Standard,555.63
2231,Jerry Benton,tami38@example.net,Antarctica (the territory South of 60 deg S),2024-07-29,Standard,2501.88
2232,David Casey,lauren62@example.net,Colombia,2024-03-29,Standard,2371.12
2233,Gabrielle Roberts,sandersmatthew@example.net,Guatemala,2021-02-08,Premium,10990.66
2234,Anthony Neal,lmartin@example.org,China,2023-01-28,Basic,590.78
2235,Christopher Gill,epatterson@example.net,Palestinian Territory,2024-06-01,Basic,585.87
2236,James Gallagher,pricedale@example.org,Fiji,2024-06-12,Basic,589.17
2237,Ariel Watson,amanda86@example.org,Albania,2020-09-01,Premium,8567.15
2238,Veronica Smith,zchapman@example.com,Rwanda,2024-01-09,Standard,717.78
2239,Justin Gonzalez Jr.,scott04@example.com,Burkina Faso,2021-05-30,Standard,1315.23
2240,Jennifer Baker MD,ujones@example.org,Uruguay,2020-06-03,Standard,365.89
2241,Damon King,bpeterson@example.com,Qatar,2023-01-13,Standard,169.14
2242,Janice Goodwin,murraymichael@example.net,Chile,2020-11-05,Premium,4852.99
2243,Dennis Palmer,david83@example.net,Greece,2022-01-15,Standard,1198.9
2244,Heidi Goodwin,brandon64@example.com,Palau,2024-11-07,Standard,798.59
2245,Matthew Morgan,mollybruce@example.org,Bouvet Island (Bouvetoya),2024-06-26,Standard,973.88
2246,Cory Michael,imitchell@example.net,Serbia,2022-01-07,Premium,10271.21
2247,Vanessa Fleming,hayesrachel@example.com,Serbia,2022-11-20,Standard,179.29
2248,Matthew Newman,tracyjohnson@example.net,Mauritania,2023-03-05,Standard,1582.84
2249,Christopher Jones,agomez@example.net,Mauritius,2023-06-17,Standard,2064.35
2250,Ryan Lawson,crivers@example.com,Greenland,2020-03-07,Standard,2813.84
2251,Cheyenne Hughes,markgardner@example.org,Ethiopia,2023-04-03,Standard,696.57
2252,Crystal Abbott,alexander18@example.org,Saint Barthelemy,2024-07-15,Basic,594.12
2253,Jessica Wagner,kirbymichael@example.org,Fiji,2020-12-12,Standard,2606.67
2254,Thomas Moses,jose08@example.org,Svalbard & Jan Mayen Islands,2023-12-19,Standard,852.84
2255,Heidi Jones,shannonmueller@example.org,American Samoa,2021-09-27,Basic,177.2
2256,Marilyn Lozano,john91@example.org,Mauritania,2022-04-03,Standard,170.5
2257,Jonathan Guerrero,klara@example.net,Jamaica,2021-08-27,Basic,345.17
2258,Kelsey Frank DVM,torrestricia@example.com,Mozambique,2023-04-19,Basic,198.49
2259,Sara Garcia,qbecker@example.com,Djibouti,2024-10-27,Premium,7687.37
2260,Brandon Daniel,lpage@example.com,Bulgaria,2024-03-27,Standard,2984.51
2261,Sandra Wong,pmartin@example.org,Montenegro,2023-08-23,Standard,2620.71
2262,Brittany Rodriguez,kjohnson@example.net,Cote d'Ivoire,2023-12-20,Basic,618.67
2263,Ms. Kayla Williams,garymartinez@example.org,American Samoa,2024-02-16,Standard,288.58
2264,Christopher Smith,holtpaul@example.com,Hong Kong,2020-07-12,Premium,13768.64
2265,Thomas Romero,hespinoza@example.org,Mexico,2020-02-25,Standard,1234.56
2266,Edward Watson,robertssamantha@example.org,Ukraine,2020-09-09,Premium,9343.71
2267,Tanya Santos,lawrencekari@example.com,Falkland Islands (Malvinas),2024-07-12,Basic,180.23
2268,Paul Chase,jamesparker@example.net,Germany,2021-01-22,Standard,1452.1
2269,Rachel Johnson,jessicavang@example.com,Syrian Arab Republic,2020-07-15,Basic,541.26
2270,Sydney Smith,sherry96@example.com,Syrian Arab Republic,2021-10-21,Basic,60.06
2271,Alejandro Barker,qreynolds@example.com,Jamaica,2020-03-20,Standard,605.35
2272,Benjamin Stein,thendricks@example.org,Russian Federation,2022-06-11,Standard,1859.5
2273,Ryan Kaiser,valeriesmith@example.com,Mauritius,2022-05-10,Basic,158.11
2274,James Meyers,kelsey70@example.net,Nicaragua,2020-07-31,Basic,643.11
2275,Raymond Wolf,mbarnes@example.com,Micronesia,2021-07-24,Basic,589.65
2276,Joseph Bradley,mmoore@example.com,Slovenia,2021-03-05,Premium,4459.41
2277,David Hamilton,kennedywanda@example.net,Norway,2023-03-14,Standard,967.55
2278,Mr. Jackson Watson,dwhite@example.org,Montenegro,2021-03-05,Standard,2654.7
2279,James Steele,davidharding@example.org,Jersey,2024-09-23,Basic,195.01
2280,Pamela Howard,omarturner@example.org,Micronesia,2021-12-26,Standard,1656.25
2281,Paige Baird,sarah17@example.com,Grenada,2023-01-01,Standard,2391.57
2282,Valerie Wilson,tbryant@example.org,Paraguay,2021-12-05,Premium,14861.46
2283,Katherine Cruz,kristendavis@example.net,South Georgia and the South Sandwich Islands,2020-10-17,Standard,1410.07
2284,Kristen Ramirez,bcase@example.com,Christmas Island,2022-08-20,Basic,274.43
2285,Larry Woods,colelisa@example.com,Saint Helena,2020-02-25,Standard,1501.52
2286,Deborah Anderson,erin57@example.org,Ghana,2024-11-13,Premium,3080.95
2287,Jonathan Smith,davidkane@example.com,Switzerland,2021-12-13,Basic,768.71
2288,Kenneth Hurley,brownreginald@example.net,United Arab Emirates,2024-11-05,Basic,348.58
2289,Donald Brown,jasontaylor@example.com,Christmas Island,2024-07-04,Premium,10366.34
2290,Tamara Carr,adam17@example.net,Pakistan,2021-09-28,Standard,2503.88
2291,Ruth White,jennifer31@example.org,Italy,2020-10-24,Basic,264.65
2292,Todd Daniels,adam10@example.com,Western Sahara,2022-06-29,Basic,241.12
2293,Melissa Rush,wilsonnathan@example.org,New Zealand,2021-07-04,Standard,442.3
2294,John Aguirre,edwardsronald@example.net,Turkmenistan,2021-08-19,Standard,2358
2295,Jack Arroyo,kbrown@example.org,Cook Islands,2021-01-13,Standard,1255.11
2296,Joel Pacheco,wileyaudrey@example.com,Monaco,2020-07-10,Premium,12606.68
2297,Melissa Perez,,Nauru,2020-08-02,Basic,235.81
2298,Cindy Mathews,david44@example.com,Seychelles,2022-01-08,Premium,14249.68
2299,Russell Davis,tiffanyharris@example.com,Sudan,2024-09-08,Premium,13330.38
2300,Cindy Townsend,johnsonmartin@example.org,Guinea,2020-08-19,Basic,49.66
2301,Mary Powell,caseystafford@example.org,Turkmenistan,2020-09-05,Basic,505.38
2302,Monica Kim,matthewhull@example.com,Marshall Islands,2022-01-25,Basic,296.03
2303,Scott Werner,bwilliams@example.com,Congo,2021-04-21,Standard,691.6
2304,Colleen Robbins,patricia88@example.org,Mexico,2022-09-03,Standard,1750.2
2305,Christopher Mcbride,zmorse@example.net,Thailand,2022-05-15,Standard,2408.68
2306,Thomas Fernandez,matthew77@example.com,Romania,2020-09-02,Standard,1792.99
2307,Ian Harvey,christopher62@example.org,Mongolia,2020-03-12,Standard,258.53
2308,Roger Wheeler,rachel51@example.org,Lithuania,2022-05-30,Standard,1549.35
2309,Emily Johnson,prestoncory@example.org,Bolivia,2022-02-18,Standard,870.44
2310,Jordan Hughes,thomaslinda@example.net,Western Sahara,2022-10-26,Basic,542.07
2311,James Mcdaniel,garyjohnson@example.net,Niger,2020-12-26,Basic,166.95
2312,David Roth,holly12@example.org,Uganda,2020-05-20,Premium,11194.45
2313,Chad Kim,kristen95@example.org,Algeria,2022-08-29,Standard,812.09
2314,Jason Burnett,millerdaniel@example.org,Tokelau,2020-09-25,Premium,9937.4
2315,Catherine Johns,scott95@example.org,Kazakhstan,2024-02-24,Standard,249.32
2316,Tyler Vasquez,ipadilla@example.com,Nepal,2023-08-24,Standard,467.11
2317,Tara Erickson,dawn31@example.org,Algeria,2021-04-08,Premium,9095.53
2318,Mrs. Megan Robinson,kendra03@example.net,Ukraine,2022-03-26,Basic,363.02
2319,April Bailey,johnsross@example.net,New Zealand,2021-09-30,Standard,2292.38
2320,Paige Brown,courtney13@example.net,Guadeloupe,2023-03-28,Basic,759.64
2321,Lisa Thompson,michael35@example.net,Montenegro,2021-12-17,Premium,2865.02
2322,Angel Hughes,browntamara@example.net,Wallis and Futuna,2021-10-01,Premium,4329.22
2323,Maria Sanders,jhahn@example.org,Barbados,2024-08-21,Standard,1243.31
2324,Michelle Woods,osbornepaula@example.com,Macao,2020-09-27,Premium,13152.23
2325,Michael Moran,eileenhudson@example.com,Gambia,2020-08-23,Standard,531.59
2326,Tracey Brooks,andrewlong@example.com,Honduras,2021-09-26,Basic,418.11
2327,Sarah Cook,robinsoncynthia@example.org,Barbados,2020-02-15,Standard,645.73
2328,William Edwards Jr.,gwhite@example.com,Mauritania,2024-12-17,Premium,11779.19
2329,Kevin Burton,jefferywalker@example.com,Togo,2022-08-09,Standard,1263.88
2330,Adrian Cobb,daypatricia@example.net,Aruba,2024-02-13,Standard,1896.7
2331,Aaron Duran,pdixon@example.org,Canada,2023-03-06,Standard,860.75
2332,Audrey Cruz,irobinson@example.net,Vanuatu,2022-02-28,Standard,1335.74
2333,Steven Cook,kcook@example.net,Somalia,2022-04-15,Basic,565.56
2334,Mrs. Shannon Valencia,jacksonjillian@example.com,Georgia,2020-06-23,Premium,12523.3
2335,Anthony Ashley,robertbrock@example.org,South Georgia and the South Sandwich Islands,2023-02-04,Standard,1742.78
2336,Michael Ellis,abigail14@example.com,Kyrgyz Republic,2021-07-15,Standard,773.23
2337,Melissa Martinez,zwilson@example.com,Tajikistan,2020-02-16,Basic,530.89
2338,Miguel Pierce,jaimegraves@example.org,Bolivia,2020-08-20,Standard,488.91
2339,Lisa Keller,gomezrenee@example.org,Mali,2021-12-26,Standard,888.09
2340,Katherine Smith,ariana61@example.org,Macao,2023-11-29,Premium,12368.44
2341,Joseph Cook,crossnicole@example.net,San Marino,2022-03-02,Premium,5848.22
2342,William Jackson,jameszachary@example.net,Australia,2021-11-04,Premium,11383.31
2343,Patricia Stark,znichols@example.net,Netherlands,2021-08-21,Basic,160.78
2344,Andrea Werner,williamperkins@example.org,Spain,2022-07-21,Standard,2566.18
2345,Erin Macias,sandovalwendy@example.org,Chile,2021-06-26,Basic,82.22
2346,Karen Smith,andreagilbert@example.net,Brunei Darussalam,2021-09-13,Premium,6532.02
2347,Sara Perez,briandavis@example.com,Libyan Arab Jamahiriya,2024-11-04,Basic,487.91
2348,Miss Monique Middleton,jonesterri@example.com,Morocco,2022-11-14,Basic,668.49
2349,Christina Smith,jillnavarro@example.org,Argentina,2020-02-14,Premium,3743.8
2350,Veronica Hill,jefferyanderson@example.net,Kazakhstan,2022-09-16,Premium,4294.16
2351,Dr. Cameron Liu II,blakefrank@example.org,Macao,2024-03-03,Premium,11170.9
2352,George Williams,randy00@example.com,Saint Barthelemy,2020-07-03,Basic,84.75
2353,Crystal Clayton,zstevens@example.net,Bhutan,2020-08-14,Standard,1831.15
2354,Courtney Tate,pearsonvicki@example.org,Israel,2023-01-11,Standard,2377.96
2355,Robin Good,harrisonnicholas@example.net,Armenia,2022-04-18,Standard,688.44
2356,Caitlin Curry,davidglover@example.com,Egypt,2020-05-16,Basic,727.65
2357,Natalie Nicholson,harveyphilip@example.org,Montenegro,2020-07-12,Standard,1427.3
2358,Sean Mcmillan,gtucker@example.org,Haiti,2022-11-11,Standard,2268.26
2359,Stephen Novak,zskinner@example.com,Zimbabwe,2020-05-11,Basic,210.41
2360,Stephanie Reyes,fspears@example.net,Malaysia,2024-07-06,Premium,13571.4
2361,Heidi Brown,kimberly44@example.net,Argentina,2020-06-24,Basic,782.15
2362,Jeffrey Petty,cassandra33@example.net,Israel,2020-07-17,Premium,2890.35
2363,Eric Munoz,shawnanderson@example.org,Hungary,2020-10-05,Standard,380.12
2364,Stephen Wilson,tanya43@example.com,Papua New Guinea,2021-05-01,Basic,642.94
2365,Ronald Cooper,joseph21@example.net,Malaysia,2020-09-19,Standard,961.23
2366,Makayla Friedman,mavery@example.net,Niger,2024-12-03,Standard,1044.27
2367,Marcus Russell,jennifersolomon@example.net,Belize,2021-04-17,Standard,549
2368,Laura James,jamesmorgan@example.org,Tuvalu,2021-05-24,Standard,2383.59
2369,Vincent Hays,ldickson@example.com,Papua New Guinea,2020-04-15,Standard,2906.54
2370,Joseph Walker,stacy03@example.org,Belgium,2020-04-20,Standard,2789.22
2371,Holly Barnett,xsullivan@example.net,Ethiopia,2024-04-27,Standard,1635.62
2372,John Luna,victor76@example.net,Rwanda,2020-08-04,Standard,2979.27
2373,Rebecca Adams,stacey53@example.com,Heard Island and McDonald Islands,2023-01-06,Standard,2173.89
2374,Wendy Nelson,mvelazquez@example.net,Hong Kong,2024-04-06,Standard,165.14
2375,Amy Clark,david25@example.com,Heard Island and McDonald Islands,2023-03-16,Standard,2402.65
2376,Michael Smith,sara94@example.net,Benin,2020-05-04,Premium,5958.45
2377,Cathy Ross,marcuscase@example.net,Hong Kong,2021-06-14,Basic,591.35
2378,Ryan White,alexanderberg@example.com,Burkina Faso,2023-05-06,Standard,1324.33
2379,Ricardo Chapman,bakerpaul@example.com,Austria,2020-07-07,Premium,6107.07
2380,Dr. Marie Silva MD,shelleyvelasquez@example.com,Singapore,2020-09-18,Standard,2626.04
2381,Eric Higgins,chavezrobert@example.net,Sierra Leone,2020-07-25,Basic,50.12
2382,Brian Solomon,johnsondebbie@example.net,British Virgin Islands,2021-08-27,Standard,2881.48
2383,Joseph Kelly Jr.,millerjessica@example.com,Bermuda,2020-12-04,Premium,8342.42
2384,Kristin Flores,michaelmontes@example.com,Saint Vincent and the Grenadines,2023-05-28,Premium,12522.06
2385,Jessica Bullock,rgreen@example.net,Tuvalu,2024-02-22,Premium,14784.18
2386,Amber Crawford,mollypeck@example.net,Anguilla,2022-01-21,Basic,686.06
2387,Jennifer Peterson,jeffreywallace@example.com,Bulgaria,2022-05-21,Basic,296.84
2388,Jennifer Nguyen,jamessmith@example.com,United States Minor Outlying Islands,2021-05-27,Premium,4498.27
2389,Ronald Buckley,lisa78@example.org,Anguilla,2024-10-02,Basic,511.47
2390,Holly Banks,johnsonsamantha@example.com,Togo,2023-04-19,Premium,8076.34
2391,Monica Jones,luisbates@example.org,British Indian Ocean Territory (Chagos Archipelago),2024-09-25,Standard,1469.6
2392,Larry Perez,hammondjeff@example.com,Marshall Islands,2024-10-30,Basic,626.98
2393,Melissa Snyder,rebekahgonzalez@example.org,Honduras,2024-08-28,Standard,1602.74
2394,Heather Moore,uthompson@example.org,Netherlands Antilles,2023-04-17,Premium,1110.38
2395,Laura Welch,wbowers@example.org,Saint Helena,2022-12-14,Standard,1963.53
2396,Luis Wilcox,reneehernandez@example.org,Northern Mariana Islands,2023-04-16,Basic,99.9
2397,Robin Perez,patriciamorrison@example.org,Afghanistan,2022-11-08,Standard,1454.28
2398,Samuel Vazquez,kimberlyperez@example.org,Jamaica,2023-12-25,Premium,5200.12
2399,Jordan Stanton,dsanders@example.net,Kuwait,2022-03-16,Premium,5478.88
2400,Cody Lawson,,Hong Kong,2024-02-14,Standard,1903.37
2401,Adrian Martinez,pgarcia@example.net,Cyprus,2024-11-07,Standard,253.14
2402,Kristin Castro,janicestuart@example.com,Papua New Guinea,2023-02-02,Basic,338.27
2403,Lorraine Leblanc,amanda46@example.com,Cook Islands,2021-01-03,Basic,159.66
2404,Paul Anderson,tinabrandt@example.net,Cape Verde,2021-02-11,Basic,523.97
2405,Christopher Joseph,walterskaren@example.com,El Salvador,2022-12-31,Basic,775.26
2406,Hannah Mooney DVM,jenniferortega@example.net,Norfolk Island,2020-01-21,Standard,1246.63
2407,Cassandra Mullen,lbrown@example.net,Guadeloupe,2023-01-01,Standard,2767.93
2408,Matthew Mccullough,marissareid@example.net,Lesotho,2021-06-29,Standard,1511.35
2409,Dana Wyatt,schmidtjoseph@example.net,South Africa,2021-03-07,Standard,2117.97
2410,Brian Young MD,jermaine84@example.org,Palau,2023-01-27,Basic,697.13
2411,Brittany Beasley,robinsonpaul@example.com,Panama,2020-11-28,Standard,336.79
2412,Richard Beck,ashleycortez@example.net,Haiti,2020-08-25,Basic,794.97
2413,Erik Hill,uwilliams@example.com,Montenegro,2022-03-29,Standard,2153.76
2414,Christopher Sims,richardsonronnie@example.net,Ethiopia,2020-01-17,Standard,1872.09
2415,Keith Hull,mark40@example.net,Venezuela,2023-01-23,Standard,2378.9
2416,Laura Bennett,brittanyhayes@example.com,Guinea-Bissau,2022-10-06,Premium,14890.86
2417,Amy Lara,andrewjackson@example.org,Papua New Guinea,2024-10-24,Standard,1882.14
2418,Marcus Pearson,taylordorothy@example.org,Gambia,2020-03-26,Standard,2178.66
2419,Dakota Sanchez,nbullock@example.com,Kyrgyz Republic,2022-11-14,Premium,13446.49
2420,Maria Sullivan,klewis@example.com,Liechtenstein,2021-07-12,Basic,365.59
2421,Crystal Yates,davidpearson@example.net,Serbia,2024-11-25,Premium,12888.91
2422,Tyler Dominguez,awong@example.com,Dominica,2020-10-27,VIP,14172.42
2423,Taylor Shepard,james91@example.net,Sierra Leone,2024-04-16,Basic,601.34
2424,Eric Johnson,hunter12@example.org,Cayman Islands,2020-06-30,Premium,3617.71
2425,Benjamin Wilkinson,tom64@example.com,Mongolia,2020-03-23,Basic,208.49
2426,Rebecca Mitchell,dawsonaaron@example.com,Monaco,2020-01-13,Basic,683.93
2427,Eric Gardner,tcrawford@example.net,Kiribati,2022-07-18,Premium,2394.7
2428,Tammy Dyer,barnesjames@example.com,Japan,2020-09-14,Standard,2243.24
2429,Amanda Hodge,johnsonjohn@example.com,Qatar,2020-03-31,Standard,530.61
2430,Curtis Chapman,kproctor@example.com,Nicaragua,2022-01-12,Basic,184
2431,John Miller,derrick63@example.com,Costa Rica,2020-10-04,Basic,498.62
2432,Jacob Owens,whitemichael@example.org,Marshall Islands,2023-12-22,Basic,608.74
2433,Jason Clark,jimmy15@example.net,French Guiana,2024-05-22,Standard,1428.5
2434,Lisa Hansen,cheryl54@example.com,Palestinian Territory,2020-06-27,Standard,2411.61
2435,Edwin Rivera,nancy43@example.com,Russian Federation,2022-06-21,Standard,590.65
2436,Benjamin Mosley,fostersarah@example.net,Ecuador,2021-04-30,Basic,305.43
2437,Dana Thornton,joshua74@example.org,Morocco,2023-11-24,Standard,637.87
2438,Sherri Baker,dustinwilliams@example.com,Macao,2021-09-01,Standard,2866.44
2439,Larry Woods,vanessacaldwell@example.net,Norway,2021-07-30,Standard,1863.42
2440,Kelly Hodge,cory21@example.org,Uganda,2022-06-01,Basic,96.89
2441,Jill Brown,dariusmendoza@example.org,Lesotho,2024-09-08,Basic,444.26
2442,Steven Stone,justinmckinney@example.com,Heard Island and McDonald Islands,2023-01-19,Premium,14012.98
2443,Robert Anderson,benjaminsmith@example.com,Fiji,2020-12-23,Standard,2367.98
2444,Sarah James,hernandezcheryl@example.net,Austria,2022-01-23,Standard,982.12
2445,Brenda Mclaughlin,daniel13@example.net,Tonga,2023-10-25,Standard,2788.21
2446,Scott Lin,llee@example.com,Niue,2022-11-23,Standard,1912.71
2447,Kaitlin Smith,farellano@example.net,New Zealand,2020-03-20,Premium,13201.78
2448,Benjamin Mccarthy,jaime56@example.com,Cyprus,2023-07-23,Standard,2783.73
2449,Daniel Weaver,brandon34@example.org,Comoros,2022-11-17,Standard,667.93
2450,Brooke Lambert,arthurwright@example.com,Kuwait,2021-01-15,Standard,1696.38
2451,Derek Clark,smithjesse@example.com,Rwanda,2024-05-05,Standard,1521.44
2452,Kathy Steele,iharrington@example.org,Antigua and Barbuda,2024-12-23,Basic,264.72
2453,Stephanie Herring,jennifer29@example.com,Hong Kong,2021-03-23,Standard,286.75
2454,Tina Hernandez,lucasteresa@example.com,Tuvalu,2022-09-08,Basic,141.77
2455,John Lopez,turnermckenzie@example.org,Cape Verde,2021-01-18,Standard,180.96
2456,Riley Davenport,martinlisa@example.net,Western Sahara,2020-09-29,Standard,2194.42
2457,James White,jessica23@example.org,Burkina Faso,2020-10-13,Standard,588.76
2458,Brittany Mcguire,taylordennis@example.com,Montserrat,2021-08-17,Premium,7927.53
2459,Cindy Rich MD,jamesortiz@example.com,Bangladesh,2023-08-16,Standard,1239.75
2460,Barbara Santana,adiaz@example.com,Togo,2021-08-13,Standard,1015.04
2461,Ricardo Lynch,karen53@example.net,Azerbaijan,2024-06-21,Basic,550.66
2462,Martin Clark,,Saint Pierre and Miquelon,2020-01-08,Standard,421
2463,Patricia Cabrera,jimmyrobinson@example.net,United States Virgin Islands,2022-10-06,Premium,3259.6
2464,Bonnie Martinez,stephen90@example.org,Korea,2021-02-04,Standard,1060.97
2465,Tina Stanley,kellyibarra@example.org,Kazakhstan,2021-08-29,Standard,1106.16
2466,Miranda Hendricks,donna87@example.net,Singapore,2020-10-19,Basic,194.61
2467,Sandra Alvarez,qmorris@example.com,Botswana,2020-06-25,Basic,696.45
2468,Sandra Walls,sarawilliams@example.com,Northern Mariana Islands,2020-04-21,Standard,986.19
2469,Kimberly Knapp,kristinaharrison@example.org,Guadeloupe,2022-11-24,Standard,1612.43
2470,Tara White,carol95@example.com,India,2020-06-23,Standard,457.5
2471,Diane Scott,staceywashington@example.net,Comoros,2020-02-01,Standard,278.58
2472,Randy Jones,corymiller@example.org,British Indian Ocean Territory (Chagos Archipelago),2023-11-13,Basic,371.71
2473,Tracy Williams,toni86@example.net,Nicaragua,2024-10-03,Basic,127.18
2474,Thomas Daugherty,gibsonbrandon@example.com,French Guiana,2024-09-20,Standard,683.97
2475,Rebecca Cantu,michaelmatthews@example.net,Niger,2024-03-11,Standard,2941.58
2476,Henry George,snydergerald@example.org,United Kingdom,2023-01-02,Premium,6094.62
2477,James Scott II,bwhite@example.com,Togo,2020-12-11,Premium,2708.6
2478,Charles Bennett,rshelton@example.com,Nauru,2023-03-31,Premium,9800.26
2479,Janet Rubio,jodysmith@example.net,Svalbard & Jan Mayen Islands,2024-08-09,Standard,1878.53
2480,William Phillips,bwiley@example.com,Macao,2021-04-06,Basic,70.93
2481,Kathryn Greene,alexander70@example.org,Algeria,2023-03-10,Standard,788.47
2482,Lisa Gray,charles53@example.net,Kiribati,2022-08-17,Standard,2076.96
2483,Marcus Mckee MD,ernestrich@example.net,Ghana,2023-05-01,Premium,12798.07
2484,Derrick Chavez,ywells@example.org,Cayman Islands,2023-09-27,Standard,2977.95
2485,Latoya Smith,blackwellmichael@example.org,Cambodia,2024-05-11,Basic,536.48
2486,Brandi Valdez,edwardmitchell@example.org,Gibraltar,2022-04-19,Standard,153.43
2487,Tina Mack,bobbyvargas@example.com,Saudi Arabia,2020-06-02,Basic,492.59
2488,Lauren Hall,stevencortez@example.org,Oman,2024-07-11,Basic,337.08
2489,Ronald Sharp,bradbennett@example.com,Panama,2021-12-19,Premium,11490.94
2490,Jose Lucas,colton31@example.org,Palau,2022-03-04,Standard,2517.06
2491,Sarah Williams,janetmoore@example.net,Belize,2020-06-14,Basic,408.47
2492,Christian Herring,kimberlywatson@example.com,Malawi,2024-01-16,Standard,1176.33
2493,Sophia Dawson,mollystephens@example.net,Luxembourg,2021-10-20,Premium,9695.89
2494,Elizabeth Smith PhD,schmidtjose@example.net,Azerbaijan,2024-09-23,Basic,434.92
2495,William Brady,williamspaul@example.net,Vanuatu,2023-03-13,Basic,503.89
2496,Tara Ramos,usanchez@example.net,Greece,2022-12-29,Standard,2167.91
2497,Tina Little,sonya64@example.net,British Indian Ocean Territory (Chagos Archipelago),2024-04-01,Standard,2638.53
2498,Misty Robinson,danielthomas@example.com,Sudan,2022-10-07,Standard,2593.17
2499,Benjamin White,hannah04@example.org,New Zealand,2023-06-08,Basic,134.83
2500,Daniel Kaufman,jessica89@example.net,Tonga,2022-03-19,Standard,1772.3
2501,John Gilbert,marciasullivan@example.net,Nepal,2024-06-10,Premium,8089
2502,Diamond Vazquez,pearsonwillie@example.org,Bouvet Island (Bouvetoya),2023-02-08,Standard,2682.68
2503,Alicia Robinson,bhenderson@example.net,Portugal,2023-12-05,Basic,229.93
2504,Michelle Brown,sharon28@example.com,Congo,2020-06-18,Basic,692.63
2505,Chelsea Davis,crystal52@example.com,Ecuador,2024-04-15,Standard,1335.18
2506,Stephanie Pierce,mcconnellangela@example.org,Uzbekistan,2024-09-12,Premium,3293.34
2507,Robert Jackson,brownraymond@example.net,Jersey,2020-04-09,Basic,364.93
2508,Jim Graham,michaelathompson@example.net,Tuvalu,2022-02-06,Basic,415.66
2509,Shane Lynch,nnunez@example.org,Suriname,2024-09-18,Standard,1006.62
2510,Dr. Bradley Rogers,waretabitha@example.com,Christmas Island,2021-05-16,Standard,2001.2
2511,Brian Hamilton,tammy10@example.org,Comoros,2021-11-15,Standard,2020.1
2512,Jonathan Moore,jenniferhernandez@example.net,Mauritius,2023-02-10,Standard,1194.13
2513,Monique Walker,stevengreene@example.org,Marshall Islands,2024-05-13,Premium,5597.31
2514,Michael Duran,sullivanpaula@example.com,Hungary,2021-09-06,Premium,14292.06
2515,Andrew Campos,margaret20@example.net,United Arab Emirates,2024-07-18,Standard,1857.78
2516,Kelly Chase,john19@example.org,Lao People's Democratic Republic,2021-12-23,Basic,418.27
2517,Tina Wilson,gomezbrittney@example.net,Timor-Leste,2023-09-10,Premium,5852.19
2518,Danielle Schwartz,jacquelinebennett@example.net,Zimbabwe,2024-05-19,Standard,1359.02
2519,Kimberly Gallagher,bailey12@example.com,Kiribati,2022-11-16,Standard,566.78
2520,Luis Watkins,matthewwalker@example.com,Paraguay,2024-03-19,Standard,1823.45
2521,Mark Gallagher,olivia99@example.org,Kenya,2021-02-28,Premium,14793.98
2522,John Hubbard,thenderson@example.org,Serbia,2021-12-31,Standard,2192.01
2523,Malik Washington,trancaitlin@example.com,Poland,2022-08-08,Standard,2534.47
2524,Dawn Bell,richard18@example.org,Spain,2020-01-20,Standard,2139.22
2525,Kathy Turner,jamie98@example.net,Botswana,2023-10-23,Basic,188.9
2526,Eileen Silva MD,leslie92@example.net,Northern Mariana Islands,2022-10-21,Premium,2665.09
2527,Jennifer Smith,davidclay@example.org,Central African Republic,2021-06-27,Basic,351.95
2528,Tyrone Williams,mroberts@example.org,Andorra,2023-02-22,Basic,689.3
2529,Cassidy Nichols,michael13@example.org,Moldova,2023-05-22,Basic,510.02
2530,Laura Lee,,Micronesia,2021-04-24,Standard,821.64
2531,Kurt Wells,tranrobert@example.org,American Samoa,2022-12-17,Standard,240.2
2532,Tyler Kramer,williamsjason@example.net,Guatemala,2023-03-08,Standard,1235.95
2533,Olivia Powell,deanna05@example.com,French Guiana,2023-03-02,Standard,1857.21
2534,Dean Cunningham,qirwin@example.com,Jersey,2020-11-11,Premium,5092.56
2535,Anthony Juarez,valdezalyssa@example.org,Israel,2023-08-06,Basic,91.68
2536,Regina Johnson,ronaldoneal@example.org,Australia,2023-11-10,Standard,1713.02
2537,Thomas Turner,david90@example.com,Liberia,2023-06-21,Basic,17.68
2538,Grant Henderson,xcardenas@example.org,Gabon,2022-12-20,Standard,204.36
2539,Jamie Cobb,darrylkent@example.net,Nepal,2022-04-24,Premium,9331.59
2540,John Stewart,ltate@example.org,British Virgin Islands,2021-07-17,Standard,2891.63
2541,Evelyn Lewis,timothy64@example.net,France,2022-02-01,Standard,2139.17
2542,Erika Harper,gnguyen@example.org,Martinique,2020-06-14,Standard,2108.88
2543,Aaron Rivas,karlchandler@example.org,Bosnia and Herzegovina,2021-10-22,Standard,1596.83
2544,,smithjohn@example.org,Palestinian Territory,2023-05-08,Standard,2903.8
2545,Brandon Melton,xyoung@example.net,Cambodia,2023-10-10,Standard,2531.06
2546,Julie Moore,amanda83@example.net,Guatemala,2022-07-05,Standard,861.31
2547,Michelle Morris,george94@example.org,Pitcairn Islands,2020-01-18,Basic,797.24
2548,Brenda Villarreal,sullivantiffany@example.com,Liechtenstein,2024-01-13,Premium,13696.25
2549,Bradley Jones,sabrina80@example.com,Gambia,2023-05-23,Standard,2553.86
2550,Deanna Gibson,thomas53@example.com,Sierra Leone,2021-07-09,Standard,376.25
2551,Jeffrey Rice,jacqueline97@example.org,Eritrea,2023-12-14,Standard,1092.22
2552,Steven Harris,jesse88@example.org,Cyprus,2023-05-23,Standard,2010.14
2553,Joseph Fisher,barkerjohn@example.net,Mali,2021-10-23,Standard,126.2
2554,Veronica Simmons,palmerwilliam@example.org,Sudan,2022-01-23,Basic,185.02
2555,Andrea Bauer,mdaniels@example.org,France,2024-08-20,Standard,1339.08
2556,Jessica Stewart,edwardsdavid@example.net,Gambia,2020-03-18,Standard,2536.21
2557,Ronald Lewis,jessica78@example.org,Bolivia,2021-10-05,Premium,11939.23
2558,Sharon Kelly,rlopez@example.com,Luxembourg,2023-09-10,Standard,2440.88
2559,John Newton,brittanysanders@example.org,Georgia,2023-08-22,Standard,1567.47
2560,Robert Taylor,pamela64@example.com,Austria,2021-11-10,Premium,7872.54
2561,Laura Tyler,rodriguezamanda@example.net,Guam,2024-05-06,Standard,1834.61
2562,Kenneth Schmidt,marissasutton@example.com,Central African Republic,2020-07-25,Standard,2188.52
2563,Bradley Wheeler,rebecca24@example.com,Falkland Islands (Malvinas),2020-01-01,Basic,596.77
2564,Kayla Black,caguilar@example.org,Monaco,2023-01-21,Standard,444.78
2565,Jacqueline Rowe,tmurphy@example.net,Guernsey,2021-12-08,Standard,703.61
2566,Beth Holmes,kirbybrett@example.org,Barbados,2023-10-23,Standard,2642.8
2567,Kevin Simon,wilkinskevin@example.net,Comoros,2021-07-25,Premium,7633.89
2568,Susan Hayes,murraysara@example.net,Marshall Islands,2021-03-23,Premium,7565.36
2569,Vincent Schaefer,tylerlaura@example.org,Jamaica,2023-01-06,Standard,1148.96
2570,Shane Mills MD,millerjessica@example.net,Antarctica (the territory South of 60 deg S),2021-05-06,Basic,148.48
2571,Jonathan Walton,rowebelinda@example.net,Liechtenstein,2020-01-21,Premium,13738.91
2572,Angela Landry,barbara09@example.net,United States Virgin Islands,2022-11-07,Standard,1018.16
2573,Sarah Berry,marthagriffin@example.net,Australia,2021-06-11,Basic,689.5
2574,Charles Hensley,orichards@example.com,Benin,2022-07-17,Basic,362
2575,Mary Garner,webstersteven@example.net,American Samoa,2020-12-11,Standard,1394.53
2576,Maureen Lee,vsmith@example.org,British Virgin Islands,2024-02-27,Standard,1376.7
2577,Rachel Miller,susanpatel@example.net,Lebanon,2020-12-03,Standard,462.44
2578,Matthew Edwards,sanchezronald@example.net,Bahamas,2020-10-14,Basic,489.2
2579,Erin Nichols,foleyjennifer@example.org,Finland,2021-11-24,Premium,2463.39
2580,Shawn Evans,eclark@example.com,Venezuela,2024-02-20,Basic,728.08
2581,Rachel Crawford,itodd@example.com,Belgium,2021-01-04,Premium,6666.23
2582,Gregory Le,ncarroll@example.com,Dominican Republic,2021-10-17,Basic,715.56
2583,Amy Smith,amy61@example.com,North Macedonia,2023-04-04,Premium,8110.45
2584,Joanna Sanchez,michelle63@example.net,Libyan Arab Jamahiriya,2024-06-25,Premium,4513.09
2585,Heather Clarke,garciakelly@example.com,Zimbabwe,2022-12-02,Premium,4437.91
2586,Amanda Anderson,thomaswhite@example.org,Timor-Leste,2020-11-10,Standard,2363.82
2587,Kristopher Barajas,vortiz@example.org,French Polynesia,2020-06-13,Standard,2114.23
2588,Bradley Aguirre,casey61@example.org,Uganda,2021-08-16,Premium,3330.41
2589,Zachary Murray,cynthia35@example.net,Tunisia,2022-01-30,Standard,1121.11
2590,Tamara Ortiz,brad51@example.org,Comoros,2022-05-24,Standard,1560.48
2591,Kimberly Taylor,alanthomas@example.com,Cote d'Ivoire,2020-01-21,Basic,792.75
2592,Timothy Hicks,bakerjonathon@example.com,Korea,2022-11-07,Basic,719.92
2593,Paul Hall,laura09@example.com,Morocco,2021-09-29,Standard,545.86
2594,Jennifer Morales,hudsonglen@example.net,Serbia,2023-06-25,Premium,13825.91
2595,Teresa Hicks,monica51@example.net,Dominica,2022-10-12,Standard,2671.44
2596,Pamela Medina,ftaylor@example.org,Korea,2024-06-18,Basic,383.21
2597,Craig May,jshaffer@example.org,Solomon Islands,2021-01-27,Premium,11438.85
2598,James Collier,kimberly03@example.com,Yemen,2020-11-07,Standard,1226.69
2599,Jonathan Mills,hunterjamie@example.com,Kenya,2022-05-02,Basic,312.63
2600,Heather Hunt,jasoncampbell@example.com,Korea,2021-09-21,Basic,447.26
2601,David Hall,jacobscindy@example.org,Western Sahara,2023-03-26,Standard,2100.77
2602,Cheryl Petersen,lcosta@example.net,Brunei Darussalam,2021-09-01,Standard,1978.4
2603,Gregory Cobb,bradshawcarlos@example.org,Tokelau,2022-09-20,Standard,256.52
2604,Stephanie Carr,shannon20@example.com,Senegal,2022-07-18,Basic,749.23
2605,Alejandro Zimmerman,tnorris@example.com,Bolivia,2024-06-08,Premium,7017.07
2606,Caitlin Watson,maryday@example.org,Nigeria,2022-01-22,Premium,7112.47
2607,Mr. Brett Walters,douglashill@example.com,Antarctica (the territory South of 60 deg S),2023-10-20,Standard,2056.3
2608,Nancy Wells,kbird@example.com,Costa Rica,2021-10-28,Standard,140.36
2609,Jake Braun,laura24@example.org,Estonia,2020-11-12,Standard,397.07
2610,Melissa Nunez,robertrodriguez@example.net,Austria,2024-05-14,Standard,2999.17
2611,Eric Fox,wattsjason@example.com,American Samoa,2022-07-01,Basic,53
2612,James Benson,brianconrad@example.org,Antigua and Barbuda,2023-02-21,Basic,449.95
2613,Peggy Young,egriffith@example.net,Guyana,2022-10-01,Standard,2863.83
2614,Tyler Silva,morganthomas@example.com,Antarctica (the territory South of 60 deg S),2021-08-28,VIP,604.38
2615,Johnny Taylor,johnsonsteven@example.net,Kyrgyz Republic,2022-03-09,Standard,1346.35
2616,Paul Johnson,fjackson@example.org,Costa Rica,2022-07-15,Standard,2988.02
2617,Jamie Williams,pwilkerson@example.com,Lithuania,2023-11-21,Premium,7951.98
2618,Bryan Brock,leslie46@example.org,Lithuania,2023-05-04,Basic,318.36
2619,Christopher Morton,wellsadam@example.com,Gambia,2022-09-30,Basic,564.34
2620,Anthony Good,katherinecarter@example.org,Colombia,2021-08-16,Basic,470.31
2621,Brandon Sanders,matthewlewis@example.net,Faroe Islands,2022-12-20,Basic,442.85
2622,Brenda Oconnor,aguilarkevin@example.com,South Georgia and the South Sandwich Islands,2024-03-29,Basic,465.87
2623,Sophia Bennett,clarkian@example.net,Niue,2024-06-04,Standard,2311.6
2624,Brandon Leblanc,portiz@example.com,Netherlands,2022-05-22,Basic,331.99
2625,Michelle Johnson,josephcooper@example.net,Guinea-Bissau,2022-05-30,Standard,1048.43
2626,Heather Reyes,danielandrews@example.org,Ghana,2024-04-05,Standard,2108.61
2627,Kimberly Nielsen,jacksonrussell@example.com,Saudi Arabia,2024-07-25,Standard,2330.31
2628,Morgan Lang,jscott@example.com,Somalia,2024-06-19,Standard,1093.56
2629,Veronica Craig,jasongray@example.org,United States of America,2022-10-25,Standard,700.26
2630,Joseph Collins,andrew37@example.net,Moldova,2023-07-14,Standard,268.68
2631,Vanessa Rodriguez,henrychristine@example.net,Bulgaria,2022-02-17,Premium,12216.13
2632,Eric Williams,philliphayden@example.net,Brunei Darussalam,2023-12-16,Standard,166.5
2633,Rachel Petty,amber86@example.com,Kiribati,2024-06-01,Basic,356.72
2634,Amanda Moore,audreyrose@example.com,Falkland Islands (Malvinas),2024-09-27,Standard,2725.29
2635,Charles Foley,cameronjackson@example.net,Saint Lucia,2020-12-04,Standard,2711.9
2636,Todd Hernandez Jr.,aaron33@example.org,Bahamas,2023-12-10,Standard,2516.79
2637,Joshua Bennett,julia67@example.org,Nauru,2024-02-26,Standard,1924.39
2638,Aaron Black,martinezdavid@example.org,Angola,2024-11-14,Standard,759.05
2639,Savannah Davis,loritaylor@example.com,Cook Islands,2021-02-16,Basic,601.5
2640,Natalie Perkins,nsingh@example.org,Iceland,2021-12-12,Premium,2776.05
2641,Robert Rogers,bendermichelle@example.net,Jamaica,2021-08-17,Basic,164.22
2642,David Sanchez,johnsoncandice@example.net,Malaysia,2024-08-25,Basic,700.78
2643,Daniel Hamilton,sharpjohn@example.com,Belize,2021-11-14,Standard,2537.8
2644,Kelly Miller,batesangela@example.com,Puerto Rico,2022-06-02,Basic,766.64
2645,Jonathan Malone,edward03@example.net,Eritrea,2023-10-11,Standard,2120.15
2646,Mary Jones,marioallen@example.com,Isle of Man,2022-02-10,Basic,181.37
2647,Frank Harding,justin46@example.com,Kenya,2021-03-11,Basic,655.94
2648,Anthony Brown,josephschneider@example.org,Sudan,2024-01-03,Basic,236.2
2649,Randy Kent,samanthadelgado@example.net,Kiribati,2021-07-24,Standard,1350.5
2650,Pamela Donaldson,susanmyers@example.org,Marshall Islands,2020-02-14,Basic,136
2651,Stephen Crawford,rebecca73@example.com,Northern Mariana Islands,2024-04-20,Basic,208.88
2652,Jennifer Moore,maxwellgibson@example.org,French Polynesia,2024-02-04,Standard,2836.71
2653,Manuel Riddle,andrearivera@example.net,Brazil,2023-12-05,Basic,727.07
2654,Teresa Fuller,michael04@example.net,Tonga,2024-11-10,Basic,479.69
2655,Ashley Johnson,oguzman@example.org,Estonia,2020-10-08,Standard,2441.05
2656,Alexander Miller,alexandraellis@example.org,Benin,2021-05-03,Basic,561.28
2657,Nichole Thompson,ashleybranch@example.net,Japan,2021-05-03,Standard,1194.03
2658,Brandon Johnson,stacey50@example.com,Saint Pierre and Miquelon,2024-11-20,Standard,270.43
2659,Paul Walker,larry04@example.net,Christmas Island,2020-09-06,Premium,12654.82
2660,Veronica Barnes,melissaevans@example.org,Botswana,2024-12-29,Standard,742.32
2661,Faith Smith,zball@example.net,Costa Rica,2020-07-11,Basic,0.55
2662,Ellen Bruce,jimmy86@example.org,Liechtenstein,2023-08-18,Standard,1717.65
2663,Ms. Carla Stewart MD,margaretbarnett@example.org,India,2024-03-14,Standard,1205.87
2664,Aaron Myers,ypadilla@example.com,Venezuela,2021-10-24,Standard,809.11
2665,Jennifer Hernandez,joshuajones@example.net,Turkmenistan,2023-01-14,Standard,1418.54
2666,Zachary Phelps,rdixon@example.net,French Polynesia,2021-05-17,Basic,198.52
2667,Ronald Bates,fowlermichael@example.org,Isle of Man,2021-10-05,Basic,461.88
2668,Ashley Dixon,jholder@example.org,Dominica,2022-05-02,Premium,10811.12
2669,Dillon Clark,parkerrobert@example.net,Sao Tome and Principe,2021-07-22,Standard,801.77
2670,Christian Rodriguez,rogersdana@example.com,Netherlands,2023-05-22,Standard,213.65
2671,Heather Kelly,andreross@example.net,Falkland Islands (Malvinas),2024-03-18,Standard,2629.71
2672,Maria Miller,garciajennifer@example.com,Singapore,2024-03-01,Standard,2938.78
2673,Joshua Schmidt,qwright@example.com,Djibouti,2024-08-12,Standard,1938.06
2674,George Willis,vincent82@example.net,Bahrain,2024-10-19,Standard,2693.39
2675,Destiny Solis,kaiserrichard@example.org,Guatemala,2021-08-04,Standard,2383.27
2676,Rose Kaiser,christopherochoa@example.com,Georgia,2022-03-29,Standard,2870.47
2677,Paul Miller,johnjohnson@example.net,Iran,2023-07-26,Standard,1305.72
2678,Logan Tapia,psmith@example.com,Cambodia,2023-12-25,Basic,302.21
2679,Nicholas Brennan,dbrown@example.org,Central African Republic,2023-02-07,Basic,293.65
2680,Michael Garcia,lpierce@example.net,Netherlands,2021-06-16,Standard,2479.67
2681,Amber Davis,antonio03@example.com,Uruguay,2023-11-02,Basic,199.9
2682,Robin Allen,ladkins@example.com,Serbia,2023-07-05,Basic,569.23
2683,Jennifer Norman,wilkersonkatherine@example.org,Senegal,2024-06-18,Premium,8587.7
2684,Heather Espinoza DVM,bowenjonathan@example.net,Oman,2021-11-24,Standard,1174.07
2685,William Owens,michelle01@example.org,Costa Rica,2021-05-23,Standard,2216.43
2686,Gina Morgan,jasminjohnson@example.org,Moldova,2022-08-11,Basic,584.9
2687,Sharon Wallace,ruizkimberly@example.net,Senegal,2020-01-28,Standard,1234.01
2688,Darrell Rodriguez,brodriguez@example.net,Portugal,2023-10-08,Standard,2102.44
2689,Peggy Harrison,davidharris@example.net,Turkmenistan,2021-03-14,Standard,1484.54
2690,Madeline Cruz,hhenry@example.net,Congo,2021-03-12,Standard,1791.01
2691,Dr. Andrew Johns,yoderadam@example.com,Mexico,2023-02-06,Basic,729.6
2692,Nathan Dunn,steven80@example.org,Chile,2023-06-08,Standard,983.83
2693,Maureen Carter,jasonfoster@example.org,Central African Republic,2020-11-05,Basic,248.9
2694,Barbara Richards,wmorrison@example.com,Micronesia,2024-03-24,Basic,441.53
2695,Jesus Ross,zsmith@example.com,Pitcairn Islands,2022-07-24,Basic,578.52
2696,Andrea Harvey,sanchezmelissa@example.com,Qatar,2024-02-21,Premium,13011.61
2697,Sherry Thomas,brian16@example.com,Swaziland,2024-12-01,Basic,221.08
2698,Benjamin Castillo,robinsonmichael@example.net,Mali,2024-01-28,Premium,14897.58
2699,Stephanie Moore,jacquelineneal@example.net,Mauritania,2023-08-31,Standard,1347.51
2700,Laura Roberts,wesley30@example.org,Gabon,2024-09-07,Basic,37.77
2701,Nancy Burke,cervantesleslie@example.org,Aruba,2023-12-18,Standard,2524.84
2702,Jacob Jones,wcortez@example.net,Mexico,2021-07-08,Standard,2857.52
2703,Melissa Powell PhD,elizabethwalls@example.com,Djibouti,2022-09-25,Standard,1250.56
2704,Brandon Smith,wilkinsnicole@example.com,United States Minor Outlying Islands,2024-02-28,Basic,45.23
2705,Mr. Wyatt Henry PhD,hfoley@example.com,Latvia,2024-12-16,Basic,301.11
2706,George Garner,taylorkaylee@example.com,United States of America,2022-08-03,Standard,456.62
2707,Robert Anderson MD,vhunter@example.com,Eritrea,2024-07-26,Basic,122.43
2708,Scott Fowler,umartin@example.com,Andorra,2020-07-12,Standard,696.89
2709,Richard Graham,kelsey67@example.com,Cambodia,2021-12-20,Premium,6034.7
2710,Austin Garcia,gharris@example.com,British Virgin Islands,2023-10-09,Standard,1367.12
2711,Robert Fischer,pschmidt@example.org,Liberia,2021-06-12,Basic,768.11
2712,Amy Davis,kurt38@example.org,Singapore,2022-12-29,Standard,2293.76
2713,Jeremy Nicholson,wesley57@example.net,Cocos (Keeling) Islands,2021-03-04,Standard,2257.11
2714,Christopher Thompson,kaylee68@example.com,Cameroon,2023-03-25,Premium,10929.74
2715,Charlene Black,wendy76@example.com,El Salvador,2020-04-17,Basic,397.13
2716,Jeremy Stafford,douglasdougherty@example.net,Costa Rica,2023-06-15,Standard,1743.86
2717,Christine Kelley,salvarez@example.org,Guinea-Bissau,2023-11-28,Standard,1245.38
2718,Claudia Rice,alawson@example.net,Puerto Rico,2022-04-23,Basic,216.61
2719,Dennis Sellers,ogarza@example.org,Azerbaijan,2022-08-25,Premium,6713.68
2720,Penny Waters,adam08@example.net,Sierra Leone,2021-10-10,Standard,1780.2
2721,Curtis Barnes,kruegermark@example.com,Japan,2022-11-10,Standard,413.05
2722,Paula Edwards,robert07@example.net,Nepal,2022-07-02,Basic,271.98
2723,Kathryn Morgan,erik19@example.net,Tokelau,2023-01-24,Standard,2150.09
2724,Ronald Rose,meganwoods@example.com,San Marino,2021-11-18,Standard,1065.39
2725,Joy Clark,mccarthygregory@example.net,Cameroon,2023-09-30,Premium,1722.88
2726,Mr. Benjamin Marshall,denise76@example.net,British Indian Ocean Territory (Chagos Archipelago),2020-01-15,Basic,397.6
2727,Ashley Martin,eric85@example.org,France,2021-06-19,Basic,395.7
2728,Juan Ray,antoniothompson@example.org,Syrian Arab Republic,2020-12-10,Premium,8825.98
2729,Kenneth Clark,jacobroach@example.net,Isle of Man,2021-11-29,Standard,2001.18
2730,Victoria Norton MD,jack64@example.com,Switzerland,2024-09-01,Basic,24.83
2731,Jay Johnson,hayesnicole@example.org,Uruguay,2023-02-11,Premium,12005.13
2732,Zachary Ross,seanosborne@example.com,Poland,2021-11-26,Standard,855.63
2733,Andrew Aguilar,jackconley@example.org,El Salvador,2023-11-15,Standard,1634.13
2734,Jamie Walker,royscott@example.net,Fiji,2024-08-16,Standard,368.1
2735,Jessica Allen,fernandezsusan@example.org,Saint Vincent and the Grenadines,2022-05-28,Standard,2728.27
2736,Timothy Green,nicolegilbert@example.net,Svalbard & Jan Mayen Islands,2021-03-17,Standard,2975.23
2737,Mrs. Melissa Robinson,davidhaynes@example.com,Cocos (Keeling) Islands,2022-07-11,Premium,5149.81
2738,Angie Jacobson,shortjeffrey@example.net,Australia,2024-04-25,Standard,2329.58
2739,Raymond Montoya,martinezrussell@example.com,Korea,2022-07-26,Basic,307.62
2740,Gary Jackson,angelatorres@example.org,Namibia,2021-02-10,Standard,2121.79
2741,Marcus Sims MD,gsharp@example.net,Jordan,2024-03-29,Premium,6868.38
2742,Aaron Goodman,karen02@example.org,Mayotte,2024-11-05,Basic,396.67
2743,Miguel Garcia,brookemartin@example.org,United Kingdom,2022-04-08,Premium,6346.73
2744,Roger Evans,christineramirez@example.net,Montserrat,2021-02-06,Basic,50.41
2745,Lauren Thompson,michaellee@example.org,China,2022-08-15,Standard,167.67
2746,Christopher Howard,moorenicholas@example.net,Sri Lanka,2024-04-17,Basic,546.82
2747,Scott Brown,veronicacampbell@example.net,Pitcairn Islands,2021-07-07,Standard,1480.72
2748,Courtney Sullivan,heather39@example.org,Saudi Arabia,2021-05-14,Premium,4582.6
2749,Cheryl Martin,phillipmartin@example.com,Bulgaria,2021-04-28,Standard,1685.66
2750,Joshua Reed,daviddecker@example.com,Sao Tome and Principe,2021-12-31,Premium,9792.95
2751,Christopher Riley,wdeleon@example.net,India,2022-06-19,Standard,1063.38
2752,Shannon Burke,stephaniewilson@example.org,Luxembourg,2024-09-13,Basic,467.89
2753,Benjamin Stevens,joshua10@example.com,Cocos (Keeling) Islands,2021-09-10,Basic,232.19
2754,Sharon Davidson,rachelpeterson@example.org,Namibia,2024-07-05,Premium,13043.22
2755,James Jones,corywatson@example.net,Iran,2020-07-24,Basic,677.99
2756,Jeff Sampson,qflores@example.net,Norfolk Island,2024-10-15,Basic,455.89
2757,Darlene Garcia,jacquelinezamora@example.com,British Indian Ocean Territory (Chagos Archipelago),2021-01-08,Basic,384.85
2758,Randall Johnson,donnasuarez@example.com,Germany,2023-08-12,Standard,1832.04
2759,Debra Lee,brownhayley@example.com,Guinea,2022-05-11,Standard,828.25
2760,Brandon Clark,craigbowman@example.com,Dominica,2024-11-15,Standard,2398.39
2761,Amber York,dlowery@example.net,Burundi,2021-09-27,Standard,612.93
2762,Larry Martinez,michelle21@example.net,Mayotte,2022-07-13,Basic,514.83
2763,Robert Fuller,isabella81@example.net,Cocos (Keeling) Islands,2020-03-11,Premium,8746.96
2764,Tracy Turner,bvasquez@example.com,North Macedonia,2023-12-18,Standard,2528.56
2765,Kenneth Nixon,katherinechapman@example.net,Jersey,2020-09-06,Premium,13749.64
2766,Hunter Williamson,martintanner@example.net,Papua New Guinea,2021-10-30,Basic,518.66
2767,Jeffrey Brown,dana58@example.net,Congo,2020-04-16,Standard,891.66
2768,Kimberly Kaufman,holly72@example.com,Solomon Islands,2024-01-07,Standard,1393.77
2769,Patrick Adams,lmartinez@example.org,Guyana,2021-06-24,Basic,40.72
2770,Daniel Deleon,jillian19@example.com,Chile,2024-07-19,Basic,323.19
2771,Carrie Kane,fischeramanda@example.com,Saint Lucia,2024-01-01,Premium,11285.31
2772,Taylor Sullivan,seth86@example.org,Namibia,2023-11-26,Basic,681.3
2773,Shirley Lucas,rosalesgavin@example.org,Ecuador,2022-02-13,Basic,757.67
2774,Anita Hudson,brookefrench@example.net,Reunion,2023-09-12,Premium,7724.76
2775,Jennifer Decker,awilliams@example.com,Afghanistan,2022-07-20,Basic,678.16
2776,Ronald Cooper,mccartymichael@example.org,Colombia,2023-02-14,Standard,2134.9
2777,Russell Holland,lovechristina@example.org,Saint Pierre and Miquelon,2024-07-01,Standard,1164.29
2778,Laura Sanchez,amberthompson@example.org,French Southern Territories,2020-07-05,Standard,1702.51
2779,Anna Herring,patricksmith@example.org,Italy,2023-01-06,Standard,1676.35
2780,Tara Thomas,uhopkins@example.com,Fiji,2023-10-10,Premium,11774.46
2781,Thomas Goodman,wellsryan@example.org,India,2021-02-20,Premium,4344.36
2782,Michael Reeves,alex95@example.org,Kyrgyz Republic,2024-03-10,Premium,9433.42
2783,Devon Davis,ohopkins@example.net,Bouvet Island (Bouvetoya),2022-09-17,Standard,759.22
2784,Sean Gonzalez,pwilson@example.net,Eritrea,2022-10-14,Standard,1520.65
2785,Brandon Graham,sheilabaldwin@example.com,Guernsey,2024-03-24,Standard,2470.29
2786,Robert Wilson,stevemarshall@example.net,Ukraine,2022-09-29,Standard,1436.87
2787,Ivan Tapia,hendersonheather@example.com,Netherlands,2022-04-16,Standard,1513.16
2788,Marcus Williams,nichole17@example.com,Togo,2020-05-27,Standard,2530.06
2789,Jorge Alexander,hufftroy@example.net,Mongolia,2022-01-16,Basic,255.09
2790,Elijah White,justinrobinson@example.com,Ethiopia,2022-11-09,Standard,2770.82
2791,Angela Crawford,josephpatterson@example.com,South Africa,2022-09-24,Basic,261.5
2792,Rodney Armstrong,ahudson@example.org,Guinea-Bissau,2020-10-11,Premium,6838.45
2793,Patricia Wood,nicholasjuarez@example.com,Monaco,2024-01-24,Basic,668.6
2794,Diana Mcdonald,zacharygross@example.com,Bahrain,2023-09-10,Basic,46.85
2795,Veronica Smith,jeremy55@example.com,Saint Vincent and the Grenadines,2020-10-04,Basic,576.42
2796,Carrie Myers,jimmy99@example.org,Syrian Arab Republic,2023-12-18,Standard,2694.49
2797,Lauren Robinson,greenronald@example.com,Liechtenstein,2022-07-17,Standard,2354.82
2798,Madison Mclaughlin,jeffrey88@example.com,Falkland Islands (Malvinas),2024-07-03,Standard,651.59
2799,Anthony Luna,danielsshannon@example.net,Togo,2021-03-03,Standard,2815.33
2800,Jason Kemp,yanderson@example.org,Iraq,2021-07-27,Basic,478.54
2801,Rhonda Oconnell,richardsonkenneth@example.net,Benin,2022-11-09,Basic,732.57
2802,Rose Francis,maysedward@example.com,Uzbekistan,2022-09-11,Standard,2635.18
2803,Laura Rodriguez,matthew78@example.com,Angola,2022-04-19,Premium,13292.66
2804,David Jenkins,cjohnson@example.org,Romania,2023-08-22,Standard,430.12
2805,Derek Coleman,jasonsanders@example.net,Kazakhstan,2024-02-23,Premium,14501.78
2806,Alison Sullivan,kelleyderek@example.net,Cocos (Keeling) Islands,2023-10-16,Standard,242.03
2807,Stephen Alvarez,kimberly90@example.net,Korea,2024-10-12,Standard,2402.51
2808,Katie Murphy,erica06@example.com,Sao Tome and Principe,2021-02-11,Basic,416.04
2809,Jason Torres,heathersteele@example.net,Saudi Arabia,2024-12-10,Premium,4385.39
2810,Mr. Patrick Edwards,melanie49@example.org,Burundi,2020-06-07,Premium,5198.86
2811,Melissa Brown,whubbard@example.org,Mayotte,2021-06-19,Premium,13226.25
2812,Melanie Ramos,lmyers@example.org,Serbia,2021-08-09,Basic,529.63
2813,Phillip Lane,wellssherry@example.net,Mozambique,2024-04-20,Standard,139.35
2814,Russell Combs,chambersashley@example.net,Venezuela,2023-09-04,Premium,6698.92
2815,Bryan Moore,tammy33@example.com,Bermuda,2022-09-05,Premium,12852.92
2816,Thomas Smith,tshort@example.net,Estonia,2021-08-03,Standard,2866.22
2817,Kevin Moore,jennifergarza@example.net,Zimbabwe,2020-03-08,Standard,2921.88
2818,Valerie Miller,susanturner@example.net,Netherlands Antilles,2022-02-12,Standard,141.64
2819,Ashley Howard,ycole@example.net,Christmas Island,2023-09-29,Standard,2347.3
2820,Gerald Ryan,aarongreen@example.net,Marshall Islands,2021-08-18,Basic,288.08
2821,Zachary Hall,donna30@example.net,Cameroon,2024-02-09,Standard,733.55
2822,Melissa Short,owensamber@example.com,Latvia,2024-08-09,Standard,2407.43
2823,Tammy Hughes,rfinley@example.net,Cyprus,2022-12-29,Premium,3358.02
2824,Hailey Brewer,garciadebra@example.com,Turkmenistan,2021-01-03,Basic,356.6
2825,Tammy Barrett,murphyjames@example.com,Singapore,2022-09-16,Basic,468.36
2826,John Giles,robertevans@example.com,Turkmenistan,2024-09-22,Basic,508.03
2827,Andre Soto,holmesrachel@example.org,Korea,2024-10-11,Standard,264.18
2828,Chris Martin,ppierce@example.com,Syrian Arab Republic,2020-01-18,Standard,294.11
2829,Joseph Goodwin,guerreroandrew@example.org,Maldives,2022-12-18,Basic,189.48
2830,Lauren Morgan,darleneowens@example.com,Benin,2024-02-06,Basic,263.07
2831,Joshua Henderson,ballnicole@example.com,Togo,2021-07-30,Standard,1793.47
2832,Robert Sullivan,alexisjohnson@example.org,Tajikistan,2023-01-19,Standard,1290.54
2833,Mario Bryant,virginiafisher@example.net,United Arab Emirates,2021-06-05,Standard,1403.85
2834,Diana Robinson,lmccoy@example.net,El Salvador,2020-01-08,Basic,591.11
2835,Joseph Nicholson,fyoder@example.org,Algeria,2020-04-12,Standard,2154.24
2836,Elizabeth Stanley,kennethsandoval@example.com,Cuba,2021-03-05,Standard,143.94
2837,Albert Davis,summerellis@example.org,Algeria,2020-03-20,Standard,2855.11
2838,Theodore Hudson,tmorrow@example.org,Egypt,2024-07-16,Standard,107.14
2839,Mariah Cole,samanthacarter@example.com,Ghana,2024-01-11,Standard,1300.08
2840,Phillip Norris,belljeffrey@example.com,Equatorial Guinea,2022-04-16,Premium,12707.31
2841,Angela Patel,xclarke@example.com,Philippines,2024-11-15,Basic,489.09
2842,David Ross,belljennifer@example.com,Luxembourg,2022-09-14,Standard,687.27
2843,Jacob Crosby,mjenkins@example.org,Djibouti,2023-08-16,Standard,2107.76
2844,James Roman,ecampbell@example.org,Holy See (Vatican City State),2020-05-20,Standard,1899.96
2845,Latasha Washington,denniswilliams@example.com,Colombia,2024-11-24,Standard,2549.58
2846,Jasmine Martin,ielliott@example.org,Hungary,2024-02-29,Standard,1930
2847,Benjamin Chavez,wthompson@example.com,New Zealand,2021-01-01,Standard,2750.62
2848,Dr. Theresa Sandoval,briannamclaughlin@example.net,Mexico,2022-09-10,Premium,12118.33
2849,Frank Tran,zgrimes@example.net,Malaysia,2022-10-17,Basic,796.67
2850,Jon Carr,sabrina60@example.com,British Virgin Islands,2024-05-31,Standard,1270.17
2851,Joseph Williams,paula31@example.com,Cook Islands,2024-07-16,Standard,2095.4
2852,Nichole Cherry,mooredavid@example.org,Antarctica (the territory South of 60 deg S),2023-08-02,Standard,605.01
2853,Austin Evans,jspears@example.net,Saint Kitts and Nevis,2024-12-25,Basic,342.47
2854,Andrea Sparks,melissaharrell@example.net,Vietnam,2023-03-08,Standard,1406.84
2855,Claudia Wilson,zacharyandrews@example.com,Canada,2020-12-13,Basic,595.79
2856,Sarah Harrison,vargasamber@example.net,Greece,2020-11-25,Basic,558.35
2857,Janet Moore,kennethsmith@example.net,Russian Federation,2024-12-27,Standard,554.49
2858,Amy White,marie09@example.com,Japan,2022-08-30,Standard,1714.91
2859,Tommy Garcia,angelica96@example.org,United States Virgin Islands,2021-10-16,Basic,271.5
2860,Teresa Wilcox,banksmeredith@example.com,Martinique,2020-07-01,Standard,1179.84
2861,Aaron Wells,john07@example.net,Ireland,2022-02-02,Standard,1305.13
2862,Timothy Jordan,tiffany24@example.org,Georgia,2024-06-02,Standard,1835.56
2863,Todd Henry,pagelouis@example.org,Palestinian Territory,2021-05-18,Standard,1334.7
2864,Matthew Stewart,ddavis@example.com,Liechtenstein,2024-05-17,Premium,13313.7
2865,Martin Jones DVM,bryan61@example.net,Serbia,2022-05-10,Standard,1158.05
2866,Tracy Thomas,martha99@example.net,Barbados,2020-09-06,Premium,1873.55
2867,Kelli Lee,twilliams@example.net,Colombia,2020-08-08,Standard,2876.12
2868,Sarah Collins,mmitchell@example.org,Slovakia (Slovak Republic),2022-10-21,Standard,2005.16
2869,Jeffrey Wallace,xcline@example.org,Germany,2021-09-05,Basic,222.53
2870,Dr. Stacey Holt,egutierrez@example.net,Barbados,2023-02-17,Premium,14001.05
2871,Lori Madden,christopher32@example.net,Nauru,2022-09-09,Standard,874.31
2872,Derrick Reyes,benjamin18@example.com,Malawi,2022-05-11,Standard,2964.33
2873,Gregory Harmon,morrismary@example.com,Faroe Islands,2024-01-07,Premium,5886.74
2874,Lisa Caldwell,carriewilson@example.com,Australia,2022-02-12,Standard,201.39
2875,Samantha Smith,alex30@example.net,Georgia,2023-06-28,Premium,12233.27
2876,Eric Ryan,vangjohn@example.net,Mayotte,2020-11-21,Standard,1499.82
2877,Brad Ryan,briannalong@example.org,Seychelles,2024-08-09,Standard,343.27
2878,Monique Allen,rose88@example.com,Poland,2024-10-10,Standard,1886.24
2879,Lori Steele,kelleramanda@example.org,Canada,2021-09-07,Standard,1901.43
2880,Christopher Wolfe,arellanopatrick@example.net,Jordan,2023-08-08,Premium,8183.22
2881,Christine Harris,matthewbutler@example.org,Azerbaijan,2020-12-06,Premium,10498.47
2882,Lisa Mcdonald,melissa88@example.org,Serbia,2022-11-22,Premium,13017.32
2883,Jessica Williams,criddle@example.net,Chile,2021-12-08,Standard,1433
2884,Michael Wilson,fernandezjennifer@example.net,Norfolk Island,2021-09-06,Standard,1944.14
2885,Diane Walker,gonzalezmelissa@example.org,Sudan,2020-08-13,Standard,618.47
2886,Brett Rogers,angela80@example.com,Central African Republic,2021-07-28,Standard,2901.89
2887,Daisy Barrett,wheelerrichard@example.com,Korea,2024-10-31,Premium,3874.63
2888,Megan Moore,edwardscaroline@example.com,Philippines,2020-12-21,Basic,494.95
2889,John Nelson,kenneth08@example.net,Uganda,2024-04-19,Premium,993.69
2890,Brenda Davidson,christopherchristensen@example.com,Iceland,2020-05-21,Premium,1428.2
2891,Samantha Armstrong,barbarafisher@example.com,Spain,2022-03-06,Premium,6723.35
2892,Jason Salas,johnwarner@example.net,Honduras,2020-08-13,Basic,663.41
2893,Heidi Cherry,kaitlynjones@example.net,Gabon,2024-12-25,Standard,1339.84
2894,James Hess,ysmith@example.net,Iran,2021-09-16,Standard,1840.73
2895,Timothy Williams,bobfoster@example.com,Switzerland,2023-08-13,Basic,346.03
2896,Andrew Simon,hollandroy@example.org,Nigeria,2021-07-06,Premium,6101.52
2897,Barbara Heath,vargasvanessa@example.org,Sri Lanka,2022-02-20,Basic,310.71
2898,Margaret Thomas,andrewbaker@example.org,Portugal,2021-09-16,Standard,132.24
2899,Tommy Sherman,xhorton@example.org,Togo,2021-07-26,Standard,2934.31
2900,Matthew Lopez,nwilliams@example.net,Martinique,2024-06-07,Standard,2601.24
2901,Casey Rasmussen,samantha74@example.net,Gibraltar,2021-05-03,Standard,2277.57
2902,Donald Mccoy,bradleymitchell@example.net,Netherlands,2020-01-11,Basic,458.48
2903,Dustin Murphy,martinezallen@example.net,British Indian Ocean Territory (Chagos Archipelago),2024-05-30,Premium,14026.46
2904,Linda Bailey,alyssa44@example.com,Indonesia,2020-06-21,Basic,620.97
2905,Mrs. Carol Bauer,edward79@example.com,Austria,2022-08-16,Standard,2895.72
2906,Jason Smith,amber07@example.org,French Polynesia,2020-09-22,Standard,465.98
2907,Martin Todd,msmith@example.com,South Georgia and the South Sandwich Islands,2021-09-25,Basic,127.18
2908,Holly Diaz MD,erinjones@example.org,Philippines,2022-04-10,Premium,2677.77
2909,Tiffany Henderson,stewartbrian@example.net,Kazakhstan,2020-12-31,Basic,457.7
2910,Jacqueline White,charles39@example.com,Gambia,2024-11-03,Standard,851.61
2911,Derek Mckinney,jessica53@example.org,Pitcairn Islands,2022-07-14,Basic,700.2
2912,Melissa Archer,usilva@example.net,Kuwait,2023-11-19,Premium,13805.26
2913,Timothy Miller,vgraham@example.com,Tanzania,2024-10-23,Standard,2726.19
2914,Lauren Jordan,jmcclure@example.org,Congo,2024-08-31,Standard,1952.9
2915,Michelle Simpson,afoster@example.com,Poland,2024-06-17,Standard,2784.15
2916,Raymond Waller,zabbott@example.net,Benin,2021-09-17,Premium,2276.2
2917,Dana Smith,elliottfrank@example.net,Guyana,2021-01-26,Standard,1358.1
2918,David Lopez,hannahmunoz@example.com,Croatia,2020-11-04,Basic,226.93
2919,Brandi Cunningham,croberts@example.org,Trinidad and Tobago,2020-10-29,Premium,13626.88
2920,Brandi Allen,lisadonovan@example.com,Honduras,2023-01-29,Basic,392.83
2921,Linda Lopez,scottsellers@example.net,Venezuela,2024-09-29,Basic,338.51
2922,Courtney Nichols,denise02@example.org,Poland,2022-10-08,Premium,10759.75
2923,Kenneth King,brownchristina@example.org,Senegal,2022-07-27,Premium,1204.55
2924,Kelli Carter,suzannesimpson@example.org,Netherlands,2020-07-02,Standard,1959.88
2925,Brittany Franklin,urivera@example.org,Greenland,2023-11-06,Premium,6406.69
2926,Melissa Martinez,cbrown@example.com,Jordan,2022-09-04,Standard,1068.58
2927,Lisa Jones,davidsmith@example.com,Solomon Islands,2024-04-10,Standard,2073.61
2928,David Nunez,kiarareynolds@example.net,Saint Kitts and Nevis,2020-04-04,Standard,1322.26
2929,Susan Vasquez,nowens@example.org,Israel,2023-06-16,Standard,2690.99
2930,Katie Choi,tmorales@example.net,Lesotho,2022-03-24,Standard,2238.89
2931,Robert Smith,brian60@example.com,Nicaragua,2024-11-05,Standard,2005.78
2932,Marcus Flynn,crystalmiller@example.org,Northern Mariana Islands,2021-02-04,Standard,483.54
2933,Michael Luna,rachaelnelson@example.net,Oman,2023-10-20,Standard,2171.03
2934,Kara Blake,ronniefisher@example.com,Montenegro,2020-12-20,Basic,100.71
2935,Sarah Jordan,alexanderwilliams@example.net,Iraq,2023-05-18,Standard,2704.37
2936,Jordan Hendrix,yware@example.com,Yemen,2021-05-26,Standard,2241.11
2937,Benjamin Berry,leslie79@example.org,Bosnia and Herzegovina,2021-02-13,Standard,2657.32
2938,Claudia Matthews,igoodman@example.net,Fiji,2024-08-25,Premium,5032.4
2939,Linda Jones,vjohnson@example.net,Tuvalu,2024-02-15,Standard,1198.22
2940,Erik Delacruz,douglasbutler@example.com,French Polynesia,2023-03-01,Premium,10608.01
2941,Carlos Walker,patricia12@example.org,Cayman Islands,2020-04-05,Basic,1.05
2942,Laurie Michael,guerrerorenee@example.com,Nicaragua,2021-09-28,Standard,372.42
2943,Timothy Perez,smithcharles@example.net,Korea,2024-09-12,Basic,67.2
2944,Michael Calhoun,derricklee@example.net,Marshall Islands,2023-11-09,Premium,9191.63
2945,Elizabeth Jimenez,margarethickman@example.org,Guam,2023-12-22,Standard,2249.19
2946,Joel Gordon,gbrown@example.net,Malta,2024-04-16,Standard,1298.97
2947,Vincent Harris,qbrown@example.net,Thailand,2022-06-17,Standard,2775.36
2948,James Williams,archerjames@example.net,Equatorial Guinea,2021-01-16,Basic,453.12
2949,Jacqueline Torres,peter58@example.com,Poland,2023-06-22,Basic,753.65
2950,Derrick Hampton,rlee@example.net,Dominican Republic,2022-01-10,Basic,172.01
2951,Selena Hodge,zmoore@example.org,Australia,2024-01-05,Premium,2075.36
2952,Amy Beard,zmiller@example.org,Albania,2022-03-19,Basic,99.9
2953,Frank Santana,acohen@example.com,Greenland,2024-01-28,Premium,10645.08
2954,Dr. Travis Morris DDS,pamela51@example.org,Equatorial Guinea,2021-12-29,Basic,271.12
2955,Donald Smith,vmills@example.net,Solomon Islands,2023-08-04,Standard,2435.05
2956,Rhonda Foley,felicia51@example.com,Hong Kong,2023-06-13,Standard,2644.98
2957,Frederick Moore,michelle41@example.net,Namibia,2022-01-08,Premium,11719.11
2958,Tasha Smith,,Japan,2020-03-22,Premium,2633.56
2959,Reginald Copeland,ucamacho@example.org,Korea,2023-10-03,Standard,1177.82
2960,David Lee,,Malaysia,2023-06-29,Basic,566.23
2961,Amy Williams,anthonyfranklin@example.com,San Marino,2021-04-08,Basic,515.99
2962,Derrick Lane,mlittle@example.com,Nepal,2021-01-25,Basic,100.41
2963,Dr. Roberto Johnston,rtaylor@example.com,Cape Verde,2024-02-21,Premium,9409.7
2964,Ashley Cox,alisha45@example.org,Kyrgyz Republic,2020-11-06,Standard,1076.64
2965,Paul Gray,gevans@example.org,Montserrat,2023-05-01,Standard,2086.96
2966,Mark Ashley,erica59@example.net,Senegal,2023-07-09,Standard,1902.74
2967,Brenda Haas,jacksonchristina@example.com,Cameroon,2020-01-07,Standard,2402.41
2968,Rhonda Williams,taragomez@example.net,Netherlands Antilles,2023-08-27,Standard,2743.13
2969,Brenda Meyer,mcdonaldmegan@example.org,Armenia,2022-03-04,Standard,1757.49
2970,Justin Alexander,iruiz@example.com,Kuwait,2020-05-27,Premium,11357.26
2971,Jacob Fry,carl64@example.net,Mali,2022-09-20,Standard,864.5
2972,Christina Mason,maryflores@example.net,Mali,2021-01-31,Standard,874.2
2973,Melissa Shaffer,daniel62@example.org,Oman,2024-07-12,Premium,5809.47
2974,Carol Snow,doylemichael@example.net,Honduras,2022-11-11,Basic,532.88
2975,Nicole Martin,sroberson@example.net,Cote d'Ivoire,2023-11-14,Standard,2005.62
2976,William Lee,cruzhunter@example.net,Croatia,2023-01-19,Basic,201.85
2977,Maria Maldonado,christopher81@example.com,Mauritius,2020-03-25,Standard,2025.7
2978,Elizabeth Thomas,vmorrow@example.net,Georgia,2023-11-02,Basic,104.52
2979,Joshua Huff,preilly@example.org,Kuwait,2023-03-22,Basic,240.77
2980,Connie Wells,lweber@example.org,Canada,2020-12-31,Basic,748.83
2981,Crystal Shelton,johnsonlisa@example.com,Germany,2021-03-03,Standard,157.65
2982,Shelley Klein,jbrown@example.com,Sudan,2021-08-19,Standard,510.71
2983,Jeremy Morris,chad76@example.com,Germany,2022-03-01,Premium,6341.17
2984,Kevin Jones,cameronkaitlyn@example.com,Malaysia,2020-02-28,Standard,2411.74
2985,Kevin Flores,grantkevin@example.net,New Caledonia,2022-11-22,Premium,12665.41
2986,Lori Jackson,williampierce@example.com,Isle of Man,2022-04-02,Standard,237.84
2987,Alexander Moore,jenningsraymond@example.org,Dominica,2023-06-05,Premium,11912.59
2988,Melanie White,chenmatthew@example.org,Mexico,2022-05-08,Standard,2056.69
2989,Kimberly Moore,yboone@example.org,Malawi,2021-01-22,Premium,4470.6
2990,Robin Johnson,marksbrandon@example.net,Bulgaria,2024-04-07,Standard,1552.47
2991,Richard Lawrence,paullawson@example.org,Czech Republic,2021-09-18,Basic,134.79
2992,Michael Bates,mstanley@example.com,Uruguay,2023-05-21,Basic,652.65
2993,Miguel Williams,gmurphy@example.net,Isle of Man,2024-02-26,Standard,370.59
2994,Rachel Grimes,matthewvaughn@example.org,South Georgia and the South Sandwich Islands,2021-07-23,Standard,2320.53
2995,Mr. Brian Jackson,craigmurphy@example.net,Armenia,2020-03-15,Standard,2662.67
2996,Patricia Gonzales,howarddawn@example.net,Lesotho,2023-07-12,Standard,2687.02
2997,Megan Stevenson,jennifer44@example.org,Georgia,2024-05-09,Standard,1959.95
2998,Jordan Clark,collinskyle@example.com,Zambia,2021-05-23,Standard,2997.46
2999,Thomas Garcia,sharonlevine@example.com,Thailand,2020-12-14,Basic,378.3
3000,James Mooney,nguyenkaren@example.net,Netherlands,2021-03-21,Premium,13697.41
3001,Andrew Fowler,iwilliamson@example.org,Tunisia,2021-03-14,Basic,742.6
3002,Crystal Beltran,michael84@example.com,Isle of Man,2020-07-07,Standard,1515.65
3003,Laura Carter,lorihenderson@example.com,Zimbabwe,2024-07-22,Standard,1901.98
3004,Alex Reynolds,christiecastillo@example.com,Madagascar,2024-06-19,Basic,537.15
3005,Sheila Kelly,tdiaz@example.org,Netherlands Antilles,2023-04-15,Premium,1473.47
3006,Maureen Bates,danlong@example.net,Singapore,2023-11-13,Basic,502.21
3007,Michelle Taylor,riveramicheal@example.net,Panama,2024-04-04,Standard,2872.76
3008,Christopher Underwood,gregorydavis@example.net,Holy See (Vatican City State),2024-08-15,Premium,14540.66
3009,Gregory Rodgers,brandyrobles@example.org,Yemen,2020-09-07,Premium,9682.66
3010,Daniel Carter,tbradford@example.com,Iceland,2023-03-25,Basic,441.97
3011,Bryan Paul,amy17@example.com,Saint Vincent and the Grenadines,2020-08-28,Standard,1875.14
3012,Tanya Wilson,ramosmatthew@example.org,Ukraine,2023-01-14,Basic,33.93
3013,Jose Davis,brewersherri@example.org,Denmark,2023-03-10,Basic,495.53
3014,Elizabeth Hill,dhughes@example.net,Nauru,2020-06-11,Standard,1011.23
3015,Justin Benson,vroberts@example.org,Nauru,2021-06-29,Standard,660.98
3016,Shannon Herrera,elizabeth33@example.org,Sudan,2021-07-04,Basic,640.86
3017,Vernon Walters,andrewsdebbie@example.com,Russian Federation,2020-05-27,Basic,502.21
3018,Audrey Macdonald,dbennett@example.org,Netherlands Antilles,2024-10-27,Premium,14208.59
3019,Wanda Gutierrez,smithwendy@example.net,India,2023-04-29,Standard,731.99
3020,Diana Shepherd,taylormelinda@example.org,Burkina Faso,2024-06-02,Standard,545.23
3021,Veronica Adams,jonesvanessa@example.net,Kazakhstan,2020-07-22,Standard,379.01
3022,Kristen Vance,vhoward@example.org,Bhutan,2021-01-21,Basic,466.3
3023,Jesse Jones,cynthiahill@example.com,British Indian Ocean Territory (Chagos Archipelago),2021-01-01,Standard,2747.46
3024,Alexander Martin,kimberlybell@example.com,Gabon,2021-05-31,Standard,1878.88
3025,Susan Hamilton,donald60@example.org,Mexico,2021-08-13,Standard,2955.46
3026,John Anderson,carlrichards@example.com,Saint Pierre and Miquelon,2021-10-19,Premium,14321.32
3027,Jane Salazar,michael22@example.com,Poland,2024-02-07,Standard,2395.88
3028,Samuel Baker,evansbrady@example.org,Vanuatu,2023-11-23,Basic,781.82
3029,Rebecca Olsen,aaron25@example.com,Bahrain,2024-08-04,Standard,2652.06
3030,Veronica Decker,kimberly48@example.com,Liberia,2023-01-02,Standard,288
3031,Joseph Herrera,turnerkari@example.org,Bahrain,2024-12-24,Basic,402.01
3032,Isaiah Gray,brookstimothy@example.net,Switzerland,2022-10-09,Premium,1047
3033,Hunter Wilson,dfox@example.net,Swaziland,2021-06-12,Standard,163.33
3034,Arthur Golden,robertsbrandy@example.com,Ecuador,2020-06-07,Standard,952.64
3035,Matthew Coleman,brettrice@example.com,Macao,2023-09-16,Basic,338.53
3036,Brett Horton,fhanna@example.com,Costa Rica,2020-04-07,Basic,650.2
3037,Erika Mays,jeremy78@example.com,Chile,2022-09-22,Standard,2053.99
3038,Theresa Smith,dunnconnor@example.net,Paraguay,2023-01-26,Premium,956.85
3039,Joseph Henderson,markgibson@example.org,Ireland,2022-02-22,Premium,2619.76
3040,Marissa Smith,qshort@example.org,Ecuador,2024-03-13,Standard,977.69
3041,Mikayla Watson,harold30@example.com,Antigua and Barbuda,2022-07-23,Standard,2796.98
3042,Cory Lopez,psawyer@example.net,Western Sahara,2022-08-02,Basic,798.52
3043,Michael Leonard,garyyang@example.org,French Guiana,2020-02-04,Basic,583.45
3044,Alyssa Ortiz,garciacharles@example.com,Saint Vincent and the Grenadines,2023-11-30,Standard,1630.28
3045,Brenda Davis,pcoleman@example.org,Thailand,2020-02-24,Basic,115.54
3046,Brenda Taylor,joshuajohnson@example.com,Djibouti,2023-05-01,Basic,215.36
3047,Laurie Lopez,brandongray@example.net,Antarctica (the territory South of 60 deg S),2024-10-19,Standard,2940.88
3048,Matthew Austin,jeffersondaniel@example.org,Equatorial Guinea,2024-12-03,Standard,1036.62
3049,Christine Johnston,jeremythompson@example.org,Maldives,2024-09-17,Basic,183.61
3050,William Hogan,,Syrian Arab Republic,2021-03-16,Standard,1506.11
3051,Meghan Cook,kevinmason@example.com,Sierra Leone,2020-09-13,Basic,518.8
3052,Lisa Patterson,thompsonbrandy@example.com,Japan,2021-02-12,Premium,1584.89
3053,Christopher Brown,john77@example.net,United Kingdom,2023-02-26,Standard,903.11
3054,Dana Stanley,gregory73@example.com,Iraq,2020-07-08,Basic,621.95
3055,Anna Barker,zholden@example.com,Suriname,2021-08-15,Standard,1465.37
3056,Ryan Adams,xhorne@example.org,Tunisia,2021-08-13,Standard,2004.2
3057,Amy Hendricks,revans@example.com,Slovenia,2022-04-28,Standard,990.62
3058,Colleen Powell DDS,erik74@example.com,Jordan,2023-12-11,Premium,11099.06
3059,Mary Morgan,julie24@example.org,Turkey,2020-09-13,Standard,1968.95
3060,Nicole Price,kennethmorgan@example.org,Cayman Islands,2021-06-06,Standard,1407.55
3061,Sharon Wolfe,vtapia@example.net,Mexico,2023-05-17,Standard,2948.07
3062,Erica Lewis,robert58@example.net,Japan,2024-08-19,Standard,2344.96
3063,Kenneth Gutierrez,longamanda@example.com,Mongolia,2021-03-19,Standard,495.86
3064,Mark Gilbert,perrymichael@example.org,Peru,2024-07-30,Basic,523.57
3065,Angela Long,heatherdavis@example.org,Angola,2023-02-21,Standard,903.21
3066,Daniel Anderson Jr.,kimberlymejia@example.org,Falkland Islands (Malvinas),2020-12-28,Standard,-195.69
3067,Jessica Olson,petersdonald@example.net,Falkland Islands (Malvinas),2022-12-18,Standard,2192.33
3068,Autumn Krause,raymond39@example.com,Slovenia,2023-09-17,Premium,13107.16
3069,Jennifer Morris,mary92@example.com,Tajikistan,2021-10-17,Basic,741.07
3070,Haley Sullivan,carlastevens@example.net,Venezuela,2022-10-18,Standard,2674.88
3071,Renee Mccoy,alexander69@example.com,Madagascar,2023-09-18,Premium,3828.04
3072,Angela Contreras,dawnpark@example.com,Saint Barthelemy,2024-03-31,Basic,425.16
3073,Joe Oliver,bmayo@example.com,Pitcairn Islands,2022-02-07,Basic,780.88
3074,Courtney Murphy,johnsonstephanie@example.org,Chile,2023-09-07,Basic,9.32
3075,Raymond Johnson,pparsons@example.net,Netherlands,2021-09-14,Basic,273.88
3076,Kevin Juarez,,Cuba,2021-08-20,Basic,230.83
3077,Maxwell Whitaker,susanhill@example.org,Finland,2022-03-10,Standard,230.71
3078,Justin Robles,christopher01@example.com,Lithuania,2024-02-02,Standard,1142.36
3079,Amanda Mcknight,garciaalex@example.com,Mozambique,2023-01-23,Standard,1279.55
3080,Leslie Sandoval,williamslarry@example.org,Uganda,2023-07-24,Standard,517.78
3081,Brittany Hoffman,hcastaneda@example.com,United States Virgin Islands,2020-11-26,Standard,1615.57
3082,Amanda Hanna,wrightdrew@example.org,Eritrea,2023-01-21,Premium,14736.66
3083,Natalie Murphy,pamela03@example.com,Congo,2021-08-15,Standard,2959.91
3084,Antonio Woods,tuckersheila@example.net,Bolivia,2023-09-29,Basic,149.08
3085,Joshua Brown,kristin11@example.com,Brazil,2023-03-25,Basic,441.31
3086,Chad Thornton,sara02@example.com,United Kingdom,2023-10-23,Standard,2166.28
3087,Sean Martin,robertsdavid@example.net,Kuwait,2023-05-06,Standard,715.93
3088,Elizabeth Taylor,epeck@example.net,Croatia,2022-05-04,Standard,232.64
3089,Karen Hicks,bjames@example.org,Netherlands,2024-03-12,Standard,2462.94
3090,Julian Maynard,hardinvictor@example.net,Bouvet Island (Bouvetoya),2024-03-11,Basic,130.03
3091,Jamie Patton,gary21@example.com,Finland,2022-09-22,Basic,590.19
3092,Angela Young,jeff06@example.net,Panama,2023-03-24,Basic,446.1
3093,Matthew Price,wkelley@example.com,Chad,2020-09-19,Basic,704.76
3094,Mrs. Mary Singh DVM,taylormichael@example.com,Saint Helena,2021-08-02,Basic,513.95
3095,Taylor Owens,abigail56@example.com,Netherlands,2020-07-12,Standard,1991.13
3096,Kelly Herring,tinajohnson@example.org,Nauru,2023-08-08,Premium,10958.69
3097,Mercedes Peterson MD,xclark@example.net,French Polynesia,2021-02-01,Premium,13877.62
3098,Sarah Lopez,bryantpeter@example.org,Senegal,2020-09-22,Standard,928.85
3099,Jennifer Johnson,esawyer@example.org,Panama,2021-09-17,Standard,2690.81
3100,Edward Duarte,daniel30@example.com,Malawi,2024-03-08,Premium,9942.74
3101,Tonya Callahan,billy87@example.org,Turkey,2021-09-18,Basic,87.24
3102,Warren Hooper,mortiz@example.org,Peru,2022-12-29,Premium,6825.21
3103,William Malone,jtaylor@example.org,Latvia,2024-03-25,Basic,65.5
3104,Corey Cortez,belllaura@example.org,Burundi,2023-01-22,Basic,89.17
3105,Juan White,justinherrera@example.com,Greece,2024-05-16,Standard,1063.48
3106,Kelly Howard,anthony41@example.org,Saint Kitts and Nevis,2024-12-20,Standard,1114.22
3107,Debra Jacobs,perezpamela@example.org,Romania,2024-02-02,Standard,1973.46
3108,David Estrada,james72@example.org,Seychelles,2021-04-04,Standard,1471.92
3109,Leslie Mclean,moodysamuel@example.org,Northern Mariana Islands,2023-04-30,Premium,7931.18
3110,Mary Huber,georgesteven@example.org,Antarctica (the territory South of 60 deg S),2023-12-15,Basic,12.33
3111,Joshua York,jacobsoncurtis@example.com,United States of America,2023-03-24,Standard,260.04
3112,Terri Sanchez,austinmonica@example.org,Solomon Islands,2022-05-31,Standard,2497.68
3113,Paige Davis,keith86@example.com,France,2024-09-04,Basic,173.56
3114,Lori Pierce,christopherhicks@example.net,Vanuatu,2020-07-26,Standard,1433.9
3115,Alison Walker,tyler80@example.net,Denmark,2023-03-25,Standard,1663.74
3116,Kevin Wilson,connorholloway@example.net,Saint Kitts and Nevis,2020-12-22,Standard,1436.03
3117,Jill Velazquez,lynnpowell@example.net,American Samoa,2022-12-14,Premium,1781.42
3118,Gary Morris,robyn59@example.net,Gambia,2024-10-06,Standard,1772.52
3119,Alisha Malone,barbaradoyle@example.com,Netherlands,2022-05-12,Standard,470.12
3120,Lacey Williams,michael28@example.net,Spain,2023-08-09,Standard,1945.74
3121,Alexis Jones,pricerobert@example.org,Djibouti,2022-12-05,Premium,11919.56
3122,Donald Wallace,millerlucas@example.com,Israel,2024-04-27,Standard,2812
3123,Daniel Beck,evansrachel@example.org,Burundi,2022-05-04,Standard,1242.56
3124,Mark Hunt,timothyross@example.net,Central African Republic,2023-08-09,Standard,2769.31
3125,Sarah Phillips,steve72@example.com,Spain,2024-03-10,Premium,8963.68
3126,Alexa Campbell,johntaylor@example.com,China,2021-02-15,Premium,11602.04
3127,Jose Wang,christopher24@example.org,Saint Helena,2020-10-23,Standard,2757.97
3128,David Marks,murphymatthew@example.com,Finland,2024-05-12,Premium,1732.15
3129,Lauren Johnson,maryhart@example.com,American Samoa,2023-11-01,Standard,691.9
3130,Christopher Chavez,wendylewis@example.net,Cambodia,2023-08-19,Basic,623.3
3131,Gail Greene,howard31@example.com,Northern Mariana Islands,2021-06-28,Standard,625.92
3132,Rita Fox,brandonsmith@example.org,Netherlands,2023-07-04,Basic,666.26
3133,Clinton Macias,ramoscory@example.com,Zambia,2024-08-05,Premium,8385.91
3134,Charles Anderson,christopher78@example.org,United Kingdom,2022-04-23,Premium,14585.35
3135,Michael Garza,nreyes@example.com,Togo,2020-07-23,Basic,470.85
3136,Abigail Walker MD,karen31@example.org,Namibia,2023-04-14,Basic,13.41
3137,Andrew Schmidt,adrian20@example.com,Bhutan,2023-01-13,Basic,21.25
3138,Amber Ray,jasonmontgomery@example.com,Netherlands,2020-12-29,Premium,5333.03
3139,Mr. Aaron Lucas,jeannewong@example.com,Bolivia,2022-04-04,Basic,424.26
3140,Clinton Peterson,holly18@example.net,Heard Island and McDonald Islands,2021-09-21,Standard,2100.33
3141,Kyle Smith,nriley@example.org,Denmark,2024-12-14,Standard,1844.8
3142,Riley Cooper,derrickyoung@example.com,Pakistan,2020-11-23,Premium,13796.16
3143,Julie Casey,mitchellnicholas@example.com,Saint Martin,2023-07-15,Basic,527.27
3144,David Smith,mendezsierra@example.com,Congo,2020-12-04,Premium,1161.04
3145,Melissa Garcia,santiagoterri@example.com,Italy,2023-02-21,Basic,593.23
3146,Gina Cooper,wwong@example.com,Bangladesh,2022-08-28,Standard,198.72
3147,Richard Moore,underwooddeborah@example.com,Mexico,2023-10-28,Basic,702.37
3148,Matthew Robles,moorejohn@example.net,Brazil,2021-09-01,Basic,180.38
3149,Mark Frazier,ojohnson@example.com,Norfolk Island,2021-03-14,Basic,489.79
3150,George Taylor,gabriellamartinez@example.com,Myanmar,2023-08-13,Premium,2873.47
3151,Sean Gray,deborah56@example.org,United States Minor Outlying Islands,2023-10-01,Premium,8215.17
3152,Mr. Ryan Obrien Jr.,johnsonjulie@example.com,Switzerland,2023-09-17,Standard,424.87
3153,Terry Hudson,morganwarner@example.org,Cote d'Ivoire,2023-11-29,Standard,1526.69
3154,Jeffrey Greene,njames@example.org,Lesotho,2024-09-30,Premium,11303.67
3155,Kimberly Scott,kgutierrez@example.org,Turkmenistan,2023-10-27,Premium,2489.16
3156,Dr. Tamara Taylor,garciajoshua@example.org,Suriname,2021-02-01,Standard,2249.79
3157,Harry Graves,bcarter@example.com,Tonga,2020-10-23,Premium,4474.56
3158,Connie Clay,trujillotony@example.com,Germany,2023-05-16,Premium,11321.11
3159,Connie Morton,tracydavenport@example.net,India,2024-01-15,Basic,278.88
3160,Paul Austin,cgreen@example.net,French Polynesia,2022-07-11,Standard,2381.99
3161,Caitlin Ramirez,jean10@example.com,Ireland,2022-02-26,Basic,405.81
3162,Emily Benjamin,tarabarnes@example.com,Martinique,2023-01-31,Basic,618.49
3163,Shannon Thomas,clinekatie@example.com,Turkey,2021-07-02,Premium,14108.75
3164,Johnathan Harper,jodipark@example.net,Kazakhstan,2022-09-22,Basic,654.44
3165,Cindy Cohen,michelle12@example.net,Bouvet Island (Bouvetoya),2023-10-07,Standard,1448.27
3166,Sean Douglas,lopezkristin@example.com,Uganda,2021-10-16,Standard,2876.27
3167,Joshua Vincent DVM,mitchellmichael@example.com,Saint Kitts and Nevis,2024-05-18,Premium,3272.19
3168,Shannon Taylor,shieldskelly@example.net,Austria,2024-06-23,Premium,4477.41
3169,Dalton Santos,claytonchavez@example.net,Tajikistan,2023-04-04,Premium,13257.81
3170,Victoria Thomas,jamesbrewer@example.org,Puerto Rico,2021-10-27,Standard,2789.51
3171,Keith Warner,caleb67@example.com,Seychelles,2022-07-24,Basic,220.57
3172,Alexandra Gonzalez,emilyallison@example.net,Japan,2024-01-05,Standard,2672.49
3173,Brian Hinton,anthonyavery@example.org,Uganda,2022-11-09,Basic,338.24
3174,Megan Carter,david48@example.org,Costa Rica,2020-03-01,Basic,302.1
3175,Christy Sweeney DDS,yjohnson@example.net,Chad,2024-06-03,Standard,1725.86
3176,Melissa Jacobs,ocummings@example.org,Qatar,2022-09-04,Premium,3768.37
3177,Adam Rogers,catherine46@example.net,Burkina Faso,2023-05-18,Basic,642.85
3178,William Stark,ashley01@example.org,Cameroon,2021-01-08,Standard,320.97
3179,Jacob Camacho,neilsummers@example.org,Belarus,2024-10-21,Premium,3278.87
3180,Gary Myers,hcooper@example.net,Portugal,2022-06-20,Standard,1026.74
3181,Maria Fernandez,robinsonalexandria@example.net,Morocco,2023-07-15,Basic,566.82
3182,Monica Johnson,danielle04@example.org,Faroe Islands,2021-05-21,Standard,1422.46
3183,Gregory Cruz,charles35@example.org,Mali,2020-01-01,Standard,2510.92
3184,Ashley Robertson,thomasellis@example.com,Madagascar,2021-07-01,Premium,1744.03
3185,Andrew Fowler,weekszachary@example.com,Hong Kong,2021-04-03,Premium,4100.53
3186,Brian Randall,cdunn@example.org,Vanuatu,2023-11-01,Premium,13811.28
3187,Brittney Ford,sullivancatherine@example.net,Monaco,2024-04-16,Basic,445.33
3188,Christina Miles,xdavis@example.net,Vanuatu,2020-01-11,Basic,497.81
3189,William Holmes,krodriguez@example.net,Latvia,2023-06-11,Premium,12317.72
3190,Janice Kelly,elizabethmoore@example.org,Lebanon,2022-11-20,Standard,425.28
3191,Michelle Hancock,tara83@example.com,Comoros,2020-06-19,Premium,13024.18
3192,Mason Jones,robert72@example.net,Heard Island and McDonald Islands,2022-01-29,Premium,13386.66
3193,Trevor Archer,justinhughes@example.net,Cambodia,2020-04-10,Standard,1718.1
3194,Taylor Graves,anita15@example.net,Suriname,2022-06-29,Standard,2315.33
3195,Jeffery Kelley,adamgolden@example.org,Albania,2020-09-02,Standard,2675.44
3196,Jose Harris,wwhite@example.com,Jersey,2023-11-25,Standard,2547.19
3197,Roberta Walker,chad50@example.org,Ghana,2022-04-06,Standard,1984.28
3198,Joseph Harding,prodriguez@example.org,Spain,2022-01-27,Premium,7506.91
3199,Sabrina Pugh,nicholsanne@example.com,Brunei Darussalam,2022-04-25,Premium,12414.37
3200,Sarah Fowler,angelaespinoza@example.org,Zambia,2020-08-03,Basic,481.41
3201,Mr. Jesus Burgess,martinezkathleen@example.com,Burundi,2021-09-20,Basic,541.49
3202,Michael Castillo,xgonzalez@example.net,Bahamas,2020-04-15,Basic,226.48
3203,Terry Thomas,wilcoxjennifer@example.com,Cambodia,2020-12-10,Basic,485.27
3204,Michael Burns,baileydonna@example.net,Panama,2020-05-06,Standard,2223.41
3205,John Todd,rmichael@example.net,Myanmar,2024-03-24,Basic,4.52
3206,Ashley Diaz,zbailey@example.com,Sierra Leone,2022-08-03,Standard,1772.96
3207,Edward Lawson,pwarren@example.org,France,2021-09-26,Premium,13932.92
3208,Alexis Gilbert,edwin42@example.net,Hong Kong,2020-01-13,Premium,4375.92
3209,Holly Deleon,susanwhite@example.org,Mozambique,2023-02-06,Premium,675.58
3210,David Riggs,ellismichael@example.com,Lesotho,2024-05-10,Premium,1909.64
3211,Jennifer Farmer,trevor91@example.org,United States of America,2022-01-21,Standard,2299.96
3212,Amanda Park,jonesjeanne@example.org,Italy,2022-04-04,Basic,754.05
3213,Jonathan Taylor,ann34@example.com,United States of America,2021-04-26,Basic,284.37
3214,Jesus Hawkins,jeffreyroberts@example.net,Rwanda,2022-08-10,Standard,229.21
3215,John Davis,danielduncan@example.com,Montenegro,2022-06-01,Premium,6010.63
3216,David Sanchez,ymercer@example.com,Philippines,2022-12-02,Basic,727.31
3217,Robin Johnson,christophercooley@example.com,Puerto Rico,2021-03-16,Standard,2319.8
3218,Matthew Henderson,kimberlythomas@example.com,Mauritania,2022-05-27,Premium,12799.05
3219,Scott Vargas,vanessajimenez@example.org,French Guiana,2020-06-04,Standard,1378.45
3220,Robert Norris,andrewmyers@example.org,Benin,2020-06-28,Standard,2691.78
3221,Paul Tyler,christopher08@example.com,Fiji,2024-06-26,Standard,1738.95
3222,Charles Rich,mbest@example.net,Azerbaijan,2022-02-14,Basic,698.48
3223,Melissa Gonzalez,lukefisher@example.net,United States of America,2020-06-17,Basic,715.67
3224,Kyle Farmer,lisadavis@example.org,Azerbaijan,2021-02-28,Standard,1251.38
3225,Leah Fox,cameronramos@example.org,Saint Lucia,2020-02-22,Premium,5256.57
3226,Todd Nash,thompsondawn@example.org,Grenada,2022-12-19,Basic,421.7
3227,Diana Rogers,colleenwilliams@example.net,Denmark,2020-09-10,Standard,289.25
3228,Dennis Walker,fbutler@example.org,Sierra Leone,2020-03-31,Premium,6513.48
3229,Christopher Hendricks,huntlisa@example.org,Burundi,2024-05-25,Standard,1885.8
3230,Jessica Jones,kimberly47@example.org,Tunisia,2021-09-03,Standard,209.94
3231,Mitchell Jones,johnsonmichael@example.net,Yemen,2020-06-02,Standard,-355.71
3232,Richard Sanchez,mcrawford@example.net,Kiribati,2020-11-02,Premium,6887.13
3233,Donna Taylor,burgessdonald@example.com,New Caledonia,2024-09-01,Standard,499.22
3234,Zachary Quinn,deborah16@example.com,Japan,2021-03-26,Premium,9164.82
3235,Sean Hicks,isanders@example.net,Marshall Islands,2020-05-18,Premium,10436.39
3236,Tina Ortiz,ryanfox@example.net,Papua New Guinea,2023-09-21,Premium,4504.61
3237,Brandon Pena,stevemorales@example.net,Cayman Islands,2022-02-28,Basic,489.46
3238,Jeffrey Wallace,hudsongwendolyn@example.com,Norway,2024-04-10,Standard,1882.53
3239,Travis Mayo,gary89@example.net,Uganda,2020-08-18,Standard,802.42
3240,Tracy Smith,beverly35@example.net,Mauritania,2021-01-23,Standard,1476.78
3241,Frank Dean,bmarshall@example.com,Netherlands,2023-02-07,Basic,550.46
3242,Jamie Johnson,rhondawood@example.net,Martinique,2021-03-10,Standard,994.81
3243,Allen Jones,david71@example.com,Greenland,2024-12-28,Basic,121.29
3244,Mr. Kenneth Ashley,brittanyrush@example.com,Trinidad and Tobago,2020-10-04,Standard,468.96
3245,Robert Ferguson,hmiller@example.com,Malta,2022-11-14,Premium,544.08
3246,Anthony Pearson,smithcarrie@example.com,Faroe Islands,2022-03-14,Standard,1672.88
3247,Margaret Mills,fhoffman@example.com,Northern Mariana Islands,2021-03-15,Standard,1702.19
3248,Anthony Hall,schroederbrittany@example.org,British Virgin Islands,2021-06-28,Basic,748.34
3249,Shawn Morgan,brownwilliam@example.net,Argentina,2022-01-09,Basic,461.14
3250,Christopher Webster Jr.,edward22@example.org,Thailand,2024-05-06,Standard,1312.4
3251,Larry Nicholson,cruzolivia@example.org,Slovenia,2020-03-26,Basic,738.51
3252,Margaret Smith,lisafloyd@example.com,Pakistan,2023-06-29,Standard,1519.69
3253,Brenda Miles,ecox@example.net,North Macedonia,2020-12-06,Standard,2321.66
3254,Alexander Lamb,shenson@example.org,Sri Lanka,2020-06-30,Standard,130.39
3255,Destiny Myers,rachel74@example.org,Saint Helena,2021-08-07,Premium,1731.29
3256,Steven Mccormick,debbie45@example.org,Equatorial Guinea,2023-10-28,Basic,85.29
3257,Austin James,ikemp@example.net,Swaziland,2023-10-16,Premium,10498.06
3258,Timothy Palmer,william48@example.net,Togo,2023-11-29,Standard,1729.52
3259,Todd Gomez,asoto@example.com,Cuba,2021-05-12,Standard,2568.97
3260,James Evans,john07@example.com,Haiti,2024-02-08,Premium,7133.93
3261,Abigail Romero,john69@example.net,Cuba,2024-09-26,Premium,5684.91
3262,Mariah Turner,sshea@example.com,Tonga,2024-12-25,Standard,597.37
3263,Heather Hines,luis05@example.net,Antigua and Barbuda,2021-12-06,Premium,6525.77
3264,Kim Morales,jessicasmith@example.com,Congo,2024-03-25,Standard,2636.05
3265,Thomas Chang,ashleyterry@example.com,Denmark,2021-01-04,Standard,422.05
3266,Katherine Thomas,joseph50@example.org,Monaco,2020-04-21,Standard,216.79
3267,Amy Taylor,daniel02@example.net,Qatar,2021-08-30,Premium,12562.03
3268,Elizabeth Cooper,susandavis@example.org,Guam,2023-01-04,Basic,322.13
3269,Austin Stout,kelsey33@example.com,Niger,2021-03-01,Basic,298.78
3270,Olivia Lopez,rodriguezjohn@example.com,Morocco,2020-06-14,Premium,5546.67
3271,Xavier Jackson,jack74@example.org,Micronesia,2023-10-13,Basic,521.72
3272,Michael Escobar,daniel08@example.com,Lithuania,2023-03-21,Standard,398.77
3273,Corey Espinoza,michael51@example.com,Norfolk Island,2020-01-20,Standard,1963.29
3274,Vanessa Yates,richardsmario@example.org,Lesotho,2022-02-06,Basic,207.09
3275,Tammy Cooper,larry37@example.net,Antigua and Barbuda,2022-06-07,Basic,490.96
3276,Jennifer Wells,perryjames@example.com,El Salvador,2022-01-13,Basic,322.3
3277,Zachary Taylor,contrerasmaria@example.com,Jamaica,2022-12-26,Standard,745.59
3278,Pamela Burgess,gscott@example.org,Sao Tome and Principe,2020-02-26,Standard,2350.63
3279,Jose Fox,amyers@example.net,Nigeria,2020-10-08,Standard,2471.36
3280,Jessica Young,yallen@example.org,Uzbekistan,2021-03-30,Premium,7270.16
3281,Gabriella Jones,teverett@example.com,Antigua and Barbuda,2024-03-31,Standard,2334.5
3282,Michelle Underwood,samanthamartinez@example.net,Romania,2022-05-14,Premium,6057.76
3283,Jessica Rhodes,mezastephanie@example.org,Fiji,2020-02-15,Standard,404.59
3284,Samantha Schmidt,parkermax@example.org,Palestinian Territory,2021-03-11,Premium,10242.69
3285,Christian Thomas,richarddiaz@example.net,Cameroon,2022-01-18,Premium,12236.4
3286,Rachel Young,jonathanruiz@example.com,Kenya,2022-05-08,Standard,1427.26
3287,Cody Lynch,higginskelly@example.org,San Marino,2023-04-02,Standard,966.67
3288,David Woodard,deborahwright@example.net,Holy See (Vatican City State),2022-01-27,Standard,678.34
3289,Robert Tanner,elizabethrichards@example.com,British Indian Ocean Territory (Chagos Archipelago),2023-04-12,Premium,1880.56
3290,Ashley Smith,feliciawilson@example.net,Vietnam,2024-02-26,Standard,2716.17
3291,Cameron Berger,lisa73@example.org,Malawi,2022-08-21,Standard,1614.53
3292,Jeffery Jennings,manningjessica@example.com,Denmark,2020-02-19,Basic,46.66
3293,Brittney Garcia,randyyoder@example.com,Kenya,2023-10-08,Standard,713.34
3294,Joe Strickland,mejiamichael@example.net,Malaysia,2023-11-25,Standard,1741.18
3295,Katherine Ramos,michael99@example.net,Belgium,2020-11-15,Standard,1982.85
3296,Craig King,brent20@example.org,Singapore,2024-08-01,Basic,142.66
3297,Natalie Meyer,cpeters@example.org,Samoa,2021-04-06,Basic,353.18
3298,Margaret Gilmore,brookeshaw@example.com,Senegal,2023-12-26,Standard,138.21
3299,David Maxwell,alan34@example.com,Poland,2022-04-05,Standard,2456.21
3300,Meghan Evans,herrerajennifer@example.org,Solomon Islands,2022-06-08,Premium,6734.39
3301,Jonathan Williams,mariaortega@example.com,China,2020-11-25,Basic,564.42
3302,Seth Edwards,johnbrooks@example.org,Mayotte,2023-10-17,Standard,1425.05
3303,Chase Garcia,michaelyoung@example.org,Sierra Leone,2020-04-02,Standard,2206.97
3304,Christina Simon,umills@example.net,Isle of Man,2021-08-13,Basic,295.13
3305,Ryan Young,wongjacqueline@example.org,Saint Pierre and Miquelon,2024-05-09,Basic,256.69
3306,Adam Curry,deborah67@example.org,Aruba,2020-11-06,Premium,13214.17
3307,,deleontammy@example.org,Korea,2023-05-13,Premium,3906.93
3308,David Castro,baueremily@example.net,Gibraltar,2021-06-01,Premium,2434.59
3309,Daniel Smith,christopher19@example.org,Nigeria,2024-05-30,Standard,2932.41
3310,Marvin Cox,ycooper@example.org,Netherlands Antilles,2020-04-10,Premium,8283.26
3311,Jeffrey Miller,rgriffin@example.org,Portugal,2020-05-14,Basic,618.38
3312,Kathryn Perry,meghanallen@example.com,Iran,2023-08-26,Basic,281.85
3313,Patrick Hubbard,cmclean@example.net,Cyprus,2023-08-14,Standard,2888.3
3314,Jacqueline Snyder,igarcia@example.net,Lesotho,2023-12-30,Standard,2251.11
3315,Samantha Williams,jeffrios@example.net,Senegal,2022-06-26,Standard,1353.48
3316,Mary Ali,kenneth66@example.org,Lithuania,2023-07-24,Premium,12699.14
3317,Nicholas Smith,jonesstephen@example.org,Poland,2024-02-02,Basic,599.75
3318,Mark Garcia,kennethperez@example.net,Indonesia,2020-06-11,Premium,5748.91
3319,Nancy Clark DVM,timothy46@example.com,Honduras,2023-09-15,Premium,13447.97
3320,Krystal Watkins,nmcintosh@example.com,Micronesia,2022-10-31,Standard,1854.56
3321,Tonya Smith,amber79@example.net,Denmark,2021-06-10,Premium,10977.77
3322,Darrell Cameron,barbara22@example.net,Yemen,2020-02-16,Standard,2794.17
3323,Mary Jackson,reyescarmen@example.com,Bahrain,2023-10-02,Basic,689.14
3324,Dennis Bennett,bethmiller@example.com,Chile,2023-03-18,Basic,660.24
3325,Christopher Castillo,andrewherrera@example.com,Qatar,2023-07-27,Standard,1097.89
3326,Virginia Morales,charlestimothy@example.net,Kiribati,2024-04-22,Basic,379.33
3327,Monica Copeland,marissa74@example.net,Nicaragua,2020-01-28,Standard,2740.16
3328,Kyle Stewart,danielmartinez@example.com,Mayotte,2024-03-29,Basic,117.47
3329,Rachel Travis,zachary18@example.net,Martinique,2022-07-21,Standard,1105.81
3330,Wendy Vance,reynoldstravis@example.net,Spain,2020-11-27,Standard,2333.86
3331,Tina Mann,ghensley@example.com,Cook Islands,2020-03-12,Basic,464.19
3332,Carol Murray,marissa72@example.net,Tonga,2024-05-17,Standard,428.48
3333,Ashley Carlson,jrobinson@example.net,Barbados,2024-08-20,Premium,12926.83
3334,Ryan Lewis,myerstiffany@example.org,Qatar,2021-07-08,Standard,1107.91
3335,Phillip Day,porterronald@example.com,Guernsey,2024-04-21,Standard,976
3336,Michael Jackson,swalker@example.org,Italy,2020-07-06,Standard,2439.45
3337,Rebekah Allen,haustin@example.com,Ethiopia,2022-10-24,Standard,597.56
3338,Nicole Williams,sanchezemily@example.net,Guinea-Bissau,2022-06-20,Basic,250.11
3339,Jacqueline Frank,matthewfisher@example.org,Pitcairn Islands,2021-05-19,Standard,1352.68
3340,Laurie Blake,hernandezmelissa@example.net,Cuba,2024-10-08,Standard,1380.64
3341,Brittany Bartlett,daniel41@example.net,Reunion,2023-12-17,Standard,983.21
3342,Erica Gilmore,sotomegan@example.com,Syrian Arab Republic,2020-10-06,Basic,651.75
3343,Jason White DVM,jasminesullivan@example.org,British Virgin Islands,2021-01-20,Premium,6814.73
3344,Jennifer Duncan,michael13@example.net,Sierra Leone,2023-12-07,Premium,13457.96
3345,Emily Davis,drobinson@example.net,Ecuador,2023-12-27,Standard,2606.56
3346,Raymond Ruiz,vboyd@example.com,Singapore,2021-11-25,Standard,191.54
3347,Amber Matthews,michael98@example.com,Burkina Faso,2023-08-03,Basic,684.05
3348,Suzanne Johnson,jacquelinemurray@example.net,Singapore,2021-09-26,Standard,2713.8
3349,Erin Bautista,barneswilliam@example.org,Turkey,2024-10-01,Basic,535.89
3350,Victor Ruiz,echavez@example.net,Burkina Faso,2023-10-13,Standard,2464.96
3351,Matthew Mann,mccarthyhenry@example.org,Pakistan,2022-02-26,Premium,4186.2
3352,Christopher Rosales,clifford98@example.net,Denmark,2023-07-16,Premium,7260.44
3353,Amy Nunez,jackyoung@example.com,Gambia,2021-02-14,Premium,9023.14
3354,Anna Stephens,kelly24@example.net,Tunisia,2023-04-22,Standard,2666.78
3355,Brittney Galloway,moorejoshua@example.com,Albania,2024-04-03,Standard,616.16
3356,Elizabeth Jenkins,wilsonjill@example.com,Palestinian Territory,2022-05-15,Standard,722.29
3357,George Fritz,salazarbarbara@example.org,Georgia,2024-05-02,Standard,125.29
3358,Corey Ryan DDS,taylorflores@example.net,Burkina Faso,2024-03-25,Standard,2620.48
3359,Frederick Davis,romeromakayla@example.com,Tokelau,2023-08-01,Standard,1235.81
3360,Steven Chan,daylucas@example.com,Nicaragua,2020-04-11,Standard,2420.51
3361,Paul Wheeler,austinfrye@example.org,Lesotho,2023-12-30,Standard,2484.81
3362,James Aguilar,xgreene@example.org,Montenegro,2022-01-14,Standard,390.87
3363,David Reyes,christopher18@example.org,New Caledonia,2020-04-23,Standard,1789.17
3364,Sara Mcguire,david24@example.org,Honduras,2022-07-23,Standard,2683.52
3365,Christopher Garner,robert34@example.net,Maldives,2022-02-28,Standard,1081.94
3366,Crystal Young,thomasgarcia@example.net,Malta,2020-06-20,Standard,2012.11
3367,Steven King,romerokimberly@example.com,Sudan,2024-10-11,Standard,2560
3368,Duane Luna,patrickoliver@example.org,Micronesia,2024-11-25,Standard,2554.84
3369,Alex Adams,lori09@example.com,Central African Republic,2024-09-17,Premium,8682.34
3370,Sarah Schultz,chelsea70@example.org,Montenegro,2022-08-02,Standard,2589.88
3371,Tanner Russo,ncampbell@example.com,Netherlands Antilles,2023-09-09,Basic,641.82
3372,Scott Sullivan,greendavid@example.net,Mali,2024-05-07,Premium,12369.28
3373,Andrew Vargas,joshua88@example.com,Croatia,2024-12-20,Basic,91.03
3374,Victoria Stevenson,hestrada@example.com,Jersey,2024-05-26,Premium,4743.27
3375,Joshua Riley,pgraves@example.org,Tunisia,2022-07-27,Standard,1679.85
3376,Sarah Silva,mathischristine@example.org,Belgium,2024-11-18,Standard,611.75
3377,Peter Lindsey,laura71@example.com,India,2023-04-21,Premium,9863.87
3378,Mr. Jeffrey Nguyen,chase86@example.org,Poland,2022-07-08,Basic,662.58
3379,John Carter,jamesbenson@example.com,New Zealand,2024-03-20,Standard,242.8
3380,Victoria Johnston,andrew45@example.org,Oman,2024-01-23,Basic,362.82
3381,Jason Vincent,toddcollins@example.org,Sweden,2023-03-02,Standard,2675.65
3382,Stephanie Santana,sjones@example.net,Namibia,2020-02-07,Basic,139.12
3383,Gary Griffin,susan25@example.org,Tokelau,2024-03-20,Basic,456.49
3384,Cynthia Morris,lpatterson@example.com,Tunisia,2023-02-15,Standard,1914.04
3385,Kayla Clarke,phodges@example.net,Oman,2020-06-01,Standard,2175.21
3386,David Goodman,lambertjames@example.net,Guernsey,2022-10-26,Standard,1915.72
3387,Nathan Miller,horndonald@example.net,Morocco,2023-07-05,Standard,1163.63
3388,Gavin Rasmussen,aaroncarter@example.net,Tokelau,2020-06-13,Basic,437.27
3389,Terry Mckee,hstevens@example.com,Senegal,2024-11-18,Standard,2304.96
3390,Steven Hughes,mthomas@example.net,Jamaica,2021-08-17,Standard,1021.9
3391,Eric Campbell,richard96@example.net,Saint Vincent and the Grenadines,2021-09-21,Premium,2627.64
3392,Crystal Medina,jameswood@example.net,Italy,2024-02-23,Standard,2331.24
3393,Miguel Newton,westjeffrey@example.org,Turks and Caicos Islands,2020-08-04,Basic,422.41
3394,Douglas Howard,lmercado@example.net,Isle of Man,2020-12-01,Premium,5147.6
3395,Jasmine Hahn,smedina@example.org,Malawi,2020-09-05,Basic,170.19
3396,Susan Melendez,qcervantes@example.com,Sierra Leone,2023-03-10,Basic,636.33
3397,Lisa Sutton,shelleycombs@example.net,Grenada,2022-10-14,Premium,14380.46
3398,Hector Lee,bcobb@example.org,Lebanon,2022-11-13,Premium,10820.67
3399,Jason Alvarez,bakeredward@example.com,Italy,2024-07-07,Standard,2504.56
3400,Bobby Carlson,james11@example.com,Saudi Arabia,2023-01-14,Standard,737.08
3401,Daniel Waters,howellbrian@example.org,Norway,2021-01-06,Premium,6160.86
3402,Laura Ramirez,hogannathan@example.com,Saint Kitts and Nevis,2023-03-02,Basic,595.03
3403,Dana Roberts,matthew85@example.net,Palestinian Territory,2022-08-03,Standard,1340.37
3404,David Mckay,michelleanderson@example.com,Jersey,2020-02-14,Basic,521.36
3405,Miss Suzanne Lambert,hensleybenjamin@example.com,Antarctica (the territory South of 60 deg S),2021-05-08,Basic,190.38
3406,Laura Miller,fitzgeraldlisa@example.net,Sao Tome and Principe,2022-04-21,Basic,371.48
3407,Samantha Miller,fbass@example.org,Mexico,2024-08-30,Standard,699.83
3408,Stephen Shaw,rcobb@example.com,Japan,2024-04-01,Standard,1164.8
3409,Nicholas Ruiz,gmclean@example.net,Serbia,2024-07-20,Standard,2747.17
3410,Kayla Caldwell,jennifer96@example.com,Paraguay,2024-12-14,Premium,992.54
3411,Rachael Reyes,jeansmith@example.com,Rwanda,2024-05-15,Standard,289.7
3412,Jared Spence,alvin91@example.com,Saint Barthelemy,2022-08-26,Premium,13896.62
3413,David Hall,audreylopez@example.com,United States of America,2023-06-28,Standard,1313.47
3414,Alan Ramirez,nbecker@example.net,Jamaica,2022-03-17,Premium,4457.72
3415,Christopher King,carlos18@example.com,Honduras,2020-08-22,Standard,520.5
3416,John Hayes,jasongarza@example.org,El Salvador,2022-11-05,Standard,2416.97
3417,Patrick Morgan,spencer42@example.org,Comoros,2022-11-12,Standard,1742.74
3418,Dennis Garcia,sabrinaperez@example.net,Liberia,2022-06-16,Basic,672.64
3419,Sara Gay,fgutierrez@example.com,Gabon,2023-08-27,Premium,3040.15
3420,Brandon Harris,charles30@example.org,Guinea,2020-12-04,Basic,336.64
3421,Christina Lester,ibarton@example.org,Guernsey,2021-12-18,Basic,46.84
3422,Marco Rose,dana17@example.net,Netherlands,2023-12-07,Standard,2405.99
3423,Shawn Roman,lambalexandra@example.net,Turks and Caicos Islands,2023-09-01,Standard,1729.11
3424,Valerie Rangel,zrivera@example.net,Taiwan,2022-07-03,Standard,1736.72
3425,Sharon Bennett,katherine23@example.net,Costa Rica,2023-05-18,Premium,4121.68
3426,Anne Robinson,kelleyjennifer@example.org,Saint Martin,2020-04-12,Standard,2290.36
3427,Craig Patel,michelle34@example.org,Romania,2021-12-13,Premium,8627.5
3428,Rose Collins,curtisfranklin@example.com,Morocco,2022-01-23,Basic,755.89
3429,Ryan Spence,pittmanjill@example.org,China,2023-04-04,Basic,359.74
3430,Ernest Kennedy,kennethbranch@example.com,Saint Kitts and Nevis,2020-03-25,Basic,289.02
3431,Craig Miller,michael01@example.com,Czech Republic,2020-12-02,Standard,2857.3
3432,Anthony Parker,coleamanda@example.net,Rwanda,2020-07-13,Standard,2888.23
3433,Anthony Cooke,jward@example.com,Panama,2021-09-03,Basic,757.37
3434,Emma Russell,zyoung@example.com,Greece,2021-07-23,Standard,202
3435,Elizabeth Logan PhD,carlagarcia@example.com,Wallis and Futuna,2021-05-11,Premium,12621.01
3436,Summer Adams,brianparker@example.org,Vietnam,2024-11-27,Standard,721.56
3437,Morgan Garcia,sbonilla@example.net,Hong Kong,2022-10-18,Standard,2415.07
3438,Mrs. Lisa Smith,ernestwright@example.net,British Virgin Islands,2022-12-31,Standard,1025.97
3439,Charles Holloway,edwinmiller@example.com,Guinea-Bissau,2024-09-13,Premium,9620.11
3440,Jennifer Santos,khouston@example.com,Zimbabwe,2021-10-08,Standard,526.57
3441,Joseph Welch,tberry@example.org,Samoa,2023-12-28,Standard,824.44
3442,Gregory Hall,travis28@example.net,Korea,2020-08-03,Premium,11248.27
3443,Dakota Thomas,choidonna@example.com,Monaco,2020-11-18,Premium,7856.69
3444,Johnny Anderson,angelacrosby@example.org,New Zealand,2021-10-31,Standard,666.81
3445,Edward Lopez,riverawendy@example.net,Angola,2021-03-04,Basic,520.36
3446,Brittany Welch,ysmith@example.org,France,2020-12-20,Standard,414.29
3447,Carrie Mcconnell,josebarnes@example.com,Tanzania,2021-08-28,Standard,1262.04
3448,John Hayes,mschwartz@example.com,Armenia,2023-05-05,Basic,537.02
3449,Allison Harrell,ryan43@example.org,Bhutan,2023-07-04,Standard,2553.55
3450,Erin Randall,otrujillo@example.net,Monaco,2021-11-28,Basic,44.44
3451,Jordan Dixon DDS,sbailey@example.net,Nigeria,2024-03-11,Standard,879.12
3452,Angela Price,butlerdavid@example.org,Tajikistan,2024-06-20,Standard,223.37
3453,Stacey Gay,angelasmith@example.com,Liberia,2020-07-19,Premium,3753.14
3454,Destiny Mullins,molinachristina@example.org,Malawi,2022-10-24,Premium,7158.45
3455,Gary Wolf,melody89@example.com,Saint Lucia,2020-10-06,Basic,633.24
3456,Christopher Higgins,kyle91@example.com,Kuwait,2024-01-05,Basic,480.31
3457,Monique Krueger,kyleanderson@example.org,Namibia,2021-10-22,Basic,371
3458,Brandon Moss,dlewis@example.net,Greenland,2024-11-21,Basic,31.51
3459,Beth Cross,jsmith@example.com,Tonga,2024-10-12,Premium,3708.76
3460,Kelly Briggs,vdavenport@example.com,Portugal,2024-02-06,Basic,140.99
3461,Leslie Jackson,moniquemoore@example.org,Saint Barthelemy,2021-03-17,Standard,1050.91
3462,April Gallagher,ericbrooks@example.org,Jordan,2020-05-07,Basic,260.93
3463,Kayla Simmons,erin67@example.com,Northern Mariana Islands,2024-10-12,Premium,9101.3
3464,Albert Avery III,timothyadams@example.com,Morocco,2021-07-07,Standard,2279.47
3465,Kenneth Cook,halldaisy@example.org,Wallis and Futuna,2024-05-04,Basic,75.24
3466,Steven Sutton,carol28@example.net,Nigeria,2024-09-09,Basic,120.31
3467,Joshua Ellis III,thorntonkelly@example.net,Hungary,2022-06-20,Standard,384.59
3468,Vickie Moore,hmorris@example.net,Pakistan,2022-12-13,Standard,1175.22
3469,Luis Snyder,matthew49@example.com,Guinea-Bissau,2024-03-13,Standard,2363.58
3470,Andrea Howard,hcollins@example.net,Iraq,2023-02-15,Basic,174.08
3471,Kyle Young,mcintyrebrendan@example.org,Guernsey,2024-12-26,Standard,1973.02
3472,Sabrina Brown,fosterjames@example.org,Belize,2023-05-05,Standard,2592.89
3473,Erin Alvarez,geraldcampbell@example.org,Malta,2022-07-17,Standard,2275.27
3474,Joshua Mcgee,kelsey92@example.com,Hong Kong,2021-07-27,Standard,2280.8
3475,Anthony Fuller,ryan01@example.net,Tunisia,2021-03-03,Standard,1901.36
3476,Amanda Smith,jamesevans@example.org,Barbados,2021-03-13,Standard,2057.97
3477,Felicia Robinson,nicholasibarra@example.com,Iran,2021-07-12,Basic,361.44
3478,Mrs. Tanya Nguyen,robert05@example.org,Myanmar,2021-05-16,Basic,348.62
3479,James Gilbert,rwashington@example.net,Sweden,2021-06-26,Basic,0.55
3480,Mackenzie Taylor MD,kara64@example.net,Montserrat,2023-11-14,Standard,1552.98
3481,Kyle Hernandez,riley28@example.com,Saint Pierre and Miquelon,2022-11-15,Standard,1975.84
3482,William Suarez,tara38@example.org,Tokelau,2020-12-02,Basic,544.3
3483,Jonathan Peterson,ana12@example.com,Cocos (Keeling) Islands,2024-12-27,Basic,433.62
3484,Daniel Lawson,gwoods@example.com,France,2022-07-04,Standard,1013.67
3485,April Hoffman,guerramaria@example.org,Papua New Guinea,2023-06-14,Standard,2260.84
3486,Kristine Hudson,lawsoncalvin@example.com,Holy See (Vatican City State),2021-07-26,Basic,105.39
3487,Christian Byrd,kerry49@example.org,Guadeloupe,2021-10-25,Standard,1999.54
3488,Brett Hardin,abigailchambers@example.org,Maldives,2023-11-10,Basic,707.58
3489,Gabrielle Hudson,scott65@example.com,Slovakia (Slovak Republic),2021-02-17,Standard,1567.92
3490,Steven Olson,mark94@example.net,South Africa,2021-04-20,Standard,213.07
3491,Margaret Torres,qherrera@example.com,Bosnia and Herzegovina,2021-03-24,Standard,2058.64
3492,Jason Elliott,jessicagreer@example.com,Seychelles,2024-07-25,Premium,9531.69
3493,Stephanie Tucker,kennethrodriguez@example.org,Guyana,2021-11-06,Basic,227.46
3494,Julie Mcknight,rodriguezstephanie@example.net,El Salvador,2023-08-31,Standard,1851.19
3495,Scott Miranda,john14@example.net,Mauritania,2024-03-15,Premium,1809.27
3496,Mr. Tommy Mcdonald,richard13@example.com,Faroe Islands,2024-01-03,Basic,767.05
3497,Monique Freeman,longmark@example.net,Holy See (Vatican City State),2022-05-21,Basic,770.42
3498,Manuel Edwards,michelleherrera@example.com,Guernsey,2024-06-17,Basic,646.68
3499,Sandra Craig,todd94@example.com,Guyana,2024-05-21,Standard,1786.51
3500,Anne Ortiz,moorerachael@example.net,Sierra Leone,2021-06-21,Basic,96.13
3501,Lori Wilson,robertallen@example.net,Saint Pierre and Miquelon,2021-03-08,Standard,545.56
3502,Tonya Turner,turnersteven@example.com,Iran,2023-10-09,Standard,2613.79
3503,Yolanda Wallace,scotttiffany@example.net,Nauru,2024-05-04,Premium,2825.97
3504,Robert Hoover II,david55@example.net,Guam,2021-03-15,Standard,305.62
3505,Kelly Robinson DVM,jennifer60@example.org,Kyrgyz Republic,2022-06-19,Basic,148.96
3506,Lee Price,millermichael@example.net,Antarctica (the territory South of 60 deg S),2023-07-23,Standard,673.24
3507,Amanda Garcia,bentleysteve@example.net,Faroe Islands,2024-03-01,Standard,986.81
3508,Katherine Reynolds,sherryedwards@example.net,Bolivia,2020-11-06,Basic,752.97
3509,Michael Rodriguez,beth38@example.net,Jamaica,2021-01-17,Standard,856.55
3510,Michael Gomez,krystaltucker@example.org,Heard Island and McDonald Islands,2022-06-08,Standard,594.13
3511,Rebecca Warner,dwilliams@example.com,Brunei Darussalam,2022-06-01,Basic,291.99
3512,Joshua Nelson,rasmussenjerry@example.com,Svalbard & Jan Mayen Islands,2020-02-04,Basic,88.05
3513,Cory Smith,jake97@example.com,Chad,2024-12-29,Basic,82.38
3514,Eric Mendez MD,leejoseph@example.net,Montenegro,2020-02-19,Basic,254.82
3515,Randy Wilkerson,abigail03@example.net,Seychelles,2022-02-26,Basic,53.59
3516,Stephanie Smith,sloanemily@example.org,Spain,2023-10-03,Basic,542.94
3517,Mark Bridges,peterjohnson@example.org,Thailand,2024-11-22,Standard,2657.77
3518,Travis Caldwell,pennyruiz@example.net,Yemen,2023-02-07,Premium,3167.81
3519,Richard Jones,lpatterson@example.org,Benin,2020-10-19,Standard,2608.11
3520,Megan Krueger,charlessims@example.org,Gibraltar,2023-12-22,Basic,781.19
3521,Renee Miller,richardskristine@example.net,Montenegro,2024-06-21,Standard,458.93
3522,Bridget Cook,phillip57@example.com,Norfolk Island,2024-01-17,Basic,757.7
3523,Jamie Watson,henryparks@example.com,Fiji,2021-06-17,Premium,3578.72
3524,Billy Meyer,christopher67@example.org,Malawi,2024-01-28,Standard,579.07
3525,Melissa Thomas,angelawong@example.net,Bolivia,2022-05-29,Standard,551.53
3526,Cindy Monroe,xpalmer@example.org,Mauritania,2024-09-06,Standard,2353.6
3527,Diana Crawford,greenemily@example.org,Antarctica (the territory South of 60 deg S),2022-04-23,Premium,10995.18
3528,Debbie Boyd,johnadams@example.org,United Arab Emirates,2022-01-10,Premium,1831.85
3529,Cody Jackson,rhondasmith@example.org,Malawi,2022-08-27,Basic,409.53
3530,Dr. Thomas Harrison,kwilliams@example.org,Italy,2023-08-17,Standard,2711.1
3531,Karen Rodriguez,kimberlybennett@example.net,Netherlands,2023-05-29,Premium,2085.66
3532,John Pena,fieldsjacob@example.org,Luxembourg,2020-12-10,Premium,3345.19
3533,Douglas Mills,qhoffman@example.com,Bosnia and Herzegovina,2023-01-14,Standard,2942.44
3534,Robin Walker,olivialambert@example.com,Tanzania,2020-05-23,Premium,2281.42
3535,Gary Morales,gmcdonald@example.net,New Zealand,2023-07-02,Basic,647.75
3536,Andrew Robbins,chelseasmith@example.com,South Africa,2021-01-01,Basic,197.4
3537,Amanda Cunningham,obrewer@example.com,Bulgaria,2021-03-08,Standard,2049.7
3538,Matthew Wilson,hfleming@example.net,Bangladesh,2021-02-10,Standard,1256.42
3539,Jacqueline Berry,randygardner@example.net,India,2020-04-23,Premium,9754.91
3540,Adam Ramirez,yusandra@example.org,Netherlands Antilles,2024-03-06,Standard,935.82
3541,Steven Chandler,stephanie60@example.org,China,2021-07-09,Basic,693.17
3542,Kenneth Hickman,piercewilliam@example.com,Somalia,2022-12-28,Standard,1157
3543,Adam Hancock,jameschaney@example.net,Djibouti,2022-01-15,Basic,332.67
3544,Samantha Lee,smithmichael@example.org,Turks and Caicos Islands,2023-09-07,Standard,1674.91
3545,Sarah Castillo,samantha69@example.org,Sierra Leone,2022-05-04,Standard,275.53
3546,Haley Johnson,jessicatorres@example.org,Canada,2023-09-02,Standard,1419.35
3547,Dana Miller,michael97@example.net,Mozambique,2021-08-17,Standard,2202.52
3548,Daniel Morton,fgarcia@example.org,Togo,2020-06-22,Basic,486.25
3549,Mr. Andrew Jenkins,ksolomon@example.com,Barbados,2022-04-28,Premium,1606.08
3550,Thomas Hale,riverasylvia@example.com,Mauritius,2021-08-20,Basic,740.64
3551,Paige Welch,jason76@example.net,Eritrea,2024-05-09,Basic,220.3
3552,Justin Gallagher,qellis@example.com,Togo,2021-07-29,Standard,392.91
3553,James Walker,shelly97@example.net,North Macedonia,2021-07-21,Standard,870.4
3554,Crystal Miller,cwolf@example.org,Czech Republic,2022-11-20,Standard,2544.27
3555,Kevin Fisher,wcook@example.com,Ukraine,2022-05-12,Standard,111.35
3556,Wendy Peterson,turnerjuan@example.net,Togo,2023-06-01,Basic,452.54
3557,Eric Marks,nswanson@example.org,Mauritius,2020-02-05,Standard,144.56
3558,Gregory Smith,megan27@example.org,Korea,2021-02-27,Basic,495.49
3559,Sarah Macdonald,lisa47@example.com,Switzerland,2022-10-25,Standard,2708.94
3560,Brian Webb,cmyers@example.com,French Guiana,2021-01-09,Standard,1762.8
3561,Heather Peterson,williamtyler@example.org,Chad,2020-04-15,Basic,783.3
3562,Kenneth Phillips,joseph03@example.net,Algeria,2021-01-17,Standard,1684.68
3563,Deanna Jennings,judith06@example.com,Saint Kitts and Nevis,2023-05-28,Basic,413.79
3564,Linda Weeks,hjones@example.org,Venezuela,2020-10-29,Premium,14410.56
3565,Joshua Johnson,dware@example.com,Nepal,2020-06-24,Basic,340.28
3566,Andrew Pena,othomas@example.com,Lao People's Democratic Republic,2022-02-14,Basic,368.9
3567,Sherry Morton,yjones@example.org,Azerbaijan,2023-07-06,Basic,129.43
3568,Olivia Mcneil,andersoncarla@example.org,Colombia,2021-05-26,Standard,1778.89
3569,Amanda Fernandez,karlmartin@example.org,Poland,2024-11-22,Basic,588.58
3570,Dana French,christinahickman@example.com,Fiji,2024-06-21,Standard,378.94
3571,Richard Olsen,davenportstephanie@example.com,Mongolia,2023-12-20,Basic,4.24
3572,Mrs. Cristina Stark,psalazar@example.org,Comoros,2022-01-02,Premium,4965.14
3573,Joshua Myers,caroldavis@example.net,Guam,2024-12-05,Standard,941.68
3574,Mike Williams,qhensley@example.com,Marshall Islands,2023-05-07,Standard,2537.62
3575,Kristi Mitchell,vchan@example.org,Botswana,2023-12-03,Standard,2040.59
3576,Kenneth Molina,scottmichael@example.com,United Kingdom,2022-05-22,Standard,2663.21
3577,Robert Nguyen,tortiz@example.org,Haiti,2020-02-08,Basic,717.86
3578,Allen Hawkins,ljohnson@example.org,Denmark,2023-06-01,Standard,2443.39
3579,Tiffany Jackson,not-an-email,United Arab Emirates,2023-07-02,Basic,237.79
3580,Lisa Love,ann63@example.net,Singapore,2022-11-02,Premium,4823.06
3581,Bonnie Shepherd,hmoore@example.com,Cook Islands,2020-07-26,Basic,43.11
3582,Melissa King,lindabradley@example.com,China,2024-05-18,Basic,753.15
3583,Ashley Sexton,hcollins@example.com,Algeria,2023-04-23,Standard,2242.73
3584,Philip Weaver,ruizandrew@example.org,Reunion,2021-08-20,Basic,264.02
3585,Joseph Collins,hernandezandrew@example.net,Cayman Islands,2024-12-09,Basic,29.18
3586,Mary Smith,xward@example.com,Bangladesh,2024-10-07,Basic,282.66
3587,Joseph Harvey,brownpamela@example.com,Israel,2022-09-06,Standard,894.76
3588,John Santos,chanmichael@example.com,Pitcairn Islands,2024-05-03,Standard,899.3
3589,Jillian Hill,halljennifer@example.org,Liberia,2021-03-05,Basic,664.47
3590,Pamela Carter,jamesberry@example.com,Madagascar,2024-06-30,Standard,406.74
3591,Brenda Young,raymondmann@example.org,Japan,2023-06-05,Basic,178.72
3592,Brandon Green,jlevine@example.org,Burkina Faso,2022-11-25,Standard,723.9
3593,Bernard Figueroa,vincent19@example.net,Kuwait,2022-11-23,Basic,99.09
3594,Jacob Bowen,ecrawford@example.net,Bulgaria,2023-01-29,Premium,7311.8
3595,Carl Jones,brandonallison@example.org,Mexico,2021-04-29,Premium,12881.88
3596,Heather Allen,taracole@example.org,Switzerland,2021-04-12,Basic,443.6
3597,Matthew Gonzalez,grichards@example.org,Nauru,2021-09-30,Basic,741.17
3598,Hailey Oconnell,robin11@example.com,Tajikistan,2021-01-28,Basic,658.32
3599,Larry Wallace,carolyn07@example.com,Switzerland,2021-07-10,Basic,768.84
3600,Elizabeth Villarreal,robin48@example.com,Sweden,2021-04-29,Standard,876.44
3601,Jason Cruz,carolyn88@example.org,Puerto Rico,2022-12-15,Standard,1219.29
3602,Eric Andrews,pluna@example.net,Jordan,2021-06-18,Premium,2889.68
3603,Julia Jackson,kenneth43@example.net,Turks and Caicos Islands,2022-12-24,Standard,1716.28
3604,Eric Mosley,ymartin@example.com,Lebanon,2023-06-09,Standard,2693.94
3605,Stuart Goodwin,jeffrey80@example.org,Nicaragua,2022-11-04,Basic,136.18
3606,Amber Shaffer,sarah04@example.org,French Polynesia,2021-03-16,Premium,5700.04
3607,Sean Woodward,leashley@example.org,Netherlands Antilles,2021-08-23,Premium,14219.19
3608,Michael Webb,sperry@example.org,Iraq,2020-09-23,Standard,2180.6
3609,Richard Benson,davidgreen@example.org,Uzbekistan,2020-05-01,Premium,11346.63
3610,Jason Greene,larsonchristopher@example.com,Uzbekistan,2023-12-25,Standard,804.18
3611,Vanessa Gaines,eddie31@example.net,Brazil,2021-04-24,Standard,1345.36
3612,Cathy White,rhonda47@example.com,Italy,2020-09-13,Standard,2504.16
3613,Rachel Koch,boyddavid@example.net,South Georgia and the South Sandwich Islands,2020-11-01,Standard,127.73
3614,William Bishop,shane42@example.org,Morocco,2021-08-26,Basic,528.05
3615,Dana Bauer,christina67@example.com,South Georgia and the South Sandwich Islands,2022-04-05,Standard,1674.22
3616,Victoria Wright,clarkegabriel@example.org,Saint Vincent and the Grenadines,2020-12-31,Standard,143.15
3617,Nicholas Young,alex32@example.net,Mongolia,2022-05-06,Standard,1241.46
3618,Andrew Mata,reynoldsmegan@example.com,Bangladesh,2022-07-18,Premium,13265.97
3619,Maria Turner,pgordon@example.net,Romania,2022-01-25,Standard,204.48
3620,David Mays,gregory31@example.com,Niger,2023-08-11,Basic,631.62
3621,Charles Thornton Jr.,xramos@example.com,Yemen,2021-03-15,Standard,2023.89
3622,Lisa Torres,gabriellaross@example.org,Falkland Islands (Malvinas),2023-12-16,Standard,2794.96
3623,Daniel Strickland,kyliebarker@example.org,Malaysia,2023-08-13,Standard,734.81
3624,Michael Cook,johnyates@example.net,Bolivia,2024-01-07,Basic,305.24
3625,Danielle Villa,joshuawright@example.net,Cote d'Ivoire,2022-05-18,Standard,1564.23
3626,William Henderson,bruceelijah@example.com,Venezuela,2021-10-01,Standard,2865.77
3627,Mark Ryan,jenniferellis@example.org,Dominican Republic,2024-10-09,Basic,250.35
3628,Andrew Moon,pwilliams@example.org,Greece,2023-01-29,Standard,2830.4
3629,Allen Erickson,stacey58@example.com,Austria,2020-08-16,Standard,871.63
3630,Tina Adams,hilledwin@example.net,Svalbard & Jan Mayen Islands,2023-07-03,Premium,13644.44
3631,Elizabeth Peterson,charles99@example.org,Holy See (Vatican City State),2024-08-15,Premium,7985.06
3632,Savannah Anderson,williamhess@example.com,Sierra Leone,2021-09-20,Basic,383.38
3633,Laurie Richard,rebecca53@example.net,Portugal,2021-12-24,Standard,870.42
3634,Tyler Huynh,jensennancy@example.org,Grenada,2024-08-14,Standard,1066.59
3635,Shannon Edwards,zavery@example.com,South Georgia and the South Sandwich Islands,2022-10-11,Standard,2671.19
3636,Tyler Welch,tinaortiz@example.org,Tajikistan,2023-04-21,Premium,2165.82
3637,Barbara Jenkins,powersmonique@example.net,Haiti,2023-05-06,Basic,758.43
3638,Michelle Young,albertmaxwell@example.com,Jordan,2021-01-18,Standard,2354.16
3639,Emily Roberts,edwardsanna@example.com,Macao,2022-06-22,Basic,286.11
3640,Mary Fisher,emurray@example.com,Comoros,2021-09-24,Standard,1461.65
3641,Melissa Henderson,mcgeebrittany@example.org,Aruba,2022-06-30,Standard,1727.02
3642,Dustin Webster,atkinsonjessica@example.net,Canada,2023-05-16,Premium,11753.74
3643,Mr. Jonathan Garcia,benjaminlloyd@example.com,Palestinian Territory,2021-02-14,Basic,655.23
3644,Todd Peters,russellwilliam@example.net,Mauritania,2020-04-08,Premium,1341.74
3645,Ann Roth,sarah90@example.com,Niue,2022-12-27,Premium,1127.19
3646,Kevin Cook,iblake@example.org,Hong Kong,2024-05-28,Basic,102.27
3647,Joseph Smith,jennifermoore@example.org,Saint Kitts and Nevis,2021-01-08,Standard,746.85
3648,Kristen Nunez,seth37@example.org,Guinea,2020-11-25,Standard,1265.11
3649,Albert Black,chungjeffrey@example.com,Netherlands,2023-04-10,Standard,2688.55
3650,Stephen Wolf,dakota45@example.com,New Caledonia,2023-04-12,Basic,419.6
3651,Jennifer Snow,paul49@example.org,Western Sahara,2021-12-21,Standard,1025.98
3652,Joseph Cummings,jwatson@example.com,Serbia,2022-08-30,Standard,2421.97
3653,Brian Coleman MD,bellcathy@example.com,Swaziland,2022-02-17,Standard,973.2
3654,Zachary Wright,gordonsabrina@example.net,Kazakhstan,2020-07-20,Standard,381.25
3655,Timothy Smith,taylorallison@example.com,Japan,2021-06-12,Standard,1801.13
3656,Richard Allen,ewarner@example.org,Andorra,2021-01-26,Premium,2326.43
3657,Ariana Simpson,yrodriguez@example.org,Taiwan,2020-04-05,Premium,12475.71
3658,Jacob Kelley,alexandergarcia@example.com,Papua New Guinea,2020-07-02,Standard,443.07
3659,Troy Moses,matthew00@example.com,French Polynesia,2020-06-24,Basic,281.61
3660,Amanda Holder,wadebrenda@example.net,Tajikistan,2023-01-15,Premium,13497.32
3661,Ryan Morales,gyoung@example.com,Burkina Faso,2021-11-15,Standard,272.35
3662,Brent Lewis,laureningram@example.org,Malta,2023-07-16,Basic,716.37
3663,Michael Johnson,carterlawrence@example.net,Gambia,2024-05-31,Basic,238.58
3664,Courtney Smith,daniel99@example.net,Isle of Man,2022-01-26,Standard,2051.07
3665,Devon Webster,williamcrawford@example.org,Guinea-Bissau,2020-05-17,Standard,979.43
3666,Larry Gray,matthewchavez@example.com,Norfolk Island,2023-08-04,Standard,1119.8
3667,Aaron Anderson,andersonpeggy@example.com,Argentina,2023-06-29,Standard,1820.99
3668,Patrick Hayes,lopezchristian@example.com,Maldives,2020-10-12,Premium,14375.18
3669,Amanda Baker,kelseyhunter@example.org,Guadeloupe,2022-05-24,Standard,2989
3670,James Williams,hornjeff@example.org,Libyan Arab Jamahiriya,2022-01-31,Standard,611.6
3671,Elizabeth Hill,silvapatrick@example.org,Israel,2024-09-27,Standard,2791.51
3672,Charles Myers,maria44@example.com,Cape Verde,2023-12-25,Standard,2095.36
3673,Christopher Rowland,johnstephens@example.com,Comoros,2020-11-30,Standard,1046.97
3674,Dana Murray,xjones@example.org,Czech Republic,2020-07-18,Standard,348.43
3675,Sara Savage,dominguezomar@example.com,Norfolk Island,2023-10-25,Basic,798.52
3676,Barbara Baker,munozjohn@example.net,Ireland,2023-01-04,Basic,299.8
3677,Bradley Baker,marksashley@example.net,British Virgin Islands,2023-06-24,Standard,879.06
3678,Robin Brock,jessicaboone@example.com,Zimbabwe,2020-10-24,Standard,1755.33
3679,Linda Beasley,jortiz@example.net,Singapore,2020-08-19,Standard,766.48
3680,Arthur Williams,christian13@example.org,Maldives,2022-11-05,Premium,11385.22
3681,Tony Key,collinsstacy@example.com,Uruguay,2023-01-19,Basic,498.43
3682,Michael Moore,wallacebrenda@example.org,Georgia,2020-06-09,Premium,6672.63
3683,Andrew Ward,armstrongjoshua@example.org,Sri Lanka,2027-01-01,Standard,1939.72
3684,Mrs. Ariel Guerrero DDS,chadgonzalez@example.com,Sudan,2020-08-20,Standard,2051.84
3685,Pamela Price,thomas27@example.com,Panama,2021-07-24,Premium,12070.9
3686,Linda Gibbs,bswanson@example.org,Croatia,2022-03-14,Premium,7885.09
3687,Teresa Baker,osmith@example.org,New Caledonia,2022-04-01,Standard,2865.44
3688,Darryl Adkins,christopher64@example.org,Albania,2021-06-06,Basic,755.24
3689,Alice Jackson,ebell@example.net,Oman,2020-07-25,Standard,2843.64
3690,Hannah Schaefer,rallen@example.org,Belgium,2020-06-23,Standard,2348.9
3691,Joseph Sullivan,kenneth12@example.com,Czech Republic,2022-06-19,Premium,8030.22
3692,James Roberts,campbellkelly@example.net,Iran,2020-07-13,Standard,201.36
3693,Eric Hoffman,william81@example.com,American Samoa,2020-05-21,Premium,14031.22
3694,Danielle Morton,mcneilsandra@example.com,South Georgia and the South Sandwich Islands,2022-12-11,Standard,1167.81
3695,Paul Wallace,desireeedwards@example.com,Nepal,2022-05-12,Basic,182.05
3696,Dakota Branch,wallacedakota@example.org,Kenya,2022-07-18,Standard,1668.74
3697,Michael Henderson,haneyjoshua@example.org,Chile,2024-04-03,Standard,724.25
3698,Debra Carter,matthew96@example.com,Fiji,2024-01-06,Premium,8525.56
3699,David Stanley,elizabeth65@example.com,Wallis and Futuna,2024-11-03,Premium,11344.15
3700,Keith Rodriguez,cardenasjessica@example.com,Ecuador,2021-10-09,Standard,2135.91
3701,Sherri Sherman,christina99@example.org,Hungary,2023-12-19,Basic,302.24
3702,Veronica Lewis,vrobbins@example.net,Lesotho,2023-06-30,Standard,1837.91
3703,Joyce Garcia,krobinson@example.com,Serbia,2024-03-21,Standard,2074.36
3704,Thomas Nelson,jrobbins@example.org,Somalia,2023-04-04,Standard,1768.24
3705,Kristin Bailey,qhodge@example.org,Syrian Arab Republic,2023-02-12,Premium,4107.58
3706,Sharon Hopkins,qtran@example.org,Eritrea,2024-05-02,Premium,1309.2
3707,Wendy Haley,barbara17@example.net,Iceland,2023-05-18,Standard,276.13
3708,Andrew Smith,anita17@example.org,Sweden,2024-10-24,Standard,2718.57
3709,Lawrence Wilson,pricematthew@example.com,Qatar,2020-04-04,Standard,2764.35
3710,Kristin Lopez,karen64@example.com,Cote d'Ivoire,2023-01-23,Basic,451.96
3711,Kimberly Carlson,garciakenneth@example.net,Oman,2023-08-12,Basic,-159.9
3712,John Bradford,carolyoung@example.net,Bulgaria,2024-02-08,Basic,420.09
3713,Ryan Garcia,vsanders@example.net,Canada,2023-08-01,Basic,2.29
3714,Cameron Bass,murphychristine@example.org,Iceland,2021-10-25,Basic,200.72
3715,Mrs. Mary Bowers,contreraskara@example.org,Svalbard & Jan Mayen Islands,2024-01-26,Basic,220.37
3716,Benjamin Jones,qlee@example.com,Sierra Leone,2024-10-04,Basic,601.48
3717,Lori Miller,foleyaaron@example.net,Saint Vincent and the Grenadines,2022-07-13,Basic,246.81
3718,Brenda Gallagher,elizabeth69@example.net,Austria,2022-07-18,Basic,792.87
3719,Melissa Preston,mwoods@example.net,Venezuela,2021-02-04,Basic,465.66
3720,Antonio Ortega,snyderpamela@example.com,Yemen,2020-03-26,Standard,1438.4
3721,Lori Gutierrez,tara61@example.net,Burundi,2024-10-02,Standard,720.88
3722,Benjamin Esparza,natashasmith@example.org,Sao Tome and Principe,2020-05-19,Standard,2113.3
3723,Nicholas Sanders,david61@example.net,Norfolk Island,2020-11-30,Basic,640.82
3724,Michelle Poole,jakegreen@example.org,Portugal,2020-07-16,Standard,1912.68
3725,Lisa Henderson,logangarrett@example.net,Bahrain,2022-11-22,Basic,229.45
3726,Joel Hill,dylanharrington@example.net,Bangladesh,2020-07-03,Basic,109.74
3727,Morgan Barrett,donald82@example.net,Sri Lanka,2023-05-05,Basic,426.37
3728,Jesse Garcia,pbarron@example.com,Myanmar,2023-12-28,Standard,108.21
3729,Ryan Bradley,sharonedwards@example.net,Israel,2023-08-15,Basic,386.24
3730,Deanna Sutton,kathleen36@example.net,Saint Lucia,2022-09-18,Basic,514.46
3731,Katie Wiggins,joneskrista@example.org,Cyprus,2023-11-19,Basic,28.34
3732,David Jacobs,floresvictor@example.org,Tajikistan,2020-03-04,Basic,279.49
3733,Michael Wheeler,wiserenee@example.net,Tuvalu,2020-04-26,Standard,2033.02
3734,John Mendoza,jacksonmichael@example.org,Portugal,2023-06-11,Standard,906.96
3735,Micheal Adams,dmckay@example.org,Brazil,2023-02-15,Premium,10405.32
3736,Stephen Levy,nhardy@example.org,Comoros,2021-01-29,Basic,21.69
3737,Edward Nichols,thompsonluis@example.net,Niger,2022-12-05,Standard,1329.89
3738,Tiffany Mcdonald,jennifercordova@example.net,Congo,2022-10-14,Basic,191.27
3739,Heather Burns,kathryn19@example.net,Suriname,2024-04-09,Basic,173.73
3740,Nathan Adams,jonestimothy@example.org,India,2022-08-08,Standard,1736.53
3741,Joy Robinson,whernandez@example.com,Palau,2022-10-05,Standard,1276.51
3742,Jeffrey Garcia,stacy42@example.org,Cote d'Ivoire,2020-09-29,Premium,7901.18
3743,Adrian Williams,chuber@example.net,Yemen,2023-06-28,Basic,488.57
3744,Brianna Maynard,virginia82@example.net,Lao People's Democratic Republic,2020-02-27,Standard,2275.91
3745,Terry Lin,christopherfields@example.org,Saint Barthelemy,2024-03-21,Premium,3445.33
3746,Harry Gillespie,edward07@example.org,Albania,2024-10-12,Basic,166.96
3747,Jerry Johnson,devin74@example.net,Bangladesh,2024-05-18,Standard,2683.22
3748,Mitchell Burns,ngill@example.net,Indonesia,2021-07-10,Basic,325.49
3749,Christopher Simon,michael10@example.org,Zimbabwe,2021-06-25,Standard,2249.42
3750,Bobby Palmer,haley42@example.org,Japan,2021-07-05,Standard,210.17
3751,Christine Williams,robertferrell@example.org,Bulgaria,2023-03-14,Premium,7027.75
3752,Andrew Reese,aaronstrong@example.net,Faroe Islands,2022-09-29,Standard,1912.09
3753,Sherry Bowman,wendyrivera@example.org,Morocco,2023-10-16,Standard,1042.47
3754,Jeffrey Berry,lindaniel@example.com,Russian Federation,2023-08-28,Basic,509.13
3755,Caleb Larsen,jsalazar@example.com,Saint Lucia,2022-11-10,Standard,488.51
3756,Alexandra Clark,kingjoshua@example.com,Bahrain,2022-08-15,Standard,2657.01
3757,Jean Graham,betty00@example.net,Mayotte,2023-08-02,Standard,2772.8
3758,Richard Rivera,garciajessica@example.org,Liechtenstein,2023-10-10,Standard,2189.17
3759,Charles Dougherty,zacharywillis@example.com,Bhutan,2020-05-07,Basic,344.42
3760,Aaron Meyers,tgilbert@example.com,Bolivia,2021-03-23,Premium,6109.59
3761,Patricia Martinez,jeanettewatson@example.net,Ecuador,2020-09-02,Basic,328.44
3762,Brandi Mcguire,nguyenmary@example.org,Korea,2020-03-06,Standard,1102.15
3763,Makayla Young,jody47@example.com,China,2022-01-17,Premium,12783.29
3764,Nichole Rhodes,brandon11@example.org,United States Virgin Islands,2020-01-08,Standard,517.24
3765,Christopher Nguyen,ddavenport@example.com,Romania,2023-11-26,Premium,11877.83
3766,Kimberly Morales,christopherwallace@example.net,Namibia,2022-07-04,Basic,483.59
3767,David Scott,leah88@example.org,Romania,2022-10-12,Standard,1892.81
3768,Kaitlin Copeland,tjones@example.org,Christmas Island,2020-11-05,Standard,2297.03
3769,Stephanie Richardson,susan45@example.net,Turkmenistan,2023-02-07,Standard,1024.1
3770,Gabriel Leon,cramos@example.com,Netherlands Antilles,2024-04-10,Standard,198.37
3771,Sarah Rodriguez,kristenmayo@example.net,Czech Republic,2021-09-02,Basic,180.61
3772,Eric Rivera,cmata@example.com,Greece,2023-01-15,Basic,624.72
3773,Melanie Miller,cbuck@example.org,Turkey,2024-05-19,Standard,2342.24
3774,Timothy Jackson,frankjames@example.net,Mali,2023-05-27,Basic,774.02
3775,Jamie Smith,josephreynolds@example.net,Barbados,2020-08-16,Basic,723.45
3776,Jordan Lane,adrianmcneil@example.com,Fiji,2022-12-03,Standard,1961.49
3777,Brian Wilson,jessicaarmstrong@example.net,Lesotho,2020-10-12,Basic,639.45
3778,Shannon Wheeler,ydonovan@example.org,Croatia,2020-11-28,Premium,10558.63
3779,Karla Weaver,nicole28@example.com,Saint Martin,2022-11-09,Basic,194.75
3780,Terri Valencia,ghunt@example.net,Sierra Leone,2024-11-21,Basic,266.5
3781,Patty Costa,pfoster@example.org,Rwanda,2021-01-27,Premium,1411.9
3782,Laura Newman,lyoung@example.com,Nicaragua,2024-02-09,Basic,506.56
3783,Lisa Logan,kimberly57@example.net,United Arab Emirates,2021-05-24,Basic,135.06
3784,Dawn Marsh,daniel07@example.com,Mozambique,2022-09-05,Standard,578.85
3785,Carolyn Simmons,vbowman@example.com,Palau,2022-11-30,Standard,144.79
3786,Randy Greer,norrisanthony@example.net,Eritrea,2024-01-20,Basic,597.47
3787,Kevin Gillespie,samanthablack@example.net,Northern Mariana Islands,2024-03-06,Basic,519.74
3788,Latoya Brown,ucox@example.com,Madagascar,2023-08-31,Premium,6438.01
3789,Tammy Crawford,zwade@example.net,Barbados,2022-09-07,Standard,2425.15
3790,Joseph Ferrell,vickiebyrd@example.com,Tajikistan,2020-02-21,Standard,464.55
3791,Christine Ferrell,drakemary@example.com,Iceland,2022-12-17,Standard,2845.67
3792,Thomas Walsh,lesliejohnson@example.net,Afghanistan,2021-05-27,Standard,975.4
3793,Joseph Hughes Jr.,jamesdawson@example.com,Finland,2024-05-18,Premium,14613.87
3794,Tanner Ortiz,david85@example.net,Seychelles,2021-04-11,Premium,1746.02
3795,Cody Miller,sarahvega@example.com,Germany,2024-06-07,Standard,1371.12
3796,Jimmy Edwards,lisa49@example.com,Cape Verde,2020-10-20,Standard,2384.25
3797,Michael Lopez,johnolson@example.org,French Guiana,2023-06-08,Standard,2291.34
3798,Logan Mercado,jenniferedwards@example.com,Puerto Rico,2024-06-03,Basic,780.94
3799,William Gentry,benjaminjenkins@example.com,El Salvador,2022-10-21,Standard,1896.57
3800,Jason Parker,anne76@example.org,Seychelles,2020-01-31,Standard,437.4
3801,Juan Wright,fryedylan@example.net,Saint Martin,2021-12-22,Premium,14061.95
3802,Alexis Barnes,kimrichard@example.org,Chile,2024-07-21,Standard,978.78
3803,Susan Weaver,dianachen@example.com,Hungary,2021-02-26,Standard,1927.8
3804,Jason Neal,emilyzuniga@example.com,Heard Island and McDonald Islands,2024-02-21,Premium,1957.09
3805,Todd Carpenter,martinezricky@example.net,Grenada,2021-12-05,Premium,14652.83
3806,Jonathan Freeman,sandra33@example.net,Burundi,2023-01-06,Premium,4967.36
3807,Scott Lee DDS,bakermadison@example.org,Antarctica (the territory South of 60 deg S),2021-03-12,Standard,2932.7
3808,Melissa Summers,ucunningham@example.net,Svalbard & Jan Mayen Islands,2020-01-03,Standard,1300.55
3809,Tiffany Coleman,whitegina@example.org,Bahamas,2023-04-24,Basic,570.09
3810,Jade Rogers,moralesstephen@example.net,Argentina,2022-02-26,Basic,483.51
3811,Todd Ford,blancharderika@example.org,Argentina,2023-07-20,Standard,389.94
3812,Kevin Clark,cheryl76@example.net,Lebanon,2021-07-05,Premium,12496.76
3813,Susan Reyes,arnoldjames@example.org,Saudi Arabia,2020-03-15,Standard,2050.18
3814,Crystal Navarro,yangeric@example.com,Slovenia,2022-06-02,Premium,12977.32
3815,Bridget Smith,jeffrey71@example.org,China,2022-03-10,Standard,2592.22
3816,Amanda Brown,nicoledixon@example.net,Kyrgyz Republic,2020-02-02,Standard,2280.21
3817,Douglas Gibson,stewartchristine@example.com,Liechtenstein,2021-09-01,Standard,777.41
3818,Kimberly Wallace,pamelamahoney@example.org,Iran,2024-09-25,Standard,1035.02
3819,Christopher Keller,choitina@example.org,Italy,2022-08-07,Standard,2784.8
3820,Kristen Valenzuela,robert65@example.net,Mozambique,2023-04-23,Basic,794.14
3821,Patrick Nelson,lucasolivia@example.com,Kazakhstan,2021-05-21,Basic,431.38
3822,Mark Rangel,eneal@example.com,Mexico,2022-01-31,Standard,594.6
3823,Debbie Alexander,robert77@example.com,Singapore,2022-08-06,Standard,2528.37
3824,Wendy Miller,jashley@example.net,Gambia,2023-06-21,Premium,12080.42
3825,Joseph Pope,williamzhang@example.com,Poland,2023-11-19,Basic,770.61
3826,Michelle Campos,david00@example.com,Congo,2021-09-23,Standard,449.01
3827,Angela Black,adaniels@example.org,Belarus,2020-03-18,Standard,1708.33
3828,Tracey Morales,yvonne95@example.net,Bahrain,2022-06-21,Standard,1655.89
3829,Kevin Lee,beardkathleen@example.com,Burkina Faso,2023-04-22,Basic,487.69
3830,Heather Bird,christopher60@example.org,Morocco,2023-10-16,Standard,323.68
3831,Vanessa Hawkins,angela87@example.org,Venezuela,2023-03-19,Standard,1643.49
3832,Kaitlin Holt,gtucker@example.com,Chile,2020-11-24,Standard,2114.19
3833,John Garcia,ruizjustin@example.com,Czech Republic,2021-05-27,Standard,1130.97
3834,William Riley,charper@example.net,Canada,2022-07-28,Standard,248.29
3835,Elaine Miller,murphycarlos@example.org,Vanuatu,2020-12-22,Standard,1541.86
3836,Tammy Williams,gwilliams@example.com,Moldova,2023-12-06,Standard,1662.49
3837,Alyssa Thompson,brandon54@example.net,Lebanon,2023-03-22,Standard,869.5
3838,Phillip Sims,antoniosmith@example.net,China,2022-05-06,Premium,4507.42
3839,Stacey Diaz,dadams@example.net,Puerto Rico,2022-07-18,Basic,566.08
3840,Shannon Cook,mirandahenderson@example.net,Tonga,2020-04-26,Standard,888.43
3841,Jocelyn Parker,michaelreyes@example.net,Pitcairn Islands,2021-04-16,Standard,2981.15
3842,Natalie Caldwell,baileyjennifer@example.com,French Guiana,2021-06-29,Standard,1218.86
3843,Ricky Frazier,christopher33@example.com,Vietnam,2022-04-24,Standard,1220.77
3844,Lisa Hall,yclarke@example.com,Saint Vincent and the Grenadines,2022-07-22,Standard,941.55
3845,Rachel Franklin,vferguson@example.net,United Arab Emirates,2022-02-19,Basic,683.91
3846,Thomas Monroe,,Netherlands Antilles,2020-01-11,Standard,1472.15
3847,Rebecca Meyer,fblack@example.com,Faroe Islands,2020-09-11,Basic,766.93
3848,Amanda Brown,wesley24@example.net,Aruba,2023-08-08,Basic,2.27
3849,Jill Baker,cunninghambecky@example.com,Cote d'Ivoire,2024-07-03,Standard,444.06
3850,James Sanchez,terridoyle@example.org,Bhutan,2023-05-18,Standard,1428.1
3851,Ann Estes,lauren18@example.com,Isle of Man,2021-05-03,Standard,307.34
3852,Stephanie Lynch,candace21@example.org,Guinea-Bissau,2024-03-27,Standard,2969.88
3853,Jennifer Porter,brianhopkins@example.net,Puerto Rico,2020-07-26,Standard,1245.48
3854,Donald Giles,richbill@example.org,Cameroon,2022-11-27,Standard,156.58
3855,Jennifer Moore,ibates@example.org,Grenada,2021-03-16,Standard,1535.18
3856,Elizabeth Mckenzie,jmorse@example.org,Saint Barthelemy,2022-12-08,Standard,724.42
3857,Tracy Nash,thomas49@example.net,Mauritius,2020-10-23,Basic,10.23
3858,Eric Smith,brandywalls@example.org,Liberia,2022-06-15,Standard,2998.49
3859,Tamara Fleming,christopherjordan@example.com,Cocos (Keeling) Islands,2021-09-05,Basic,384.18
3860,Mr. Robert Cooper Jr.,rodneylin@example.com,Niger,2021-08-29,Premium,11879.28
3861,Kelly Montgomery,vshepard@example.com,Fiji,2020-02-26,Standard,2676.82
3862,David Hayes,tammy34@example.org,Brazil,2023-07-26,Premium,14149.22
3863,Tammy Taylor,robertzamora@example.org,Portugal,2020-08-23,Standard,1232.16
3864,Lance White,ecook@example.net,Mozambique,2020-12-11,Standard,2091.77
3865,James Wright,rodriguezmary@example.net,France,2022-07-02,Basic,573.56
3866,Karen Sanchez,richard15@example.com,Micronesia,2020-03-23,Standard,114.16
3867,Brandy Anderson,mindybrown@example.com,Antarctica (the territory South of 60 deg S),2021-02-05,Standard,2182.69
3868,Gabriela King,delacruztammy@example.org,Honduras,2024-07-28,Standard,1739.95
3869,Michael Cole,john03@example.com,Peru,2021-04-13,Standard,2965.27
3870,Stephen Santos,ajones@example.net,Pakistan,2022-02-22,Standard,2235.88
3871,Edward Brennan,robert11@example.org,Niue,2024-01-25,Standard,2493.62
3872,Joshua Smith,angelafreeman@example.org,United Kingdom,2024-01-14,Standard,163.44
3873,Billy Terry,michael85@example.net,Iran,2022-03-22,Premium,3376.29
3874,Hayden Nguyen,christopher02@example.net,Timor-Leste,2020-04-09,Premium,10000.66
3875,Kelly Morgan,hurleyrobin@example.net,Romania,2020-03-17,Basic,260.13
3876,Jessica Williams,mary94@example.com,Namibia,2023-02-13,Standard,2921.7
3877,Lisa Juarez,amandazamora@example.net,Tajikistan,2024-11-26,Premium,11762.44
3878,Donna Stephenson,eric31@example.net,Cyprus,2020-06-19,Basic,384.7
3879,Carol Jensen,juliehardin@example.org,Trinidad and Tobago,2021-08-22,Premium,870.69
3880,James Kim,david77@example.net,Iceland,2022-02-04,Standard,2210.62
3881,Tony Park,jacob28@example.com,Saint Vincent and the Grenadines,2020-09-10,Basic,255.17
3882,Allen Sanchez,wagnerroberta@example.com,Monaco,2023-11-10,Basic,413.57
3883,Derrick Booker,russellelizabeth@example.org,Swaziland,2021-01-19,Basic,294.12
3884,Mark Reed,timothy56@example.org,Congo,2023-01-12,Standard,1885.19
3885,Betty Brock,tporter@example.org,Azerbaijan,2022-07-09,Basic,702.46
3886,Daniel Schmidt,irobinson@example.com,Cyprus,2022-03-04,Premium,10918.44
3887,Maureen Martinez,lisa70@example.com,Russian Federation,2024-01-20,Basic,639.68
3888,David Hines,markmorgan@example.com,Mali,2020-07-20,Basic,270
3889,Rachel Sutton,dstafford@example.net,Argentina,2023-12-28,Basic,482.7
3890,Brian Woods,wardbrandy@example.net,Slovenia,2024-09-05,Standard,179.98
3891,Jennifer Newman,allisonskinner@example.com,Hong Kong,2024-01-21,Premium,2395.65
3892,Elizabeth Sanford,julie67@example.net,Denmark,2023-09-03,Standard,2644.08
3893,Michael Hanson,hannafrank@example.net,Netherlands,2023-10-29,Standard,2116.24
3894,Joseph Hardin,qjohnson@example.com,Uganda,2024-09-28,Standard,1645.33
3895,Michael Green,brandi94@example.org,Italy,2023-11-15,Basic,343.08
3896,John Johnson,jamie12@example.net,Australia,2023-01-04,Standard,342.39
3897,Tyler Johnston,bensonjohn@example.net,Luxembourg,2022-12-24,Standard,1054.64
3898,Peter Thomas,johncoleman@example.net,Austria,2024-08-23,Standard,1007.26
3899,Stephen Hampton,johnsonemily@example.org,Haiti,2020-07-31,Premium,14889.92
3900,Christine Ramirez,markellis@example.org,North Macedonia,2020-12-15,Premium,14167.18
3901,Katherine Dixon,cathy95@example.com,Qatar,2023-06-06,Premium,4270.08
3902,Mary Phillips,vpeterson@example.net,Montenegro,2021-09-30,Basic,644.3
3903,Jacob Vance,peggy36@example.org,Mongolia,2022-10-07,Basic,774.23
3904,Angela Wilson,nancy41@example.net,Czech Republic,2022-02-11,Standard,2713.53
3905,Teresa Norris,jocelynbates@example.com,Cambodia,2024-07-22,VIP,360.78
3906,Amy Chavez,kimberlyjones@example.net,Germany,2023-10-19,Standard,2136.17
3907,Austin Soto,christophercollier@example.com,Liechtenstein,2021-12-31,Basic,298.63
3908,Edward Hernandez,billyroman@example.org,Lebanon,2024-12-08,Basic,705.26
3909,Pamela Keith,gharris@example.net,Singapore,2020-08-09,Standard,2916.84
3910,Elizabeth Brown,felicia32@example.net,Vietnam,2022-01-15,Basic,522.87
3911,Christopher Braun,alec29@example.org,Sierra Leone,2020-10-24,Standard,1489.23
3912,Dylan Houston,johnstonchristopher@example.net,Benin,2020-06-25,Standard,244.21
3913,Stephanie Ward,michaelarmstrong@example.net,Montenegro,2023-05-18,Basic,732.3
3914,Alexander Buckley,qfranklin@example.org,Burkina Faso,2021-12-22,Standard,773.39
3915,Mary Strong,kevin01@example.net,United Arab Emirates,2022-06-18,Standard,389.78
3916,Tina Harrington,laurenfigueroa@example.net,Djibouti,2024-10-02,Standard,2027.95
3917,Jonathan Richardson,harriscarolyn@example.net,Nigeria,2024-06-06,Standard,1997.05
3918,Christopher Murray,fmiller@example.org,French Guiana,2024-10-30,Standard,2707.11
3919,Audrey Wilson,mejiachristine@example.net,Russian Federation,2024-09-18,Standard,1961.35
3920,Bradley Walker,robertsmichele@example.net,Antigua and Barbuda,2024-12-15,Standard,2368.57
3921,Joseph Guzman,laneerica@example.com,Sudan,2021-03-14,Standard,1339.2
3922,Cole Summers,lowemisty@example.org,Malaysia,2020-02-28,Basic,230.61
3923,Michael Lee,not-an-email,Costa Rica,2021-10-20,Standard,2064.98
3924,Tyler Hall,oibarra@example.com,Liechtenstein,2024-02-14,Basic,491.53
3925,Eric Frost,pruittchristopher@example.net,Cuba,2022-06-08,Standard,357.72
3926,Stephanie Davis,barronlaura@example.com,French Guiana,2024-08-28,Standard,2866.14
3927,Robert Johnson,jenniferharrington@example.org,Serbia,2024-05-31,Standard,1106.35
3928,Danielle Cisneros,brittany60@example.com,Belarus,2020-07-03,Basic,504.22
3929,Joseph Carrillo,brian77@example.com,Sao Tome and Principe,2024-11-12,Premium,10396.78
3930,Heather Heath,ehernandez@example.com,Saudi Arabia,2021-09-15,Basic,620.33
3931,Autumn Johnson,eileenmoyer@example.net,Saint Lucia,2020-09-18,Standard,620.1
3932,Matthew Farrell,stewartpamela@example.com,Tanzania,2024-02-22,Standard,628.02
3933,Tiffany Malone,nheath@example.org,Jamaica,2020-05-20,Standard,-115.46
3934,Joel Smith,richard96@example.com,Poland,2020-04-05,Premium,2494.24
3935,Shannon Taylor,jefferymurray@example.org,Lithuania,2023-01-22,Standard,2537.26
3936,Michael Mills,harringtonbethany@example.org,Falkland Islands (Malvinas),2021-08-05,Standard,2851.11
3937,Kristin Gonzalez,javierlewis@example.org,South Georgia and the South Sandwich Islands,2023-06-02,Standard,101.88
3938,Gail Nichols,scarter@example.net,Puerto Rico,2024-02-10,Standard,1747.27
3939,Cheryl Hutchinson,johnrogers@example.net,Albania,2020-03-08,Standard,1189.67
3940,Katherine Thomas,robin25@example.net,Yemen,2020-10-31,Premium,6704.82
3941,Donald Stewart,lewiskayla@example.net,Zimbabwe,2024-05-05,Premium,9689.21
3942,Alexander Lewis,april23@example.com,Lithuania,2024-09-18,Premium,4381
3943,Susan Kelley,kgonzalez@example.net,Congo,2022-10-16,Premium,14302.05
3944,David Smith,heather64@example.com,Haiti,2023-03-20,Standard,271.56
3945,Jennifer Roach,zachary74@example.org,India,2021-08-13,Premium,3645.01
3946,Randall Anderson,dperez@example.com,Guatemala,2024-01-30,Basic,122.49
3947,Laura Castillo,martinezmichael@example.com,Albania,2020-10-17,Standard,105.36
3948,Ashley Parsons,lauren57@example.org,Mayotte,2024-06-30,Premium,11245.74
3949,Eric Lewis,esnow@example.com,Mauritania,2023-10-15,Basic,494.4
3950,Brian Hughes,heathnatalie@example.org,Benin,2020-06-08,Standard,1900.6
3951,Carol Goodman,pattonmatthew@example.net,Norfolk Island,2021-09-09,Standard,2485.56
3952,Wesley Browning,judithmason@example.org,Hong Kong,2024-04-25,Basic,548.13
3953,Dawn Sweeney,vincentdavis@example.com,Sri Lanka,2022-02-23,Basic,133.12
3954,Dylan Lloyd,crystal54@example.com,Tanzania,2021-11-26,Basic,508.55
3955,Megan French,smithvictoria@example.org,Bermuda,2022-10-02,Premium,1630.16
3956,Jennifer Krause,tylerhernandez@example.org,Mali,2022-06-26,Standard,2871.13
3957,Kevin Meadows,hannahpearson@example.net,Seychelles,2021-03-24,Basic,1.71
3958,Shane Clark,amandabarrett@example.org,Western Sahara,2021-07-28,Basic,721.35
3959,Sara Mccoy,not-an-email,Antarctica (the territory South of 60 deg S),2020-11-11,Premium,11129.38
3960,Lindsey Miller,antonio11@example.org,Isle of Man,2022-11-20,Standard,542.73
3961,Rachel Chase,allenlisa@example.net,El Salvador,2023-08-04,Standard,1970.68
3962,Chelsea Mcgee,chess@example.org,Portugal,2022-01-09,Premium,4138.99
3963,Robert Reilly,jennifer95@example.net,British Virgin Islands,2023-09-22,Standard,777.48
3964,Christopher Blevins,justin66@example.net,Greenland,2023-07-05,Standard,706.47
3965,Russell Pollard,skirby@example.com,Tanzania,2023-06-25,Standard,917.53
3966,John Jackson,coffeydaniel@example.net,Tuvalu,2020-01-22,Premium,4077.68
3967,Tara Lin DDS,tharris@example.com,Mozambique,2022-02-15,Standard,1752.16
3968,Dominique Potter,jimcraig@example.com,Rwanda,2023-10-28,Premium,3078.46
3969,Darren Martin,regina89@example.com,Saint Barthelemy,2023-06-04,Standard,753.79
3970,Tyler Phelps,martinezjennifer@example.com,North Macedonia,2022-11-03,Premium,6669.78
3971,Joan Crane,blakenelson@example.net,Gabon,2020-08-23,Basic,575.4
3972,Ann Mccall,glenn35@example.net,Guernsey,2024-06-10,Premium,9940.95
3973,Rachel Eaton,daniellewebb@example.net,Martinique,2021-01-07,Standard,461.29
3974,Michelle Villarreal,jberry@example.org,Palestinian Territory,2021-05-29,Premium,11417.76
3975,Thomas Perry,nicholas77@example.org,Sweden,2021-09-23,Premium,9530.02
3976,Joseph Anderson,houstonmichelle@example.com,Argentina,2022-11-03,Standard,2927.83
3977,Kelly Wheeler,randolphsharon@example.com,Saint Lucia,2023-02-26,Premium,12110.84
3978,Audrey Butler,turnerrichard@example.com,Hong Kong,2021-09-28,Premium,8604.87
3979,Angela Garcia,bruceray@example.com,South Georgia and the South Sandwich Islands,2024-01-28,Standard,253.38
3980,Nicholas Turner,ulewis@example.net,Maldives,2021-03-05,Standard,1886.43
3981,Shannon Cannon,johncooke@example.net,Liberia,2022-07-08,Premium,10584.44
3982,Kristin Roberson,dellis@example.com,Monaco,2021-06-27,Standard,2132.11
3983,Barbara Thomas,geraldvelazquez@example.org,Benin,2024-07-11,Standard,1655.55
3984,Monica Peters,piercefrank@example.org,Iraq,2022-04-12,Standard,1916.99
3985,Dr. Antonio Ortiz,bjenkins@example.org,Mauritius,2021-10-29,Standard,2644.37
3986,Thomas Bridges,marialucas@example.com,Kuwait,2022-05-06,Premium,1601.05
3987,Eric Chang,theresamack@example.org,Switzerland,2023-11-29,Standard,197.01
3988,Michael Mcgee,collierkara@example.org,Kiribati,2024-11-25,Standard,703.48
3989,David Meyer,rosewilliam@example.net,Israel,2021-03-15,Basic,67.97
3990,Michele Hamilton,frankjimenez@example.net,Antigua and Barbuda,2023-07-18,Basic,209.74
3991,Stacy Robertson,william92@example.net,Puerto Rico,2024-04-23,Basic,578.86
3992,Katherine Torres,rgrimes@example.org,Nicaragua,2020-10-08,Standard,1778.91
3993,Anthony Wells,emily45@example.com,Ghana,2024-09-10,Premium,7171.95
3994,Jeffery Foster,christopher98@example.org,Macao,2020-04-27,Standard,704.66
3995,Zachary Nelson,aray@example.org,Congo,2023-08-07,Standard,412.96
3996,Phillip Fischer,lopeztheresa@example.com,New Zealand,2024-11-02,Premium,9171.8
3997,Courtney Robinson DVM,stephaniewatson@example.com,Czech Republic,2023-02-25,Premium,8882.23
3998,Logan Baldwin,duartesteven@example.com,Singapore,2022-05-30,Standard,2873.83
3999,Morgan Perez,reynoldsmatthew@example.net,Canada,2024-09-12,Standard,2271.42
4000,James Mendoza,martinezjean@example.org,Liberia,2021-09-15,Premium,6988.26
4001,Laura Lucero,cortezmichael@example.org,Iran,2023-06-29,Basic,292.53
4002,Pamela Burke,jamesvasquez@example.org,Cuba,2023-04-22,Standard,758.65
4003,Beverly Patel MD,xmoore@example.net,Djibouti,2024-09-07,Basic,81.4
4004,Steven Wall,tylerthompson@example.com,Sao Tome and Principe,2020-06-01,Standard,2882.35
4005,Ashley Hall,jennifersummers@example.net,Qatar,2024-02-03,Standard,810.38
4006,Amy Daniels,douglas34@example.org,Costa Rica,2023-12-11,Premium,8172.63
4007,Alexandra Gonzalez,oliviagonzalez@example.org,Norfolk Island,2024-01-31,Standard,1122.36
4008,Stacy Robertson,michael12@example.com,Oman,2023-07-28,Premium,6879.83
4009,Mr. Thomas Adams,scottvargas@example.net,Norway,2023-01-05,Premium,3798.09
4010,Nicole Mcdaniel,woodsrobert@example.net,Hungary,2023-08-05,Standard,1626.4
4011,Stephanie Delgado,tphillips@example.com,Gambia,2023-05-06,Standard,108.93
4012,Ronnie Thomas,tracy83@example.com,Niger,2021-01-18,Premium,10508.82
4013,Jessica Johnson,jennifersoto@example.com,Congo,2023-06-02,Basic,796.58
4014,Wanda Morrison,christina42@example.net,Moldova,2023-07-16,Premium,3124.72
4015,Robert Johnson,maustin@example.com,United States Minor Outlying Islands,2024-08-12,Standard,2849.11
4016,Megan Huffman,christopherwatson@example.org,Chad,2023-09-13,Standard,1969.28
4017,Jordan Todd,zmaynard@example.com,Slovakia (Slovak Republic),2023-05-09,Standard,2983.88
4018,Michael Johnson,alexander66@example.net,Pakistan,2024-10-25,Standard,2424.71
4019,Margaret Saunders,olucas@example.com,Lithuania,2021-03-24,Premium,9574.45
4020,Brandon Evans,jwright@example.net,Guinea-Bissau,2024-12-30,Basic,397.64
4021,Ann Cross,allisonlopez@example.org,Togo,2020-09-20,Standard,2509.77
4022,Christopher Garcia,ashlee63@example.net,Kenya,2024-08-03,Premium,2096.63
4023,Kenneth Odom,candacescott@example.com,United States Virgin Islands,2023-10-19,Standard,855.87
4024,Adrienne Hawkins,luke46@example.com,Jordan,2021-07-07,Basic,684.21
4025,Marissa Gonzalez,fbrown@example.org,Antigua and Barbuda,2023-06-17,Basic,243.24
4026,Oscar Davis,jillduffy@example.org,Hong Kong,2021-03-02,Basic,415.03
4027,Connie Paul,michaelmyers@example.com,Costa Rica,2020-02-13,Standard,2887.57
4028,Samantha Jackson,justinwagner@example.com,Mongolia,2020-05-19,Standard,1524.08
4029,William Simmons,gsmith@example.net,British Virgin Islands,2023-10-22,Standard,885.38
4030,Adam Dunn,ufoster@example.org,San Marino,2020-12-13,Basic,638.47
4031,William Reese,wcollins@example.com,Singapore,2024-02-04,Standard,1447.42
4032,Stacie Burton,elizabethpalmer@example.net,Guyana,2023-03-04,Standard,1061.64
4033,Diana Washington,ynorton@example.net,Paraguay,2020-09-15,Standard,2340.44
4034,Craig Davis,xcarter@example.net,Palestinian Territory,2024-07-03,Standard,2182.52
4035,Margaret Hansen,mitchellkaren@example.org,Saint Barthelemy,2021-08-26,Premium,14726.82
4036,Jeffrey Andrews,jonathan73@example.net,Djibouti,2022-03-25,Standard,2159.2
4037,Patricia Khan,david90@example.net,Greenland,2022-12-22,Standard,2885.6
4038,Gregory Archer,scottlindsey@example.com,Saint Vincent and the Grenadines,2022-02-12,Basic,716.58
4039,Brandon Rice,tiffanyhill@example.com,Guinea,2022-04-04,Standard,2324.29
4040,Robert Romero,wesleyfoster@example.net,Gibraltar,2023-09-13,Basic,338.9
4041,David Hunt,zramirez@example.net,Zambia,2023-07-04,Standard,655.49
4042,Deborah Walker,michaelrice@example.net,Greenland,2022-07-15,Basic,476.32
4043,Brian Wilkins,paul38@example.com,Bahrain,2022-04-04,Premium,5537.86
4044,Joshua Clark,robert46@example.com,Afghanistan,2021-11-06,Basic,758.58
4045,Laurie Brown,cpowell@example.com,Kuwait,2022-03-29,Standard,2506.92
4046,Thomas Martinez,simmonsjacob@example.org,Sudan,2020-10-28,Standard,916.26
4047,William Young,whale@example.net,Solomon Islands,2022-06-09,Standard,217.34
4048,Jonathan Howe,littlerebecca@example.org,Armenia,2020-02-22,Standard,1344.61
4049,Elizabeth Edwards,jasonwatson@example.net,Israel,2021-02-02,Standard,1028.73
4050,Mary Smith,zacharystewart@example.org,Seychelles,2022-04-10,Basic,535.02
4051,Carol Morgan,hlee@example.org,Botswana,2024-11-18,Basic,59.29
4052,Stacey Jones DVM,melissa18@example.org,United States Minor Outlying Islands,2022-06-05,Standard,1109.41
4053,Anthony Adkins,harpercathy@example.net,Brazil,2021-06-24,Standard,282.46
4054,James Mueller,barry55@example.org,Morocco,2020-07-05,Standard,704.09
4055,Robert Cochran,martharay@example.net,Kazakhstan,2020-05-06,Basic,556.8
4056,Jeffrey Keller,webbamanda@example.net,Georgia,2023-07-03,Basic,689.11
4057,Brittany Jefferson,karengould@example.net,United States of America,2021-07-19,Standard,1652.94
4058,Rachael Boyle,andre19@example.com,Belize,2023-10-13,Basic,250.09
4059,Kevin Clark,charleslee@example.net,Guinea,2023-06-07,Standard,1976.7
4060,Chad Hart,blake03@example.com,Tunisia,2020-01-11,Basic,231.77
4061,Taylor Ruiz,alexa56@example.org,Saint Barthelemy,2023-03-29,Basic,779.86
4062,Joshua Price,jonessamantha@example.org,United Kingdom,2021-04-01,Basic,139.39
4063,William Anderson,santossabrina@example.com,Nauru,2024-07-15,Premium,14266.16
4064,Jacqueline Jones MD,jacksondavid@example.com,Australia,2020-02-29,Standard,987.42
4065,Amy Miller,contrerasdavid@example.net,Russian Federation,2020-01-12,Premium,1673.56
4066,Crystal Frazier,jameswhite@example.com,Myanmar,2021-12-19,Basic,323.25
4067,Katie Simpson,brianfrench@example.org,Brazil,2021-08-18,Standard,2112.66
4068,Rose Peterson,speters@example.net,Reunion,2024-11-11,Standard,1474.09
4069,Sarah Garcia,keithjane@example.net,Botswana,2020-05-08,Basic,292.84
4070,Jennifer Kelley,michael52@example.org,Bahrain,2021-07-15,Premium,9362.81
4071,Anthony Robinson,hsmith@example.com,Solomon Islands,2021-10-10,Standard,540.65
4072,Brian Barker,kingjulie@example.com,Taiwan,2021-04-09,Standard,2119.06
4073,Joshua Jones,qmeadows@example.org,Spain,2022-12-06,Standard,2714.46
4074,Sara Nelson,joseph95@example.org,Svalbard & Jan Mayen Islands,2024-05-07,Premium,12700.57
4075,Kevin Cain,maria80@example.com,Sweden,2020-11-05,VIP,11938.05
4076,Tony Baker,jreynolds@example.org,Poland,2022-08-27,Standard,2786.43
4077,Kimberly Whitaker,freemandonald@example.com,Belgium,2021-07-24,Standard,1295.08
4078,Maurice Barrett,christine77@example.com,Christmas Island,2020-02-12,Standard,691.96
4079,Connor Juarez,shawn69@example.org,Turkey,2020-05-11,Premium,13978.71
4080,Haley Williams,shurley@example.com,Burundi,2024-12-26,Standard,2426.34
4081,Lorraine Martinez,emily68@example.com,Myanmar,2022-10-26,Standard,2861.1
4082,Brandy Casey,zanderson@example.com,Iceland,2021-06-24,Standard,184.83
4083,Peter Hughes,xgraham@example.org,Gambia,2024-03-19,Basic,493.5
4084,Bethany Morton,mwalter@example.net,Solomon Islands,2020-12-09,Standard,2399.72
4085,Karen Williams,kwood@example.com,Samoa,2024-05-04,Standard,971.47
4086,Michael Williams Jr.,lydia72@example.org,Benin,2024-06-02,Basic,312.64
4087,Brittany Hernandez,susanpeterson@example.com,Sweden,2023-08-01,Standard,178.22
4088,Sandra Smith,julie89@example.com,Netherlands Antilles,2022-04-10,Standard,2605.51
4089,Arthur White,stephanie05@example.org,Algeria,2024-02-04,Premium,3389.54
4090,Susan Prince,james13@example.net,British Indian Ocean Territory (Chagos Archipelago),2021-09-09,Premium,6433.36
4091,Jacqueline Gutierrez,cheyenne93@example.com,Panama,2024-08-20,Premium,13128.28
4092,Chase Swanson,smithchristopher@example.org,Uruguay,2023-07-22,Basic,172.3
4093,Denise Scott,jessicamcguire@example.com,United States of America,2021-05-31,Basic,755.03
4094,Rebecca Campbell,aguirreamanda@example.com,Malaysia,2020-11-11,Premium,8487.95
4095,Michael Mcbride,erinreid@example.com,Nauru,2021-10-23,Standard,678.03
4096,Brittany Russo,avilacolin@example.org,Japan,2021-10-30,Standard,2986.22
4097,Bridget Davis,kdean@example.net,United Arab Emirates,2024-04-11,Standard,731.87
4098,Angela Rodriguez,choilinda@example.net,Hungary,2023-08-06,Standard,364.65
4099,Eric Mcpherson,victoria89@example.com,Sudan,2020-01-26,Standard,818.45
4100,Gary Gordon,robertsaunders@example.com,Macao,2020-12-30,Basic,88.87
4101,Kim Gonzalez,jholloway@example.com,Georgia,2023-06-27,Standard,438.66
4102,Cody Fowler,markjones@example.com,Malta,2021-02-23,Standard,1195.42
4103,Nicole Spencer,brandon34@example.com,Haiti,2023-01-09,Standard,1420.33
4104,Noah Lopez,qmoore@example.com,Indonesia,2022-06-07,Standard,2504.71
4105,James Gray,patelamber@example.com,French Southern Territories,2023-03-19,Basic,709.68
4106,Michael Mason,sharpdavid@example.net,Latvia,2021-04-09,Premium,13667.78
4107,Benjamin Wilkinson,jenniferprice@example.com,Netherlands,2023-10-31,Basic,144.79
4108,Jacob Brady,randydavis@example.net,Antigua and Barbuda,2024-10-19,Basic,196.6
4109,Mr. Steven Miller,jeffrey10@example.com,Belgium,2022-03-13,Basic,112.71
4110,Dustin Thomas,wvelazquez@example.net,Kyrgyz Republic,2023-02-13,Standard,348.3
4111,Timothy Lewis,hdavis@example.net,Thailand,2022-05-29,Standard,1857.83
4112,Darren Sanchez,kristen72@example.net,Jersey,2020-05-14,Basic,643.74
4113,Julie Davis,francislatoya@example.com,Czech Republic,2022-08-16,Basic,746.83
4114,Kyle Crawford,lisa61@example.net,Marshall Islands,2021-04-17,Standard,2396.61
4115,Anna Cantu,tbrown@example.org,Brazil,2023-11-22,Basic,325.84
4116,Kevin Porter,jeff63@example.net,Brunei Darussalam,2020-05-21,Standard,297.24
4117,Dylan Dillon DVM,jasonmartin@example.org,Denmark,2021-01-24,Standard,2254.13
4118,Erica Hawkins,csmith@example.org,Poland,2024-07-30,Basic,549.24
4119,Erik David,laurenpeters@example.com,Kuwait,2020-08-19,Standard,927.03
4120,Scott Scott,wheath@example.com,Iran,2023-06-01,Standard,2807.26
4121,Michael Cole,fernandoriddle@example.org,British Indian Ocean Territory (Chagos Archipelago),2022-11-05,Basic,591.59
4122,Catherine Mcdaniel,davidcalderon@example.org,Togo,2024-08-12,Basic,375.14
4123,Jennifer Mullen,timothytyler@example.com,Burkina Faso,2024-05-14,Basic,22.65
4124,Michael Lewis,dawn69@example.org,Panama,2020-03-27,Standard,500.59
4125,Stephanie Morales,rjohnson@example.net,Guinea,2022-08-13,Basic,638.48
4126,Anna Harris DDS,jamie58@example.net,Falkland Islands (Malvinas),2022-12-24,Premium,14252.75
4127,Zoe Davis,tina65@example.org,Cape Verde,2022-04-01,Standard,899.03
4128,Catherine Johnson,dcurry@example.net,Pitcairn Islands,2020-11-16,Standard,256.89
4129,Peter Smith,kristinaking@example.net,Bhutan,2024-10-10,Basic,624.73
4130,Jason Morgan,sara85@example.net,Venezuela,2024-12-11,Basic,384.57
4131,Benjamin Wright,sandraclark@example.com,Congo,2023-09-04,Basic,449.74
4132,Jennifer Johnston,tracymurray@example.net,Lithuania,2022-11-17,Standard,837.65
4133,Jacob Clark,xjones@example.com,Benin,2024-11-12,Standard,961.23
4134,Dr. Benjamin Reed,choidenise@example.com,Christmas Island,2020-12-04,Standard,816.75
4135,John Anderson,cathysmith@example.com,Thailand,2022-11-05,Standard,993.79
4136,Jack Johnson,jonesjeffrey@example.org,Grenada,2022-10-15,Premium,11069.7
4137,Walter Parker,karagutierrez@example.com,Luxembourg,2023-08-08,Standard,1643.56
4138,Norma Green,millermichelle@example.net,Zambia,2022-11-03,Basic,761.04
4139,Robert Cruz,margaret90@example.com,Taiwan,2021-11-19,Basic,508.22
4140,Rebecca Morrison,cooperrebecca@example.org,Marshall Islands,2021-08-12,Basic,0.04
4141,Alyssa Gibson,omurray@example.com,Korea,2023-07-11,Standard,1557.38
4142,Andrew Lowe,williamshoward@example.org,Kuwait,2023-09-08,Standard,704.32
4143,Eric Craig,coxlauren@example.net,Mongolia,2022-04-19,Premium,10750.69
4144,Christopher Adams,christine71@example.net,Tanzania,2020-01-03,Standard,2021.83
4145,Helen Herman,kwilliamson@example.com,Lao People's Democratic Republic,2024-01-11,Standard,1368.62
4146,Brian Rogers,basssteven@example.com,Costa Rica,2023-04-30,Standard,1953.96
4147,Catherine Copeland,richard88@example.net,Poland,2022-11-12,Premium,3963.98
4148,Nicole Johnson,emily73@example.com,Macao,2022-11-09,Standard,1604.43
4149,Walter Atkins,maria36@example.com,Faroe Islands,2023-03-25,Standard,2488.51
4150,Amber Reyes,tracyfranco@example.net,Jamaica,2022-07-29,Standard,1357.12
4151,Pamela Bell,zstokes@example.com,Saint Pierre and Miquelon,2024-05-23,Standard,2954.77
4152,Jeremy Figueroa,lmontgomery@example.net,Estonia,2022-03-07,Standard,2693.95
4153,Natasha Bailey,joshuaramos@example.com,Tonga,2022-08-02,Standard,2739.85
4154,Andrew Little,andrew53@example.com,Lithuania,2021-03-18,Standard,500.1
4155,Matthew Hansen,erin89@example.com,Germany,2024-12-08,Standard,631.64
4156,Maria Green,younglinda@example.com,Fiji,2024-04-08,Premium,6671.25
4157,Teresa Mejia,xwarren@example.org,Martinique,2020-08-15,Basic,77.64
4158,Nicholas Watson,lcarpenter@example.net,New Caledonia,2024-12-02,Premium,12676.92
4159,Jason James,hortonjoshua@example.org,Lebanon,2022-03-18,Standard,421.87
4160,Daniel Ponce,christopher06@example.org,Christmas Island,2022-06-22,Standard,2862.22
4161,Michelle Roberson,dale26@example.com,Maldives,2020-06-23,Standard,2653.86
4162,Joseph Welch,sharris@example.com,Lao People's Democratic Republic,2022-09-30,Standard,2620.41
4163,Jeffery Holt,vshields@example.org,Egypt,2020-08-08,Basic,211.87
4164,Scott Taylor,ygonzalez@example.net,Niger,2020-01-27,Standard,1077.07
4165,Brian Wheeler,ericksonkatherine@example.com,Svalbard & Jan Mayen Islands,2022-01-13,Standard,308.41
4166,Amy Davis,courtneygraham@example.com,Spain,2022-09-04,Standard,1228
4167,Melanie Carlson,myerstiffany@example.com,Nauru,2020-03-06,Premium,3011.27
4168,Karen Schultz,aprilforbes@example.org,Japan,2024-01-28,Standard,2133.7
4169,David Preston,xatkins@example.com,Romania,2023-07-12,Standard,305.04
4170,Kelsey Clark,andrew52@example.com,Antigua and Barbuda,2022-04-21,Standard,614.38
4171,John Barber,castillodana@example.net,Mauritius,2022-08-22,Basic,495.77
4172,Barbara Moore,johnhiggins@example.org,Tokelau,2020-09-14,Basic,69.86
4173,Brian Lopez,mking@example.net,Namibia,2022-08-03,Basic,645.33
4174,Elizabeth Chambers,reginawright@example.com,Vietnam,2024-02-12,Standard,332.18
4175,Alexa Rangel,burnscarl@example.org,Niue,2023-04-02,Basic,767.33
4176,Jennifer Davidson,tannerlori@example.com,Armenia,2024-06-10,Standard,226.06
4177,Vincent Rose DDS,scott48@example.org,Sri Lanka,2022-11-06,Standard,910.44
4178,David Skinner,steven65@example.net,Finland,2024-10-02,Basic,531.81
4179,Adrienne Carter,christine72@example.net,Azerbaijan,2024-07-27,Standard,2470.62
4180,Chelsea Camacho,latoyahartman@example.com,Ecuador,2020-11-15,Basic,673.53
4181,Angela Vasquez,julie84@example.com,Ethiopia,2023-03-18,Basic,794.03
4182,Krista Hopkins,wendy93@example.org,Cook Islands,2024-11-22,Premium,1599.94
4183,Valerie Johnson DDS,ryan52@example.com,Niger,2022-03-28,Standard,891.83
4184,Amy Paul,jamiebarr@example.org,United Arab Emirates,2023-04-17,Standard,464.18
4185,Travis Barrett,ojames@example.org,Netherlands Antilles,2020-11-17,Basic,749.15
4186,Carmen Sanchez,agomez@example.org,Antarctica (the territory South of 60 deg S),2020-09-28,Basic,546.92
4187,Marvin Wilson,joshua02@example.net,Kyrgyz Republic,2020-09-07,Premium,14771.34
4188,Christopher Wilson,jason85@example.org,Angola,2020-04-02,Premium,12213.28
4189,Curtis Beck,hollychang@example.net,Timor-Leste,2021-11-06,Premium,7327.57
4190,Jose Morton,turnernancy@example.net,Antigua and Barbuda,2021-07-18,Standard,2207.07
4191,Susan Brown,kenneth47@example.org,United States Virgin Islands,2023-08-21,Premium,7214.67
4192,Jill Summers,ldyer@example.net,Wallis and Futuna,2023-05-20,Basic,409.91
4193,Denise Moran,joel15@example.org,Mauritania,2021-08-16,Standard,1551.84
4194,Charles Gregory,samuelhill@example.org,Namibia,2020-03-19,Basic,272.2
4195,Tyler Gordon,monicadiaz@example.com,Poland,2023-08-18,Standard,881.91
4196,Joseph Fox,rogersmatthew@example.org,Ecuador,2021-06-04,Standard,1981.95
4197,Jose Andrews,megan48@example.com,Iceland,2022-10-14,Premium,6674.13
4198,Robert Smith,william49@example.net,Brazil,2022-02-23,Basic,127.35
4199,Sarah Mclaughlin,destinyroberts@example.net,French Guiana,2024-02-07,Premium,3746.93
4200,Thomas Johnson,xlarson@example.com,Slovenia,2024-10-23,Premium,6388.58
4201,Michael Ayala,michealcook@example.net,Belarus,2023-06-24,Standard,2139.11
4202,Katie Joseph,seanparsons@example.com,Kiribati,2020-12-13,Basic,348.9
4203,Jodi Crawford,knelson@example.org,Heard Island and McDonald Islands,2020-05-17,Premium,13188.88
4204,Michael Martinez,shernandez@example.net,Namibia,2022-01-25,Standard,2302.49
4205,Danielle Carlson,smithbryan@example.com,Tunisia,2020-10-29,Basic,374.87
4206,Jackson Lucero,ashley67@example.com,Uzbekistan,2022-08-07,Basic,767.92
4207,Stephanie Graham,jameselliott@example.com,Palestinian Territory,2021-01-19,Premium,10719.18
4208,Autumn Rivera,matthewjohnson@example.org,Singapore,2024-10-13,Premium,11522.14
4209,Jeremy Hanson,bennettdavid@example.org,United States Minor Outlying Islands,2022-12-06,Standard,2896.5
4210,Brittany Hernandez,msanders@example.org,Western Sahara,2024-06-30,Standard,338.6
4211,Jacob Wilson,joshuacrawford@example.net,Svalbard & Jan Mayen Islands,2022-06-17,Standard,2138.76
4212,Gerald Horne,angela45@example.com,Nigeria,2024-12-27,Standard,1818.96
4213,Stacy Cox,hsolis@example.com,Moldova,2020-04-22,Standard,1075.53
4214,Mary Harris,wlyons@example.com,Israel,2022-01-24,Premium,12161.05
4215,Kristina Casey,katherine49@example.org,Antarctica (the territory South of 60 deg S),2021-02-12,Standard,682.04
4216,Olivia Williams,christopherdavis@example.com,Pitcairn Islands,2023-04-10,Premium,9343.71
4217,Frank Moore,oaguilar@example.com,Moldova,2020-12-26,Standard,1540.94
4218,Angel Hurley,monicabarnett@example.com,Argentina,2020-09-14,Premium,8960.14
4219,Tina Ware,debbie01@example.org,Heard Island and McDonald Islands,2022-03-03,Basic,116.21
4220,Phillip Gonzalez,davismike@example.org,China,2023-03-07,Standard,377.24
4221,Jared Williams,ginagross@example.net,Cuba,2020-05-12,Premium,9301.93
4222,Jessica Porter,lopezaaron@example.net,Tuvalu,2021-04-17,Premium,14009.4
4223,Justin West,sherrygamble@example.org,Monaco,2023-10-22,Standard,2262.56
4224,Christine Phillips,wstone@example.com,Sierra Leone,2023-11-24,Premium,5288.37
4225,Jared Adkins,nicole20@example.net,Djibouti,2024-04-13,Standard,2686.62
4226,Michael Lopez,juliasullivan@example.com,Liberia,2020-07-23,Basic,400.68
4227,Nicholas Gutierrez,melanie47@example.net,Monaco,2021-09-14,Standard,1651.41
4228,Michael Jackson,bgreene@example.com,Dominican Republic,2020-07-02,Premium,10293.45
4229,Richard Murphy,vegaandrea@example.com,Sweden,2020-08-28,Standard,126.82
4230,Denise Knight,paul71@example.com,Venezuela,2021-08-07,Standard,1902.66
4231,Janet Bishop,john55@example.com,Iraq,2021-11-08,Basic,346.23
4232,Charles Gilbert,davidcourtney@example.net,Senegal,2020-03-14,Premium,12459.24
4233,Justin Cunningham,ladams@example.com,Iceland,2022-12-28,Basic,296.24
4234,Zachary Stone,stanleyamanda@example.org,Morocco,2024-12-29,Basic,16.1
4235,Brianna Ortega,josephcastro@example.org,Colombia,2024-08-15,Premium,4505.99
4236,Courtney Clark,xmann@example.com,Austria,2022-06-19,Premium,13445.24
4237,Miss Amy Robertson,tgillespie@example.net,Greece,2023-04-17,Standard,1272.54
4238,David Hebert DDS,breanna57@example.net,Iran,2023-07-23,Basic,609.62
4239,Mary Gibbs,margaret78@example.com,Monaco,2021-02-19,Standard,1613.11
4240,Amy Gomez,atkinsondavid@example.com,Northern Mariana Islands,2021-09-15,Standard,2776.08
4241,Marissa Green,shelia43@example.com,United States Virgin Islands,2022-09-22,Basic,250.45
4242,John Richardson,scottryan@example.org,Turkmenistan,2020-12-31,Basic,708.47
4243,David Williams,edward86@example.com,El Salvador,2021-04-26,Standard,1021.88
4244,Brett Wood,wrightchristopher@example.net,Bermuda,2022-04-23,Standard,208.17
4245,Kelsey Lambert,ballardrobert@example.net,Bolivia,2024-12-23,Basic,400.48
4246,Eugene Phelps,brandon14@example.org,United States Minor Outlying Islands,2022-02-04,Standard,1278.37
4247,Cody Hart,anolan@example.net,Costa Rica,2020-02-02,Basic,295.3
4248,John Garza,chandavid@example.org,Mexico,2021-05-21,Premium,9815.45
4249,James Mora,doyletravis@example.org,Haiti,2024-02-23,Premium,9920.3
4250,Larry Rice,stephen49@example.com,Guyana,2024-06-16,Basic,516.93
4251,Alisha Boone,lesliebaird@example.org,Aruba,2020-08-29,Standard,578.91
4252,Sean Burton,vdennis@example.net,Haiti,2024-02-01,Premium,4865.92
4253,Andrew Jones,pennygood@example.org,Iran,2021-09-30,Premium,5569.75
4254,Joy Morgan,madelinerodriguez@example.com,Dominican Republic,2020-04-02,Standard,2996.59
4255,,lynchscott@example.org,South Georgia and the South Sandwich Islands,2021-04-24,Basic,687.82
4256,Jason Jenkins,lchase@example.org,Cook Islands,2021-08-24,Premium,1743.78
4257,Tanner Faulkner,william62@example.com,Korea,2020-06-22,Premium,5596.21
4258,George Fisher,patriciacraig@example.com,Norfolk Island,2022-04-19,Standard,684.59
4259,Nicole Thomas,daniel05@example.net,Tanzania,2023-01-27,Basic,521.02
4260,Melinda Kim,lwilliams@example.org,Ghana,2021-11-11,Standard,1521.89
4261,Billy Jones,christophermills@example.com,Korea,2024-09-13,Basic,723.96
4262,Linda Patrick,michaelflynn@example.net,Spain,2024-03-22,Basic,385.51
4263,Michael Hall,joseph49@example.net,Ghana,2024-07-05,Standard,308.86
4264,Shelby Barnes,croth@example.net,French Polynesia,2024-11-28,Basic,221.07
4265,Scott Mccarthy,antonionelson@example.com,Pitcairn Islands,2021-05-25,Standard,1789.83
4266,Paul Mueller,jocelyn90@example.org,Saint Helena,2022-01-31,Standard,1683.2
4267,Benjamin Hampton,morriskevin@example.net,Antigua and Barbuda,2021-08-29,Standard,2699.13
4268,Annette Lawson,justinhampton@example.net,Egypt,2022-11-03,Basic,222.05
4269,Jason Gallagher,stewartjeanne@example.com,Reunion,2024-08-04,Basic,446.4
4270,John Harrell,laneamber@example.com,British Indian Ocean Territory (Chagos Archipelago),2024-02-01,Basic,392.39
4271,William Hall,pjohnson@example.org,Bhutan,2020-03-22,Basic,243.26
4272,Alexandra Levy,scott12@example.com,Romania,2021-07-01,Standard,1226.59
4273,Lisa Arnold,michelleknapp@example.net,Svalbard & Jan Mayen Islands,2022-09-15,Basic,381.39
4274,Julie Cole,oscar17@example.com,Netherlands,2023-10-26,Basic,123.07
4275,Andrew Munoz,pcrane@example.net,Singapore,2020-08-10,Standard,2023.8
4276,Amanda Miles,jenningsjennifer@example.net,Belize,2023-10-20,Premium,14263.96
4277,Lisa Kelley,jenniferjones@example.net,Croatia,2022-06-27,Standard,1997.82
4278,Jamie Schneider MD,jennifer06@example.com,Romania,2022-08-25,Basic,383.46
4279,Lori Reilly,maria59@example.org,Venezuela,2021-08-03,Standard,1364.74
4280,Julie Beck,ahancock@example.net,Eritrea,2023-05-28,Basic,110.29
4281,Sean Harrison,ronald27@example.org,Mozambique,2022-01-30,Premium,10945.27
4282,Caitlin Johnson,tiffanygreer@example.net,Hungary,2024-12-07,Standard,1865.01
4283,Sabrina Brown,bhunt@example.net,British Indian Ocean Territory (Chagos Archipelago),2023-04-25,Standard,2163.14
4284,Larry Crosby,ryansmith@example.net,Bangladesh,2022-05-29,Premium,2338.24
4285,Sarah Smith,valdezbrandon@example.org,Burkina Faso,2024-01-12,Basic,99.76
4286,Mr. Christopher Johnson DVM,fmarshall@example.com,Slovenia,2021-08-18,Premium,2327.36
4287,Donald Chapman,heidihunter@example.org,Bosnia and Herzegovina,2020-06-27,Basic,604.71
4288,Jessica Douglas,btorres@example.com,Korea,2020-02-09,Standard,759.2
4289,Evan Wheeler,kdominguez@example.net,Bouvet Island (Bouvetoya),2022-02-13,Basic,723.55
4290,Ruth Hernandez MD,maddoxmicheal@example.org,Togo,2024-02-29,Standard,588.84
4291,Sandra Peck,urobles@example.net,Slovenia,2020-09-18,Premium,7174.43
4292,Carrie Williams,bkelly@example.com,San Marino,2023-07-19,Premium,13824.94
4293,Robert Warren,ilopez@example.org,Micronesia,2024-12-28,Premium,5993.67
4294,Brian Acosta,william47@example.com,New Caledonia,2022-06-04,Standard,954.24
4295,Scott Mendez,diamond43@example.net,Dominica,2023-09-21,Basic,180.94
4296,Larry Garza,thompsonduane@example.org,Tajikistan,2024-07-08,Standard,2500.37
4297,Curtis Terry,ronald91@example.org,Hong Kong,2023-03-17,Standard,1965.85
4298,Ashley Davis,khayden@example.org,Cote d'Ivoire,2020-12-20,Standard,1408.09
4299,Michael Lewis,sanchezangela@example.net,Cuba,2020-05-16,Standard,465.21
4300,Martin Moreno,pbrooks@example.com,Tajikistan,2020-07-10,Standard,916.38
4301,Jay Jackson,carmenhill@example.net,Zimbabwe,2021-07-03,Standard,2213.93
4302,John Martinez Jr.,richardbond@example.net,Congo,2023-11-01,Basic,164.1
4303,Jacob Hayes,laurentaylor@example.org,Belize,2024-09-28,Basic,77.59
4304,Joe Reynolds,mcguireashley@example.com,Poland,2022-05-20,Standard,2176.24
4305,Sarah Brooks,stewarttammy@example.net,Panama,2021-04-01,Premium,13455.92
4306,John Kirk Jr.,james24@example.org,Gabon,2023-12-20,Premium,13343.32
4307,Christine Wright,,Antigua and Barbuda,2023-10-24,Standard,838.15
4308,Brenda Novak,brendannelson@example.org,Saint Martin,2021-09-09,Standard,2700.11
4309,Jamie Miles,shannon56@example.org,Turkmenistan,2024-03-10,Basic,47.48
4310,Christina Ray,yherrera@example.com,Albania,2020-09-23,Standard,1011.3
4311,Kimberly Nguyen,rarmstrong@example.org,Singapore,2023-10-22,Standard,2113.18
4312,Maria Nelson,brownjennifer@example.org,French Southern Territories,2023-10-21,Basic,789.64
4313,John Goodman,mgreen@example.com,Fiji,2023-08-13,Standard,899.96
4314,Brittany Mccall,rodriguezalicia@example.org,Madagascar,2021-10-18,Basic,302.57
4315,Margaret Perry,lewiseric@example.net,Namibia,2024-09-04,Premium,3607.35
4316,Jerome Ashley,allisonhogan@example.net,Belarus,2023-11-30,Standard,2848.47
4317,Frederick Porter,kevinwood@example.org,Norway,2024-01-04,Basic,626.52
4318,William Jenkins,patrickturner@example.com,United States of America,2022-07-25,Basic,661.81
4319,Jason Martin,suzannerivas@example.com,Russian Federation,2023-12-25,Basic,593.1
4320,James Fletcher,douglaswright@example.com,Albania,2022-05-24,Standard,1157.61
4321,Scott Potter II,jeremy66@example.org,Uruguay,2023-07-27,Basic,659.12
4322,Lori Peterson,thomas00@example.com,Australia,2024-01-21,Standard,1742
4323,Danielle Duncan,williamsbelinda@example.com,Botswana,2024-05-05,Standard,2913.65
4324,George Jones,singhaaron@example.org,Chad,2021-02-02,Premium,14231.21
4325,Brian Morgan,reyesbobby@example.net,Guadeloupe,2021-10-14,Standard,2953.25
4326,Matthew Miller,joseph33@example.net,Congo,2023-02-06,Standard,1558.11
4327,Ian Lara,aprilhooper@example.net,South Georgia and the South Sandwich Islands,2022-05-01,Premium,7177.29
4328,Erin Jordan,andrea79@example.org,Papua New Guinea,2021-11-17,Basic,36.73
4329,John Jackson,padillagregory@example.com,Nauru,2022-07-04,Basic,532.99
4330,Bradley Richards,daycurtis@example.com,Cayman Islands,2022-09-30,Basic,87.62
4331,Susan Nelson,robertsjustin@example.org,Cuba,2021-11-10,Premium,10957.17
4332,Tonya Steele,lvalenzuela@example.org,Mozambique,2021-04-11,Basic,634.87
4333,Scott Gutierrez,adammartinez@example.org,Swaziland,2020-09-09,Premium,4171.74
4334,Ashley Turner,hernandezchristine@example.net,Oman,2024-12-06,Standard,2540.17
4335,Eric Montgomery,npowell@example.com,Mayotte,2023-07-21,Basic,104.7
4336,Joshua Ford,wrightpaul@example.net,Greece,2020-11-10,Premium,11073.45
4337,Tiffany Gentry,sue91@example.com,Comoros,2022-08-25,Premium,12011.89
4338,Michelle Castro,staffordcorey@example.org,Maldives,2022-03-25,Premium,4597.19
4339,Chad Garcia,ipoole@example.org,Tuvalu,2024-04-03,Standard,1691.52
4340,Donna Daniels,acostadylan@example.net,Turkey,2021-01-24,Basic,92.25
4341,Darlene Thompson,fwoods@example.net,Ecuador,2024-05-25,Premium,2910.44
4342,Mrs. Whitney Edwards DVM,erik86@example.com,South Georgia and the South Sandwich Islands,2021-05-24,Premium,5140.69
4343,Jerome Cruz,kendra93@example.net,North Macedonia,2023-10-25,Standard,450.15
4344,Mary Potter,bbowman@example.net,Indonesia,2023-10-30,Standard,1874.42
4345,Elizabeth Mata,itucker@example.org,Armenia,2022-09-06,Basic,430.5
4346,George Leon,smithmarissa@example.net,Argentina,2022-12-04,Basic,387.4
4347,Jacqueline Jones,jlevy@example.com,South Georgia and the South Sandwich Islands,2020-06-15,Basic,681.45
4348,William Cooper,ryanroberts@example.org,Jordan,2023-04-27,Basic,129.63
4349,Mary Schmidt,brittneywashington@example.com,Sao Tome and Principe,2021-03-05,Standard,278.28
4350,Nicole Reeves,holly38@example.net,Bosnia and Herzegovina,2024-01-27,Basic,385.7
4351,Caroline Reilly,rebeccawong@example.net,Niue,2021-04-16,Premium,3364.99
4352,Roy Dunn,eblack@example.net,Uruguay,2022-07-23,Premium,1800.26
4353,Christopher Walter,rebecca73@example.org,Mali,2023-08-09,Standard,207.98
4354,Holly Young,swansonerin@example.net,Colombia,2020-05-16,Premium,8817.1
4355,Marilyn Flores,jasmine05@example.org,Suriname,2023-06-15,Basic,646.96
4356,Scott Rios,amendoza@example.net,Moldova,2020-10-11,Standard,2706.96
4357,Patricia Evans,donna99@example.com,Congo,2020-09-18,Basic,131.57
4358,Joy Wagner,emartinez@example.org,Mayotte,2021-06-18,Standard,1287.87
4359,Robin Barr,charles48@example.com,Saint Vincent and the Grenadines,2023-03-24,Standard,1259.48
4360,Paul Martin,brandi51@example.org,Svalbard & Jan Mayen Islands,2024-05-29,Basic,86.67
4361,Chelsea Johnson,cheryl54@example.org,Mozambique,2024-02-24,Standard,1549.06
4362,Matthew Gomez,,Guam,2024-12-03,Standard,1092.88
4363,David Valencia,wperez@example.com,Saint Martin,2022-01-12,Standard,2789.47
4364,Terri Rogers,kingtravis@example.com,Turks and Caicos Islands,2024-06-20,Basic,397.44
4365,Brenda Young,robertpark@example.net,Solomon Islands,2022-06-13,Basic,386.11
4366,Sheena Rosario,nicolemckenzie@example.org,Cuba,2021-07-14,Premium,3679.59
4367,Kimberly Taylor,alexanderolivia@example.net,Suriname,2021-09-29,Standard,765.35
4368,Molly Christensen,shirley47@example.net,Pitcairn Islands,2022-05-23,Standard,1904.39
4369,Erica Taylor,jonesevan@example.net,Ghana,2021-05-23,Premium,14556.7
4370,Jenny Todd,nvance@example.org,Benin,2023-10-20,Standard,2543.45
4371,Ryan Harris,hurstwendy@example.net,Iraq,2022-06-14,Standard,713.42
4372,David Velasquez,kimberly94@example.net,Switzerland,2020-06-06,Premium,8209.53
4373,David Reilly,hicksandrew@example.net,Israel,2023-12-06,Standard,141.66
4374,Trevor Espinoza,hardindavid@example.net,Cape Verde,2021-04-15,Premium,11444.47
4375,Michael Johnson,westdennis@example.com,Jamaica,2020-01-24,Standard,291.69
4376,Mark Ruiz,omay@example.org,Colombia,2021-10-15,Premium,7878.13
4377,Diane Obrien,aatkins@example.org,Papua New Guinea,2021-09-10,Basic,542.83
4378,Alex Lopez,elizabeth43@example.net,Costa Rica,2024-11-20,Premium,2802.11
4379,Carl Williams,carl00@example.com,Tajikistan,2020-03-23,Basic,721.38
4380,Austin Fuller,gonzalezjimmy@example.com,Grenada,2022-07-28,Premium,1286.53
4381,Jordan Turner,lekathleen@example.org,Poland,2023-02-18,Standard,2191.69
4382,Meghan Carlson,rodney72@example.net,Belize,2023-03-11,Standard,2141.63
4383,Robert Jones MD,despinoza@example.com,Jamaica,2022-06-07,Standard,2731.11
4384,Jeffrey Watson,robinsontimothy@example.net,Belarus,2020-10-01,Standard,1034.59
4385,Daniel Herrera,christinaday@example.org,Armenia,2021-06-19,Basic,66.58
4386,John Williams,daryl45@example.com,Saint Vincent and the Grenadines,2020-04-04,Basic,366.06
4387,Tanya Stokes,brewerkristy@example.net,Czech Republic,2021-10-16,Standard,2360.7
4388,Joshua Roach,jimenezterri@example.net,Iraq,2020-03-14,Premium,13054.44
4389,Monica Williams,baileytodd@example.com,Malawi,2021-10-20,Basic,648.01
4390,Corey Carroll,john62@example.org,Guyana,2020-01-25,Standard,2945.5
4391,Samantha Burke,brandywest@example.net,Mongolia,2023-12-12,Standard,2202.41
4392,Andre Jenkins,melanie70@example.org,Austria,2020-02-25,Basic,799.28
4393,Tracey Jones,mcdanielmichael@example.net,Pakistan,2020-10-30,Standard,1565.54
4394,George Robinson,joseph07@example.net,Russian Federation,2023-12-27,Standard,2665.99
4395,Jennifer Mcdonald,dawnmerritt@example.org,South Georgia and the South Sandwich Islands,2023-09-03,Standard,948.11
4396,Tim Yang,rchan@example.net,Algeria,2023-07-17,Standard,750.53
4397,Alison Avila,troy11@example.org,French Polynesia,2022-01-27,Premium,5908.36
4398,Michael Richardson,amedina@example.com,Bhutan,2022-07-25,Basic,263.57
4399,,andrea67@example.org,Mali,2024-12-11,Premium,12756.65
4400,Trevor Hernandez,smartinez@example.com,Swaziland,2020-11-21,Basic,564.01
4401,Kathleen Dominguez,hharrison@example.org,British Indian Ocean Territory (Chagos Archipelago),2023-03-27,Basic,190.13
4402,Julie Smith,ericford@example.org,Puerto Rico,2021-08-28,Basic,102.51
4403,Edward Floyd,forddennis@example.com,Palestinian Territory,2023-06-22,Premium,9569.43
4404,Joseph Braun,qsandoval@example.net,Sudan,2020-07-24,Standard,415.57
4405,Amy Lewis,greensusan@example.net,Bolivia,2020-12-08,Standard,909.49
4406,Jessica Larson,joseskinner@example.org,Finland,2024-10-20,Standard,174.83
4407,Douglas Rose,,Bermuda,2021-01-06,Basic,294.07
4408,Patricia Roberts,johncervantes@example.com,Portugal,2024-04-11,Standard,1094.6
4409,Jacob Hicks,martinmichael@example.org,Ukraine,2021-11-30,Basic,528.34
4410,Amy Sanchez,rebeccastevens@example.org,Saint Lucia,2020-08-04,Premium,5702.5
4411,Heather James,yphillips@example.net,Greenland,2021-05-19,Standard,1928.79
4412,Charles Davis,jamiejones@example.com,Eritrea,2024-02-12,Premium,13258.73
4413,Austin Vargas,bowmananthony@example.org,Liechtenstein,2027-01-01,Basic,623.42
4414,Omar Banks,brianjohnson@example.org,Christmas Island,2023-02-11,Premium,10599.82
4415,Michael Baker,cmueller@example.net,Yemen,2021-01-16,Standard,2097.15
4416,Paul Velasquez,elizabeth56@example.org,British Virgin Islands,2022-04-25,Basic,530.89
4417,Ashley Jennings,joseph26@example.net,Belize,2021-09-26,Standard,2126.05
4418,Sarah Rivera,samuelschroeder@example.com,Mauritania,2020-01-13,Premium,4301.31
4419,Jennifer Martinez,brian14@example.net,Mozambique,2023-08-02,Premium,2114.32
4420,Mary Ponce,laurenanderson@example.com,Moldova,2022-09-16,Standard,166.77
4421,David Bailey,steelestacy@example.net,Venezuela,2023-08-01,Standard,558.76
4422,Sherri Jackson,rogerssara@example.com,Germany,2020-01-28,Premium,788.44
4423,Jonathan Wade,willisnicole@example.net,Swaziland,2023-02-24,Standard,1721.6
4424,Daniel Green,rhonda52@example.com,Romania,2020-08-29,Standard,1260.79
4425,Katherine Olson,kimberly49@example.com,Estonia,2020-09-13,Standard,2445.21
4426,Danielle Torres,lindsay06@example.org,Hungary,2024-11-26,Standard,525.65
4427,Shelly Bradshaw,bevans@example.org,Saint Vincent and the Grenadines,2021-03-05,Premium,6749.08
4428,Helen Diaz,tylerwheeler@example.net,Guinea,2022-01-31,Premium,5750.69
4429,Sharon Delgado,gsmith@example.org,British Virgin Islands,2021-03-02,Standard,2042.64
4430,Ryan Johnson,micheleking@example.com,Saint Martin,2022-06-24,Premium,9792.9
4431,Jeffrey Davis,nbrown@example.org,Cambodia,2021-11-29,Standard,2144.63
4432,Natalie Harrison,zelliott@example.org,Guyana,2021-10-14,Basic,231.59
4433,Stephanie Garcia,hphillips@example.net,India,2024-01-23,Basic,771.5
4434,Claudia Watson,karagood@example.net,French Southern Territories,2024-03-06,Standard,954.74
4435,Mark Romero,stacie27@example.net,Montserrat,2023-06-22,Standard,2458.93
4436,Michael Sanchez,hartmanvictor@example.com,Montenegro,2023-12-04,Standard,1523.21
4437,Dennis House,cassandra59@example.com,Tajikistan,2024-04-23,Basic,628.95
4438,Jonathon Wilson,uhardy@example.org,Lithuania,2020-06-09,Standard,1281.69
4439,Donna Luna,scottrodriguez@example.org,Bulgaria,2022-08-02,Standard,1917.29
4440,Tara Ramirez,martincarol@example.org,India,2021-01-15,Standard,1367.12
4441,Suzanne Alvarez,murraysamantha@example.com,Russian Federation,2020-07-23,Premium,14763.28
4442,Melvin Good,jessica65@example.net,Haiti,2020-06-08,Standard,809.52
4443,Christopher Gray,kruegertammie@example.com,Albania,2023-06-03,Basic,533.83
4444,Michelle Ballard,benjaminhampton@example.com,Philippines,2022-07-22,Basic,92.07
4445,Laurie Jackson,scottvelazquez@example.com,Liechtenstein,2022-04-28,Premium,9900.19
4446,Mr. Daniel Clark,jay37@example.org,Saint Martin,2023-09-12,Standard,1531.88
4447,Michelle Meyer,cathycarrillo@example.net,Colombia,2023-07-26,Standard,2868.91
4448,Tyler Wilson,tayloraaron@example.com,Saudi Arabia,2022-08-23,Standard,2741.6
4449,David Shannon,stephanie86@example.net,Papua New Guinea,2023-08-16,Standard,1169.38
4450,Valerie House,jay71@example.com,United Kingdom,2020-07-23,Premium,7993.19
4451,David Montes,hunter89@example.net,Congo,2021-04-16,Basic,653.25
4452,Jesse Johnson,brett93@example.org,Lao People's Democratic Republic,2024-08-07,Basic,309.19
4453,Ronald Perez,cherylzhang@example.com,Wallis and Futuna,2020-03-19,Standard,1196.66
4454,Eric Morgan,gabriellechavez@example.com,New Caledonia,2024-06-07,Standard,886.46
4455,Stephanie Johnson,robertmoran@example.org,New Caledonia,2020-09-06,Standard,1132.12
4456,Chris Johnson,kmiller@example.org,Mali,2023-01-19,Standard,1904.98
4457,Nicole Ramirez,johnferrell@example.net,Gibraltar,2020-01-21,Premium,12038.65
4458,Patricia Anderson,charlesmurphy@example.net,United States of America,2022-01-18,Standard,2867.5
4459,Loretta Griffith,danny57@example.net,Antarctica (the territory South of 60 deg S),2020-04-22,Premium,7895.15
4460,Craig Fuentes,bauermichelle@example.net,Finland,2021-05-08,Basic,579.55
4461,Julie Smith,david30@example.org,Kenya,2023-07-14,Standard,2408.13
4462,Kimberly Snyder,zachary75@example.com,Pitcairn Islands,2020-10-16,Standard,1790.62
4463,Tiffany Smith,bailey14@example.com,Aruba,2020-06-10,Standard,2617.87
4464,Ronald Kim,peterhowell@example.net,India,2020-09-30,Basic,341.36
4465,Christopher Patterson,dan14@example.net,Burkina Faso,2022-12-08,Premium,3333.25
4466,Ricky Ellison,kathy50@example.net,Zimbabwe,2020-11-18,Premium,11889.84
4467,Susan Thomas,qmcdowell@example.net,Congo,2020-04-03,Premium,5984.62
4468,Lisa Harris,daniel67@example.com,Antigua and Barbuda,2024-09-05,Standard,328.6
4469,Steven Castro,velliott@example.net,Ukraine,2024-09-06,Basic,523.58
4470,Heather Edwards,christine10@example.com,Oman,2020-07-03,Standard,1175.18
4471,Jessica Davidson,froberts@example.net,Kiribati,2024-06-24,Basic,269.64
4472,Marissa Cole,jay70@example.org,Cayman Islands,2022-02-17,Standard,1450.06
4473,Daniel Bridges,saragreen@example.org,Vietnam,2022-05-24,Standard,1669.3
4474,Adrian Alexander,,Guatemala,2023-03-21,Premium,2881.5
4475,Jordan West,lhartman@example.com,United Arab Emirates,2024-12-22,Standard,1435.78
4476,Leah Sherman,elizabethfry@example.org,Latvia,2022-06-16,Standard,1682.64
4477,Tracey Parsons,thomaspedro@example.com,Colombia,2024-10-30,Standard,545.23
4478,Brittany Wright MD,stephen89@example.com,Solomon Islands,2020-07-21,Standard,1637.71
4479,Holly Thomas,hunter66@example.org,Albania,2024-08-13,Basic,503.23
4480,Rachel Dickerson,sabrina83@example.com,Palau,2021-05-18,Basic,298.2
4481,Melissa Harris,racheladams@example.org,Swaziland,2021-07-27,Standard,2003.54
4482,Gina Lopez,ryan84@example.net,Tuvalu,2021-02-07,Standard,1242.33
4483,Yolanda Wallace,bvelasquez@example.net,Luxembourg,2021-05-28,Basic,647.05
4484,Jessica Johnson,monicajohnson@example.org,Slovenia,2020-10-14,Standard,1352.1
4485,Kevin Blair,sbraun@example.org,Iceland,2023-03-30,Basic,154.72
4486,Angela Chandler,sallen@example.com,Jordan,2024-07-29,Standard,2641.42
4487,Bobby Howard,zzimmerman@example.com,Syrian Arab Republic,2023-03-02,Basic,83.13
4488,Frederick Compton,hpatterson@example.org,French Guiana,2024-01-30,Premium,8209.38
4489,Misty Parker,george85@example.org,Niue,2021-06-04,Standard,1536.9
4490,Brian Gross,nthompson@example.net,Eritrea,2023-04-09,Standard,1231.76
4491,Carolyn Schultz,jamierobinson@example.net,Syrian Arab Republic,2023-01-27,Standard,2132.38
4492,Stephanie Montoya,davidhart@example.org,American Samoa,2024-09-20,Basic,772.7
4493,Rodney Lewis,dorothysmith@example.net,Faroe Islands,2024-12-29,Basic,653.71
4494,Deanna Norman,ychavez@example.com,Barbados,2024-03-26,Premium,11021.67
4495,Ronald Adams,ysantos@example.com,Albania,2023-03-12,Standard,2671.9
4496,Jason Chapman,barbaramcclain@example.com,Poland,2023-03-26,Standard,1878.89
4497,Emily Alexander,yvasquez@example.net,Yemen,2023-09-17,Standard,1789.43
4498,Robert Randolph,yball@example.com,Tokelau,2020-05-17,Standard,398.22
4499,William Williams,brendacollins@example.com,Vanuatu,2021-03-02,Basic,517.34
4500,John Brown,lmoreno@example.net,Macao,2024-09-30,Basic,444.52
4501,Charles Ward DDS,garrettjordan@example.net,Reunion,2022-09-25,Premium,7978.62
4502,Melissa Perry,brookeherrera@example.net,Djibouti,2020-12-27,Standard,1093.34
4503,Jessica Jennings,brownlauren@example.org,Gambia,2023-11-03,Standard,1852.79
4504,Tyler Harris,sanchezlauren@example.org,Equatorial Guinea,2023-05-18,Standard,1547.99
4505,Cory Stephens,zoehoover@example.org,Dominican Republic,2022-10-23,Premium,8123.28
4506,Stephanie Rodriguez,owenwilliam@example.net,Angola,2021-04-06,Standard,1438.92
4507,David Schmidt,alexandra55@example.org,Qatar,2024-07-04,Standard,2693.58
4508,Christian Long,charles36@example.net,Kuwait,2024-04-04,Premium,11509.11
4509,Hannah Zimmerman,loganpineda@example.net,Turkmenistan,2020-09-21,Basic,30.47
4510,Marie Bryant,douglasmark@example.com,Zimbabwe,2021-08-06,Standard,2783.47
4511,Luke Mcpherson,dianeharris@example.net,Rwanda,2020-07-11,Standard,468.36
4512,Heather Mcclure,ebeck@example.com,Palau,2024-12-17,Standard,2088.29
4513,Brenda Blackburn,smckee@example.org,Netherlands Antilles,2024-09-06,Basic,118.82
4514,Lauren Rodriguez,banderson@example.net,Gambia,2022-02-15,Premium,14972.47
4515,Jennifer Rush,phillipmcclure@example.net,Finland,2022-12-26,Premium,14747.83
4516,Joseph Cox,washingtonbrittany@example.org,Jordan,2024-09-01,Standard,517.3
4517,Dr. Larry Downs,hessadam@example.net,Venezuela,2021-10-24,Standard,2697.75
4518,Kathleen Jones,frazierwendy@example.com,Togo,2022-06-17,Standard,2057.96
4519,Megan Martinez,lopezstephanie@example.com,Cayman Islands,2024-08-07,Basic,413.36
4520,Carl Parsons,dana90@example.net,Falkland Islands (Malvinas),2022-03-05,Standard,211.94
4521,Monique Reyes,lisa46@example.net,Cocos (Keeling) Islands,2021-10-19,Premium,12965.87
4522,Brandon Rogers,yrobinson@example.org,Netherlands,2023-01-22,Standard,108.1
4523,Michael Johnson,keithdennis@example.com,Brunei Darussalam,2020-01-23,Basic,414.39
4524,Michael Davis,alexis07@example.com,Germany,2020-10-19,Basic,448.77
4525,Linda Rose,cameron42@example.org,Cambodia,2022-06-22,Basic,22.35
4526,Kendra Lopez,brandon45@example.org,Senegal,2021-09-19,Standard,2256.44
4527,Lindsay Mclaughlin,shellyrobertson@example.net,Northern Mariana Islands,2021-03-14,Basic,515.66
4528,Krystal Moody,taylorjoseph@example.com,Vanuatu,2021-03-19,Standard,1721.53
4529,,mcdonaldcole@example.net,China,2020-03-08,Standard,1811.84
4530,Gary Norris,katherineburns@example.net,Norway,2022-02-26,Standard,2115.61
4531,Jeffrey Cooper,csanders@example.org,Kenya,2024-07-01,Basic,446.02
4532,Travis Morgan,angela14@example.com,Wallis and Futuna,2022-11-11,Standard,1364.63
4533,Terry Sullivan,morganfrances@example.net,Cuba,2020-11-04,Standard,1523.8
4534,Laura Berg,harold02@example.org,Guatemala,2022-02-24,Standard,1411.03
4535,Martin Clark,maria33@example.net,Australia,2023-09-11,Standard,710.07
4536,John Bond,jasonwilkerson@example.net,Bangladesh,2022-03-13,Premium,11010.15
4537,Lindsey Munoz,walkersamantha@example.net,Netherlands Antilles,2024-06-11,Standard,2735.26
4538,William Reed,ashleycobb@example.com,Kyrgyz Republic,2020-08-30,Basic,499.88
4539,Anita Roberts,christopherstevenson@example.com,Wallis and Futuna,2022-12-07,Premium,10055.48
4540,Victoria Johnson,ugates@example.net,Greece,2020-03-30,Standard,1148.39
4541,Amber Love,jake43@example.com,Ethiopia,2022-12-05,Premium,14073.09
4542,Daniel Martin,qchapman@example.org,Cayman Islands,2024-08-25,Premium,12765.96
4543,Veronica Zimmerman,fordedward@example.com,Indonesia,2020-03-28,Basic,735.34
4544,Cynthia Moore,boonewilliam@example.com,Uruguay,2022-11-03,Standard,1984.44
4545,Mary Rodriguez,jacobchristensen@example.org,Armenia,2020-02-20,Standard,564.15
4546,Kevin Lam,ebrewer@example.com,Turks and Caicos Islands,2024-05-17,Standard,2722.12
4547,James Arnold,mendozaangela@example.com,Kyrgyz Republic,2022-06-26,Basic,242.62
4548,Daisy Hill,olittle@example.org,Rwanda,2023-04-23,Standard,2993.66
4549,James Wong,cookkaitlyn@example.net,Cook Islands,2024-09-02,Basic,726.73
4550,John Simpson,teresa18@example.com,Botswana,2023-06-08,Standard,116.2
4551,Sarah Porter,khoward@example.com,United States Minor Outlying Islands,2021-09-10,Premium,10831.72
4552,Erin Jenkins,floyddanielle@example.org,Romania,2022-10-06,Standard,139.84
4553,Patrick Hernandez,hdoyle@example.com,Northern Mariana Islands,2020-10-29,Premium,9946
4554,Adam Moore,,Guinea,2023-10-25,Standard,896.8
4555,Kevin Richardson,shawnanderson@example.com,Indonesia,2021-07-16,Standard,479.61
4556,Don Mitchell,dparker@example.org,Niger,2023-06-12,Basic,659.23
4557,Amber Jones,lmoore@example.net,Cambodia,2022-12-30,Basic,388.38
4558,Manuel Gonzalez,larrywerner@example.org,New Caledonia,2024-05-01,Basic,405.95
4559,Lawrence Wood,moranemily@example.com,Montenegro,2020-09-03,Premium,5507.34
4560,Casey Green,rtrujillo@example.net,Papua New Guinea,2022-01-04,Basic,698.32
4561,Erin Morrison,nryan@example.net,Palestinian Territory,2022-03-06,Basic,322.28
4562,Jonathan Ellis,williamstiffany@example.net,Cape Verde,2021-07-11,Standard,969.76
4563,James Hooper,slawson@example.net,Cyprus,2022-05-09,Standard,2461.23
4564,Michael Smith,jason68@example.org,Turkey,2023-04-14,Basic,131.47
4565,Heather Daniel,matthew25@example.net,Japan,2023-05-10,Premium,2009.56
4566,John Lopez,jcunningham@example.org,Sri Lanka,2021-04-10,Standard,564.53
4567,Brenda West,tonychen@example.com,Saint Barthelemy,2021-11-26,Basic,620.7
4568,Jennifer Fernandez,thomasbrown@example.net,Faroe Islands,2022-01-13,Premium,8353.46
4569,Corey Powers,jonking@example.com,Israel,2020-11-21,Standard,1912.75
4570,Angel Garcia,carol61@example.net,Australia,2020-04-07,Standard,2406.38
4571,Dr. Jennifer Shaw,vtodd@example.net,Qatar,2024-01-02,Standard,810.54
4572,Kaitlin Whitney,josephking@example.com,Tuvalu,2021-12-19,Basic,611.15
4573,David Mcconnell,christopher69@example.net,Gibraltar,2022-07-16,Premium,12326.07
4574,Brandon Contreras,brandon88@example.org,Qatar,2020-02-13,Standard,2432.35
4575,Sheila Stephens,martinezbeth@example.org,Ethiopia,2023-03-14,Basic,71.58
4576,Kevin Ballard,troysnyder@example.org,Norfolk Island,2024-06-10,Premium,2062.5
4577,Kristen Smith,ernestmarsh@example.org,Hungary,2021-04-17,Basic,380.21
4578,Jonathan Richardson,smitheric@example.net,Bolivia,2024-05-13,Premium,6188.91
4579,Daniel Hebert,lisafoster@example.net,Cuba,2021-03-18,Standard,269.89
4580,Doris Smith,christopherwashington@example.org,Ecuador,2022-11-13,Premium,9833.88
4581,Kurt Simmons,austinrodriguez@example.net,Guernsey,2023-05-03,Standard,2059.59
4582,Stephanie Fry,alvaradostephen@example.net,Ghana,2024-09-22,Basic,371.63
4583,Kenneth Norris,lyonshannah@example.net,Mozambique,2022-03-04,Basic,550.81
4584,Nicole Miller,vbennett@example.org,Swaziland,2024-10-21,Basic,45.57
4585,Teresa Horn,jonathanrobinson@example.net,United States of America,2024-09-05,Standard,273.12
4586,Ashley Gentry,justin74@example.com,Niger,2023-05-09,Basic,245.78
4587,John Sims,esmith@example.org,Martinique,2020-02-01,Standard,725.29
4588,Susan Anthony,callahanamy@example.net,Cook Islands,2023-01-29,Basic,30.55
4589,Micheal May,maryjackson@example.com,Papua New Guinea,2023-10-06,Standard,928.99
4590,Allison Callahan,gregorywolfe@example.net,Djibouti,2023-02-03,Basic,426.37
4591,Noah Bell,xcruz@example.org,Palau,2024-06-14,Standard,2090.64
4592,Stacey Davis,garciatanner@example.com,Saint Kitts and Nevis,2021-04-22,Standard,2697.53
4593,Joseph Whitehead,garyhughes@example.net,Anguilla,2024-12-17,Basic,629.05
4594,Peter Morales,rodriguezryan@example.com,South Africa,2020-06-07,Standard,552.68
4595,Kimberly Doyle,whitecody@example.org,Madagascar,2024-08-03,Standard,1136.36
4596,David Jackson,bhall@example.org,Chile,2021-08-24,Basic,165.05
4597,Kenneth Miller,jason04@example.net,American Samoa,2022-09-18,Standard,2328.61
4598,Craig Franklin,kimberly05@example.org,Kiribati,2020-05-17,Premium,12007.6
4599,Francisco Rose,frank46@example.com,Kiribati,2023-09-09,Standard,2810.35
4600,Richard Gordon,fhayes@example.org,Saint Martin,2024-12-26,Standard,1360.46
4601,Matthew Perez,santosphilip@example.net,French Polynesia,2020-09-04,Standard,131.03
4602,Gina Hicks,mark01@example.com,United Kingdom,2020-08-31,Basic,425.21
4603,Christopher Davidson,usanchez@example.org,Mexico,2022-10-25,Basic,214.32
4604,Alexander Bradford,davidward@example.org,Sao Tome and Principe,2024-04-21,Standard,676.93
4605,Ronald Scott,ywoodard@example.net,Antarctica (the territory South of 60 deg S),2021-02-14,Standard,2691.25
4606,Luke Williams,whiteblake@example.com,Bahrain,2022-03-12,Standard,1409.85
4607,John Reeves,melissa71@example.net,Benin,2023-04-15,Basic,370.02
4608,Michael Nelson,sheila79@example.com,United States Minor Outlying Islands,2023-08-13,Standard,1181.58
4609,Jennifer Lee,martinstephanie@example.com,Switzerland,2022-05-14,Premium,11641.81
4610,Oscar Munoz,cynthia81@example.org,Mauritius,2022-03-16,Basic,603.52
4611,Ms. Laura Sloan,sheastacy@example.com,Swaziland,2024-09-01,Basic,214.09
4612,Melissa Porter,amarshall@example.org,Myanmar,2022-02-27,Standard,503.47
4613,Beverly Cunningham,davisbenjamin@example.org,Somalia,2022-09-26,Standard,428.45
4614,Jay Rivera,dberg@example.org,Bulgaria,2020-01-03,Standard,577.5
4615,Mary Peters,jane53@example.com,Korea,2022-09-10,Standard,2471.96
4616,Carla Stevens,marcuslopez@example.org,Bahamas,2023-06-14,Standard,2237.14
4617,Heather Chapman,amandawarren@example.net,Lebanon,2022-08-25,Premium,14917.65
4618,Heather Shaw,tiffanybernard@example.net,New Caledonia,2023-08-14,Standard,2891.53
4619,Cheryl Fuller,jackie02@example.net,United Arab Emirates,2023-07-05,Standard,520.79
4620,Steven Salazar,mwade@example.net,New Caledonia,2021-05-06,Standard,544.56
4621,Elizabeth Cruz,joseph73@example.net,Moldova,2023-12-04,Standard,396.81
4622,Nathan Long,david39@example.org,Micronesia,2024-06-24,Basic,272.12
4623,Jennifer Gibson,kristinamoore@example.org,Grenada,2020-07-30,Standard,1879.01
4624,Sharon Rivas,patty62@example.org,Timor-Leste,2022-08-26,Basic,476.59
4625,Jeff Sanchez,wilsonhayley@example.org,Bermuda,2024-07-25,Premium,8789.55
4626,Michael Scott,gregory63@example.com,Chile,2023-12-07,Standard,2568.03
4627,Kelsey Barnes,jamesstevens@example.com,Falkland Islands (Malvinas),2023-03-21,Basic,687.17
4628,Jack Moran,james42@example.org,Belarus,2020-06-03,Standard,1811.01
4629,Gerald Preston,kelly95@example.com,Norway,2022-09-14,Premium,14677.28
4630,Preston Miller,hayden46@example.org,Madagascar,2021-02-11,Standard,2825.23
4631,Jacob Martin,martinezrenee@example.com,Sao Tome and Principe,2022-05-11,Standard,2743.63
4632,Leroy Barrera DDS,gregory98@example.com,China,2024-03-25,Standard,1208.21
4633,Nicholas Morris,pbrooks@example.net,Sudan,2020-03-14,Standard,630.42
4634,David Smith,hstewart@example.com,Heard Island and McDonald Islands,2021-02-20,Standard,2633.9
4635,Miss Rebecca Robinson,timothy92@example.net,Ukraine,2021-11-22,Standard,2944.72
4636,Gerald Owens,jordansingh@example.org,Anguilla,2024-02-19,Premium,12799.66
4637,Anna King,rebecca37@example.net,Northern Mariana Islands,2022-02-05,Standard,512.62
4638,Veronica Case,jamie01@example.com,Norfolk Island,2023-03-01,Standard,578.06
4639,Jeffery Doyle,bwilson@example.com,Sudan,2023-08-10,Premium,11633.04
4640,Lori Allen,mgentry@example.org,Turkmenistan,2022-05-15,Standard,602.5
4641,Rebecca Flynn,sharper@example.net,Argentina,2022-05-08,Standard,2082.99
4642,Adam Jones,samuel59@example.org,Bosnia and Herzegovina,2024-07-30,Premium,5028.48
4643,Christopher Smith,christopherwilliams@example.com,Senegal,2022-03-29,Standard,1836.03
4644,Thomas Castillo,gmccormick@example.org,Northern Mariana Islands,2024-06-06,Premium,11130.8
4645,Timothy Brown,qoneal@example.net,Reunion,2021-10-30,Standard,1241.3
4646,Elizabeth Watson,wmontgomery@example.com,Niger,2021-12-05,Basic,10.09
4647,Mallory Hanna,frank01@example.com,Belize,2020-12-04,Basic,608.64
4648,Derrick Scott,mayjeffrey@example.com,Chile,2022-09-09,Standard,2909.59
4649,Ryan Lowery,higginsmichael@example.com,Chile,2021-05-18,Standard,352.27
4650,Tammy Morris,stephen57@example.net,Jordan,2024-06-18,Standard,2943.51
4651,Paul Burns,brittanyjohnson@example.com,Luxembourg,2023-03-19,Basic,32.89
4652,John Hoover,peterhamilton@example.com,Georgia,2020-09-30,Basic,599.14
4653,Ariana Wood,catherineblair@example.net,Bosnia and Herzegovina,2020-04-07,Premium,14271.85
4654,Raymond Roth,ashleyhester@example.com,Sri Lanka,2024-07-13,Premium,12462.15
4655,Alexander Anderson,katrina69@example.net,Hungary,2021-02-19,Standard,546.61
4656,Adrian Williamson,michaelrhodes@example.com,Andorra,2021-01-09,Basic,47.17
4657,Erin Miller,pedroalvarado@example.com,Georgia,2022-02-21,Basic,389.78
4658,Donna Garcia,walterdavid@example.com,Guatemala,2022-11-29,Premium,2084.61
4659,Amy Bailey,marcbrooks@example.com,Cayman Islands,2024-12-10,Standard,1745.24
4660,Margaret Ruiz,lgallagher@example.com,Argentina,2022-04-29,Premium,10982.84
4661,Miranda Butler,kiara57@example.org,Libyan Arab Jamahiriya,2021-11-18,Standard,1023.22
4662,Darlene Burnett,jessica25@example.org,Chile,2022-01-26,Basic,532.54
4663,Gary Meyers,robert90@example.org,Palestinian Territory,2020-02-25,Standard,884.24
4664,Frederick Jackson Jr.,ochapman@example.org,Nigeria,2023-06-04,Premium,787.43
4665,Michael Abbott,kmurphy@example.org,Solomon Islands,2020-11-24,Standard,2290.33
4666,Kathleen Gregory,thomaslori@example.net,Maldives,2024-09-23,Standard,683.2
4667,Andrew Smith,katherine59@example.net,Belize,2022-06-12,Basic,475.96
4668,Diane Perry,terry53@example.net,Mayotte,2022-10-30,Standard,465.37
4669,Michael Harris,christinabutler@example.com,Bulgaria,2020-11-06,Basic,765.37
4670,Nicole Johnson,dixondonald@example.com,Somalia,2020-12-16,Standard,1573.23
4671,Dennis Russell,rosetyrone@example.com,Comoros,2021-11-04,Premium,12064.83
4672,Joseph Curtis,wendy33@example.net,Madagascar,2020-12-15,Standard,1464.66
4673,Brian Best,castillolinda@example.com,Australia,2020-02-20,Premium,4813.77
4674,Christina Clayton PhD,bruceochoa@example.com,Finland,2023-03-12,Standard,267.92
4675,Matthew Wright,mccoysamantha@example.org,Cyprus,2024-05-11,Standard,2921.81
4676,Juan Williams,gabriellejones@example.net,Dominican Republic,2020-10-28,Premium,9542.03
4677,Karla Bray,djimenez@example.com,Korea,2020-05-01,Premium,812.03
4678,Jason Hubbard,wbennett@example.com,French Southern Territories,2024-02-27,Premium,11599.21
4679,Stephen Clark,austinlinda@example.net,El Salvador,2024-08-16,Premium,10146.96
4680,Raymond Bowen,wintersdonald@example.net,Costa Rica,2022-06-05,Basic,286.56
4681,Jacqueline Young,medinajessica@example.org,Congo,2021-06-19,Basic,28.5
4682,Chelsea Shah,harriserika@example.org,Georgia,2023-02-08,Premium,1161.04
4683,Kelly Rogers,marshalldouglas@example.com,Andorra,2021-12-25,Basic,99.57
4684,Robert Henderson,talexander@example.org,Ghana,2023-12-30,Basic,11.19
4685,Barbara Summers,lisa76@example.org,Botswana,2020-01-23,Basic,212.43
4686,Sue Fisher,anna34@example.net,Burkina Faso,2024-07-25,Standard,1788.91
4687,Shawn Snow,lwright@example.net,Finland,2022-08-12,Standard,2263.13
4688,Keith Bryan,michaelestrada@example.org,Denmark,2024-03-12,Standard,235.22
4689,Patricia Ward,shawntate@example.org,Holy See (Vatican City State),2024-08-12,Basic,433.44
4690,Kimberly Schmidt,vargaspamela@example.net,Namibia,2022-10-21,Basic,280.06
4691,Elizabeth Morrison,cruzjessica@example.net,Myanmar,2022-04-08,Standard,2895.62
4692,Michael Silva,mary64@example.com,Jersey,2023-10-08,Standard,526.84
4693,Frank Allen,johnsoncharles@example.com,Chile,2023-05-20,Basic,587.79
4694,Christopher Liu,xsimpson@example.com,Equatorial Guinea,2020-09-22,Basic,363.53
4695,Adam Jones MD,wgeorge@example.org,British Virgin Islands,2024-12-31,Standard,509.13
4696,Elizabeth Hayes,goodmanchristina@example.org,Jamaica,2023-12-23,Standard,215.59
4697,Peter Benton DVM,rebeccawolfe@example.org,South Georgia and the South Sandwich Islands,2021-04-05,Standard,2984.66
4698,Mary Murray,pooletyler@example.com,Reunion,2023-06-29,Standard,374.91
4699,Amanda Wright,qdavis@example.com,American Samoa,2024-06-02,Standard,1217.34
4700,Laurie Anderson,cruzjoseph@example.com,Gibraltar,2024-04-28,Basic,13.43
4701,Katherine Roberts,jenniferdawson@example.net,Tunisia,2020-04-17,Basic,223.08
4702,Calvin Hoffman,gburns@example.com,Uruguay,2022-07-20,Standard,2110.87
4703,Henry Williams,gmeyer@example.org,Guatemala,2020-09-23,Standard,1496.93
4704,John Schwartz,mary61@example.com,Israel,2021-06-09,Standard,681.64
4705,Lauren Turner,knightrobert@example.net,Dominican Republic,2022-10-14,Premium,13918.76
4706,Jason Smith,lee61@example.org,Cyprus,2024-02-21,Standard,1269.67
4707,Geoffrey Joyce,davidescobar@example.org,Malawi,2023-07-15,Premium,14748.91
4708,James Powell,christopherthomas@example.net,Japan,2022-03-31,Standard,512.13
4709,Joanne Stevenson,angela69@example.com,Micronesia,2020-05-10,Premium,8725.54
4710,John Molina,fstevenson@example.net,Jamaica,2024-01-17,Standard,2654.13
4711,Amy Martin,greenjamie@example.net,Turkey,2022-03-30,Basic,236.93
4712,Catherine Gill,hendersondean@example.org,Wallis and Futuna,2021-06-18,Standard,1044.88
4713,John Sullivan,rodriguezpeter@example.org,Sao Tome and Principe,2023-05-16,Standard,592.69
4714,Laura Shaw,rsanchez@example.net,Andorra,2020-01-31,Basic,795.67
4715,Heidi Reed,jamesgutierrez@example.com,Israel,2023-12-10,Standard,157.76
4716,Martin Gomez,gabriel98@example.com,South Georgia and the South Sandwich Islands,2021-03-30,Premium,4538.83
4717,Robert Hobbs,robinsonjulie@example.com,Costa Rica,2022-07-05,Standard,1688.58
4718,Paul Parker,jennatorres@example.net,Hong Kong,2022-01-16,Standard,298.84
4719,Riley Anderson,kristincombs@example.org,Brazil,2024-09-21,Standard,2493.95
4720,Melissa Hernandez,maryfernandez@example.net,Tajikistan,2023-12-15,Premium,3590.83
4721,Roger Padilla,william62@example.net,Bangladesh,2020-01-02,Standard,1148.14
4722,Christina Banks,mckinneyclifford@example.org,Macao,2023-12-29,Standard,1327.02
4723,Julie Pope,pachecojason@example.com,Jamaica,2023-03-10,Standard,2686.52
4724,Darryl Curtis,timothy81@example.net,Egypt,2024-09-06,Standard,1187.82
4725,Trevor Nguyen,matthew33@example.net,Liechtenstein,2024-08-06,Premium,4654.59
4726,Michelle Contreras,vanessa03@example.com,Guyana,2022-06-10,Standard,1594.76
4727,Mark Gonzalez,kellereric@example.com,Saint Vincent and the Grenadines,2022-10-20,Basic,74.13
4728,Ryan West,robert19@example.net,Guam,2023-05-30,Standard,2767.54
4729,Robert Bowers,brianpowell@example.com,Moldova,2020-08-20,Standard,380.58
4730,Richard Martinez,srivera@example.net,French Guiana,2023-08-06,Standard,2620.07
4731,Lindsey Mason,laurengreene@example.net,Dominica,2020-07-17,Standard,1008.07
4732,Stephanie Blankenship,murphyjoshua@example.com,Kenya,2023-09-20,Basic,417.15
4733,Derrick Davis MD,russellmichael@example.com,Taiwan,2022-07-14,Standard,2907.56
4734,Jordan Carney,jacquelineballard@example.com,Botswana,2024-04-20,Standard,915.12
4735,Mary Douglas,prestonsusan@example.net,Gambia,2021-03-16,Basic,688.2
4736,Deborah Osborne,emilygarner@example.com,Saint Vincent and the Grenadines,2023-04-03,Basic,790.53
4737,Judith Bass,eboyer@example.net,Turkmenistan,2024-10-17,Standard,1560.5
4738,Joshua Richard,colleen00@example.net,Ukraine,2020-05-09,Premium,13168.15
4739,Ann Richardson,jennifer78@example.org,Cambodia,2022-12-01,Premium,6839.91
4740,Kristy Curtis,susan93@example.com,Sri Lanka,2020-01-06,Standard,1794.18
4741,Bruce Deleon,mooresteve@example.com,Hungary,2024-07-23,Standard,2225.04
4742,Reginald Powers,hjohnson@example.com,Martinique,2022-08-19,Standard,290.01
4743,Timothy Taylor,anthonyhodge@example.org,Vanuatu,2022-08-31,Basic,226.54
4744,Cindy Case,hardingeric@example.net,Niger,2023-12-05,Standard,2490.27
4745,Samuel Patterson,scottblackburn@example.org,Oman,2022-12-02,Premium,1122.32
4746,Edward Wright,valeriebennett@example.com,Liberia,2022-02-05,Premium,14476.76
4747,Martin Riley,baileydonna@example.com,Liechtenstein,2023-01-02,VIP,1108.67
4748,Sara Bradford,cburns@example.com,Eritrea,2023-11-27,Standard,883.08
4749,Jerry Burke,longjessica@example.org,Nauru,2021-02-11,Basic,789.84
4750,Wendy Nelson,pshannon@example.net,Lithuania,2022-12-12,Premium,4707.42
4751,Daisy Guerrero,zachary86@example.net,British Virgin Islands,2020-10-30,Premium,5290.61
4752,Christopher Lewis,taylorbrittany@example.org,Jamaica,2024-09-28,Standard,2141.88
4753,Jennifer Stewart,dwaters@example.net,Antigua and Barbuda,2022-05-20,Standard,346.65
4754,Kelli Torres,chanpaul@example.com,New Caledonia,2021-11-28,Standard,2814.95
4755,Patricia Smith,jonesbethany@example.org,Tuvalu,2021-01-12,Basic,755.75
4756,Joanne Stone,jessica43@example.com,Sao Tome and Principe,2020-10-26,Standard,399.59
4757,Samantha Fields,spencerjoshua@example.org,Botswana,2024-03-12,Standard,2770.68
4758,Emily Johnston,harrisalexander@example.com,Brunei Darussalam,2021-05-02,Basic,526.83
4759,Kimberly King,michaeljones@example.org,United Kingdom,2020-05-14,Premium,9085.35
4760,Amanda Campos,michelle09@example.com,Chad,2020-12-12,Basic,144.31
4761,Diane Petersen,annette99@example.net,Swaziland,2024-06-15,Standard,244.5
4762,Monica Perez,johndaniels@example.com,Philippines,2024-05-16,Standard,1636.36
4763,John Phelps,chaneypaul@example.org,Tajikistan,2020-07-30,Basic,556.02
4764,Laura Flores,shannonkimberly@example.com,Andorra,2020-04-25,Standard,2813.81
4765,Kristy Meyers,ipierce@example.com,France,2020-09-17,Standard,1178.01
4766,Michael Lee,dixonrick@example.org,Portugal,2024-02-27,Standard,787.02
4767,Mary Schultz,lthornton@example.com,Sao Tome and Principe,2023-08-05,Standard,2633.51
4768,Jordan Rich,tmartinez@example.net,Belgium,2020-08-09,Standard,335.22
4769,Autumn Walker,jonesterry@example.com,Azerbaijan,2022-12-26,Standard,1165.08
4770,Ronald Sullivan,lsnyder@example.org,Romania,2023-02-22,Basic,796.62
4771,Robin Hansen,kathrynbaxter@example.org,Uruguay,2020-01-07,Standard,1691.49
4772,Wayne Ritter,linda40@example.com,Macao,2022-07-18,Standard,2761.88
4773,Susan Allen,clarkalexander@example.com,Liechtenstein,2022-04-14,Premium,8962.73
4774,Ashley Wiggins,josephharper@example.net,Vanuatu,2024-11-06,Standard,2408.93
4775,Franklin Christensen,zbrown@example.com,Morocco,2020-01-17,Premium,6697.31
4776,Karen Green,cody45@example.org,Korea,2023-03-05,Premium,1331.07
4777,Christopher Ramos,teresa48@example.net,Cameroon,2023-11-01,Standard,2130.76
4778,Mrs. Michelle Pena,mannlisa@example.com,Yemen,2023-08-04,Premium,2192.18
4779,Timothy Fuentes,jill73@example.org,Mayotte,2023-10-29,Standard,2223.17
4780,Angela Stevens,jill70@example.net,Heard Island and McDonald Islands,2021-02-24,Standard,534.16
4781,Jason Glenn,walleramy@example.net,Saint Pierre and Miquelon,2022-09-30,Standard,2182.13
4782,Barry Aguilar,ryan02@example.com,Ghana,2023-06-16,Basic,282.68
4783,Jessica Wright,julie56@example.org,Portugal,2021-02-12,Basic,298.43
4784,Daniel Fernandez,johnhanson@example.com,Burundi,2021-04-16,Standard,1141.67
4785,Frank Brown,stewartnicole@example.com,Saint Helena,2022-08-18,Basic,595.08
4786,Joseph Cisneros,richardnichols@example.org,Swaziland,2023-01-14,Basic,689.4
4787,Regina Ali,stevengray@example.net,Malta,2024-08-10,Standard,2207
4788,Jean Martin,dcarpenter@example.net,El Salvador,2020-02-24,Basic,251.35
4789,Dr. Christopher Mcclain,cynthiajohnson@example.net,Moldova,2020-04-07,Premium,1597.9
4790,Wyatt Harrison,sgoodwin@example.org,Isle of Man,2024-03-12,Standard,1698.41
4791,Laura Parrish,hoganeric@example.net,Montserrat,2020-11-10,Standard,1046.88
4792,Ann Bauer,sarahmiles@example.org,Malawi,2022-09-29,Premium,14569.45
4793,April Crosby,plopez@example.net,Mozambique,2022-04-10,Standard,495.55
4794,Nicholas Pruitt,joshua54@example.org,Tajikistan,2020-07-14,Basic,515.41
4795,Carly Ryan,christophercannon@example.org,Tuvalu,2021-01-05,Standard,866.95
4796,James Johnson,williamjordan@example.org,Greece,2022-07-28,Premium,4911.94
4797,Shelby Smith,wriley@example.net,Zambia,2023-01-26,Premium,13082.58
4798,Jeremy Simmons,fpena@example.org,Cameroon,2020-10-13,Standard,1751.6
4799,Rebecca Brown,ithompson@example.com,United States of America,2022-07-22,Basic,314.74
4800,Jasmin Horne,kennethhughes@example.net,Pitcairn Islands,2021-03-23,Basic,725.35
4801,Shelley Medina,andrewjackson@example.com,Mayotte,2020-03-26,Standard,300.41
4802,Joseph Moody,randall36@example.org,Belarus,2024-06-08,Standard,1996.89
4803,David Christian,paul17@example.org,Samoa,2022-09-24,Premium,3557.81
4804,Steven Palmer,youngjared@example.com,Georgia,2020-10-06,Standard,2606.2
4805,Kaylee Patrick,fcampbell@example.net,Bermuda,2021-04-11,Basic,66.15
4806,Zachary King,michelefrazier@example.org,Western Sahara,2024-06-23,Basic,699.14
4807,Micheal Norris,not-an-email,Jersey,2024-01-17,Standard,2349.56
4808,Paul Thomas,michael54@example.org,French Guiana,2023-08-23,Standard,2396.26
4809,Kim Rivera,khernandez@example.com,Belarus,2022-10-16,Standard,2846.03
4810,Ashley Smith,alison10@example.com,Saint Martin,2022-07-15,Standard,681.04
4811,Mrs. Amanda Keller,whitepedro@example.org,French Polynesia,2022-01-17,Standard,1023.8
4812,Alan Garcia,cheyenne53@example.net,Switzerland,2022-07-11,Standard,2485.05
4813,Ashley Carson,ivance@example.com,Fiji,2024-09-29,Standard,1357.67
4814,Alexander Price,sgardner@example.com,Latvia,2020-05-31,Basic,618.78
4815,Connie Carey,jordanbrian@example.org,United States Minor Outlying Islands,2021-09-19,Standard,797.38
4816,Brittany Lewis,michaelnewton@example.org,Kuwait,2021-07-24,Premium,4306.96
4817,Barry Buckley,navila@example.net,Holy See (Vatican City State),2020-04-20,Standard,931.67
4818,David Hopkins,danielle06@example.com,Kenya,2023-07-27,Standard,1267.78
4819,Joshua Young,dianeparsons@example.com,Serbia,2020-02-10,Standard,2828.2
4820,Jesse Hodges,jonathan12@example.net,Uruguay,2022-09-23,Standard,2403.61
4821,Kristen Martin,erichoover@example.org,Madagascar,2021-12-14,Basic,706.47
4822,Stephanie Jones,brandonwillis@example.net,Guinea,2020-12-04,Standard,2549.83
4823,Ryan Salas,not-an-email,New Caledonia,2023-04-30,Standard,1599.03
4824,Geoffrey Williams,katherine73@example.net,Burkina Faso,2023-09-23,Basic,55.85
4825,Thomas Brown,john32@example.com,Aruba,2023-07-01,Standard,1603.19
4826,Caroline King,ycervantes@example.org,Monaco,2023-07-23,Standard,998.35
4827,Tyler Phillips,timothylong@example.com,Cote d'Ivoire,2020-04-30,Premium,3850.21
4828,Leslie Moore,jo03@example.org,Anguilla,2020-01-19,Standard,1856.5
4829,Margaret Nicholson,angela32@example.net,Pakistan,2022-02-08,Basic,524.33
4830,Francisco Smith,molinajoseph@example.net,Malawi,2020-07-24,Basic,655.74
4831,Mary Cook,huffdavid@example.org,United States Minor Outlying Islands,2023-10-16,Standard,337.76
4832,John Garcia,webbkeith@example.com,Montserrat,2021-08-04,Standard,505.13
4833,Laura Holt,qmartinez@example.net,Algeria,2020-12-01,Standard,2458.96
4834,Michael Kelly,rose86@example.com,Peru,2021-10-15,Basic,507.42
4835,Nicole Mendoza,carol66@example.org,Kenya,2020-11-16,Standard,2983.84
4836,James Blair,melissa74@example.org,Cameroon,2024-05-04,Basic,162.05
4837,Brian Smith,nblack@example.net,Northern Mariana Islands,2020-12-25,Premium,7264.49
4838,Ryan Anderson,adam39@example.org,Singapore,2023-06-23,Premium,7655.43
4839,James Taylor,timothy75@example.org,Portugal,2022-05-25,Premium,5466.43
4840,Jennifer Roberts,robinsonjoy@example.com,Congo,2021-08-17,Premium,10306.09
4841,Joseph Stevens,joseholland@example.org,Egypt,2023-02-03,Basic,254.8
4842,John Tanner,chelseasuarez@example.net,Denmark,2023-02-08,Standard,443.88
4843,Connie Clark,john52@example.net,Qatar,2020-12-05,Standard,2244.25
4844,Jennifer Boyd,jacob98@example.com,Turkmenistan,2022-11-22,Standard,1720
4845,Michael Johnson,kinglisa@example.com,Syrian Arab Republic,2020-07-10,Standard,918.71
4846,Jordan Murphy,pharris@example.com,Togo,2020-01-07,Standard,2357.88
4847,Donald Chapman,johnstonrobert@example.net,Bangladesh,2021-11-01,Premium,650.95
4848,Holly Conner,bailey73@example.net,Hungary,2023-09-18,Standard,1463.86
4849,Timothy Alvarado,andrew73@example.com,Mauritius,2022-05-26,Premium,9958.08
4850,Monica Davis,stonejulie@example.com,Sudan,2022-03-09,Basic,99.98
4851,Michael Burch,ruben43@example.org,Lebanon,2022-04-30,Standard,2846.06
4852,Susan Trujillo,zstanley@example.org,Philippines,2023-02-09,Basic,297.4
4853,Tiffany Johnston,hugheswilliam@example.org,Djibouti,2024-09-21,Basic,22.62
4854,Eric Jones,bakermichele@example.com,Moldova,2021-09-08,Premium,1332.23
4855,Jennifer Fitzpatrick,everettpaul@example.com,Puerto Rico,2022-02-02,Premium,14644.78
4856,Ronnie Tran,marymatthews@example.org,Chad,2024-08-28,Basic,4.51
4857,Norma Hanson,rhonda24@example.net,Zimbabwe,2020-01-29,Standard,604.48
4858,Amy Suarez,littlekelly@example.net,Qatar,2024-07-03,Standard,1727.94
4859,Zachary Osborne,james30@example.net,South Africa,2023-03-06,Premium,5706.35
4860,Jesus Butler,morenomiguel@example.com,Lithuania,2023-05-23,Standard,1634.07
4861,Roberto Graham,jonathan14@example.net,Gambia,2024-12-08,Standard,662.39
4862,Anthony Navarro,muellermike@example.org,Canada,2023-02-20,Basic,795.41
4863,Scott Martinez,xedwards@example.org,Kenya,2020-06-09,Standard,129.98
4864,Lisa Moore,kwarren@example.org,Saint Martin,2021-01-07,Basic,755.43
4865,Mary Rivera,eric34@example.com,Namibia,2020-02-05,Standard,1256
4866,,paulabrooks@example.net,Uruguay,2022-02-23,Premium,4497.23
4867,Melissa Burnett,uwelch@example.com,Kiribati,2023-10-21,Standard,867.25
4868,Holly Valenzuela,shuff@example.net,Saint Lucia,2020-02-17,Standard,1240.57
4869,Michael Browning,francomarcus@example.net,Samoa,2020-03-04,Standard,1427.17
4870,Heather Klein,flynnheather@example.com,Kuwait,2022-08-08,Standard,2649.21
4871,Fred Espinoza,tatedaniel@example.com,Vanuatu,2024-04-16,Standard,1019.75
4872,Alejandro Brown,michaelfinley@example.org,Aruba,2024-07-22,Standard,2882.71
4873,Curtis Garcia,dbradford@example.com,Cameroon,2022-04-01,Standard,2790.14
4874,Dr. Jeffrey Ewing,tjohnston@example.net,Portugal,2024-04-29,Standard,2148.36
4875,Jeffrey Lewis,albert42@example.net,Kuwait,2024-01-03,Standard,666.16
4876,Nathan Rangel,jason81@example.com,United States of America,2020-12-28,Standard,2735.09
4877,Julia Taylor,melaniegonzales@example.org,Saint Pierre and Miquelon,2020-01-07,Standard,2682.36
4878,David Jones,autumnflores@example.com,Italy,2022-07-15,Standard,2189.59
4879,John Rogers,mckenziepatrick@example.com,Uganda,2020-08-01,Standard,1215.8
4880,Veronica Williams,floreslaura@example.com,Antigua and Barbuda,2021-01-23,Standard,2906.69
4881,Cathy Kent,jonathanmiles@example.com,Czech Republic,2024-10-29,Premium,10861.47
4882,Chad Mcguire,ochoajennifer@example.com,Kazakhstan,2020-02-05,Standard,2938.46
4883,Wayne Mitchell,nguyenjill@example.org,Fiji,2023-08-08,Standard,888.78
4884,Wesley Wilson,rlevine@example.org,Grenada,2020-07-09,Standard,1686.34
4885,Christopher Burch,dmcintyre@example.net,Papua New Guinea,2020-12-01,Basic,405.21
4886,Julian Jones,mckayshawn@example.org,Brazil,2024-03-21,Basic,47.68
4887,Reginald Wallace,vphillips@example.com,Burkina Faso,2021-05-10,Premium,5951.18
4888,Ethan Johnson,haneymichael@example.com,Luxembourg,2020-08-20,Standard,1035.37
4889,Victor Moore,barry68@example.com,Tuvalu,2022-09-22,Standard,2536.37
4890,Donna Martinez,matthewnunez@example.net,Taiwan,2021-02-05,Basic,21.51
4891,Melissa Lawrence,sarahstewart@example.com,Nepal,2021-08-22,Standard,2772.87
4892,James Edwards,johnsondeborah@example.com,Papua New Guinea,2024-02-24,Standard,1927.32
4893,Jacob Olson,xneal@example.org,Tonga,2022-05-17,Standard,532.15
4894,Karen Meyer,jeffery27@example.org,Ethiopia,2023-02-16,Standard,1748.12
4895,Danielle Parrish,caldwellclaudia@example.com,Jamaica,2021-04-21,Standard,764.24
4896,Ashley Hurley,zhines@example.com,Pitcairn Islands,2021-11-16,Standard,1791.66
4897,Francisco Mays,pcarrillo@example.org,Sudan,2020-07-01,Standard,901.6
4898,Ryan Gibbs,rwilliams@example.net,Bhutan,2020-01-03,Standard,2002.52
4899,Mrs. Debra Vazquez,brandiramos@example.net,Moldova,2022-05-28,Basic,116.51
4900,Amanda Larsen,john48@example.net,Serbia,2022-04-11,Basic,1.05
4901,Maria Cardenas,pachecopatricia@example.net,Bouvet Island (Bouvetoya),2022-06-01,Standard,1692.27
4902,Dr. David Luna,morrisamber@example.net,New Caledonia,2021-05-09,Standard,1650.18
4903,Erin Pena,paynejoseph@example.org,Cuba,2021-02-18,Premium,9398.61
4904,Ryan Morgan,tranjoyce@example.net,Saint Helena,2020-08-27,Basic,799.14
4905,Gina Pollard,matthewmay@example.net,Swaziland,2024-07-09,Basic,422.11
4906,Rita Garza,walterssuzanne@example.org,Bangladesh,2022-12-04,Standard,1905.64
4907,Michael Carroll,ijohnson@example.net,Belarus,2024-07-26,Basic,756.8
4908,Tyler Roberts,bestes@example.com,Cambodia,2024-05-26,Premium,1094.99
4909,Brittany Jennings,ashlee36@example.org,Austria,2022-01-06,Standard,435.72
4910,Robert Howell,brenda59@example.org,Tanzania,2021-01-09,Standard,2339.83
4911,Aaron Lane,sanchezchristian@example.com,Samoa,2020-07-21,Premium,13588.21
4912,Jason Mcdaniel,hbaldwin@example.com,India,2020-03-24,Standard,159.61
4913,Samuel Ellison,clarkjustin@example.net,Nigeria,2024-08-17,Standard,899.17
4914,Anthony Young,groberts@example.com,Faroe Islands,2023-01-05,Basic,376.45
4915,Joseph Thomas,james22@example.org,Angola,2021-01-26,Standard,2271.79
4916,Charles Nelson,gcruz@example.org,Isle of Man,2022-03-18,Basic,397.31
4917,Daniel Delacruz,lisa57@example.com,Gibraltar,2023-12-09,Basic,584.22
4918,Barbara Reese,melissa39@example.org,Georgia,2022-02-08,Standard,2784.84
4919,Amanda Robinson,cynthia42@example.net,Northern Mariana Islands,2020-07-11,Basic,589.37
4920,Joseph Cunningham,lawrencealexis@example.net,Hungary,2023-12-21,Standard,1514.39
4921,Louis Thompson,dpatrick@example.com,Portugal,2024-10-21,Standard,1510.31
4922,David Ryan,draketheodore@example.org,United Kingdom,2024-07-02,Premium,13989.14
4923,Joseph Austin,tammy78@example.net,Slovakia (Slovak Republic),2021-08-28,Standard,535.75
4924,Candace Hayden,patriciasmith@example.com,Luxembourg,2024-01-06,Basic,37.59
4925,William Fisher,michael02@example.net,Hungary,2020-09-22,Standard,2088.93
4926,Laura Adams,kimberlyestrada@example.com,Bhutan,2023-09-15,Standard,1846.06
4927,Sara Campbell MD,johnsonjay@example.org,Saint Pierre and Miquelon,2023-09-23,Standard,1681.67
4928,Samantha Reynolds,kburch@example.net,Australia,2024-11-18,Standard,1108.91
4929,Jennifer Tucker,thomas20@example.net,Vanuatu,2023-03-14,Basic,22.73
4930,Matthew Brown,arnoldwilliam@example.org,Saint Vincent and the Grenadines,2022-10-29,Standard,1779.87
4931,Justin Long,daysergio@example.net,Lebanon,2022-11-14,Basic,3.46
4932,Nicole Newman,michelleburgess@example.com,Cambodia,2024-07-06,Standard,2551.38
4933,Daniel Perez,dennisanderson@example.com,Lesotho,2024-05-14,Basic,84.88
4934,Christopher Bryant,sean50@example.org,Botswana,2024-01-05,Standard,2555.81
4935,Kelly Wiley,christopherwalls@example.com,Malta,2021-09-14,Standard,1524.03
4936,Zachary Perez,olopez@example.net,Sweden,2023-10-26,Premium,4055.6
4937,Ralph Burns,gregory04@example.com,Greenland,2020-02-25,Standard,1875.6
4938,Lori Wilkerson,miguelshaw@example.net,Georgia,2021-06-10,Basic,197.04
4939,John Gilmore,feliciathompson@example.com,Dominican Republic,2022-12-09,Standard,2799.43
4940,Mark Hernandez,lance16@example.net,Papua New Guinea,2021-08-17,Premium,11075.26
4941,Kara Clements,creese@example.net,Korea,2024-11-04,Basic,764.75
4942,Rebecca Meyer,,Niger,2023-09-06,Premium,584.01
4943,Penny Murphy,janetbrown@example.net,Monaco,2023-02-07,Standard,2008.12
4944,Jeffrey Hall,susan01@example.net,Fiji,2021-03-22,Basic,350.62
4945,Johnny Duncan,richardgonzalez@example.net,Hong Kong,2020-04-11,Standard,2365.58
4946,Heather Cannon,kshelton@example.org,Russian Federation,2020-07-25,Basic,37.66
4947,Mark Hernandez,andrewpierce@example.net,British Virgin Islands,2023-09-26,Standard,1731.15
4948,Alvin Newton,williamrussell@example.com,Nepal,2022-09-20,Basic,508.77
4949,Clarence Miller,vmorris@example.org,El Salvador,2024-09-27,Standard,168.44
4950,Pamela Juarez,ogriffin@example.net,Slovenia,2021-07-30,Standard,2678.05
4951,Regina Beck,smithjoseph@example.com,Malaysia,2020-05-16,Standard,1497.77
4952,Stephanie Nelson,timothynunez@example.net,French Polynesia,2024-08-24,Basic,16.51
4953,Michelle Lawrence,thenderson@example.net,Brunei Darussalam,2021-09-30,Standard,1016.2
4954,Rose Gonzalez,dodsonmichael@example.com,British Virgin Islands,2022-11-27,Basic,145.99
4955,Brittney Rivera,,Costa Rica,2023-08-25,Standard,619.84
4956,Cynthia Hall,rford@example.com,Pitcairn Islands,2020-11-04,Standard,1059.44
4957,Mr. David Bowen,paulwhitaker@example.com,Martinique,2024-12-25,Basic,669.14
4958,Erica Clark,smithjeanne@example.net,Kazakhstan,2021-05-27,Standard,1536.41
4959,Dawn Ruiz,rjones@example.net,Cocos (Keeling) Islands,2021-10-08,Standard,522.92
4960,Amanda Kramer,bentleyvickie@example.net,Argentina,2022-02-20,Basic,700.71
4961,Mr. James Clay,fmunoz@example.net,Faroe Islands,2024-11-23,Premium,3973.2
4962,Riley Hurst,stevenskaren@example.org,French Guiana,2020-04-10,Premium,9511.35
4963,Isabella Henderson,kimberlymoss@example.org,Cape Verde,2024-05-24,Standard,2423.35
4964,Craig Conrad,jennifer55@example.net,Kiribati,2023-07-07,Standard,1289.84
4965,Stacy Burns,stanleygregory@example.net,Czech Republic,2021-09-07,Standard,936.8
4966,Elizabeth Murray,uadams@example.com,San Marino,2021-09-25,Premium,8737.37
4967,Teresa White,dianasantiago@example.org,Botswana,2021-05-08,Standard,1051.47
4968,Jennifer Valencia,scook@example.com,Equatorial Guinea,2021-09-28,Standard,148.98
4969,Sean Johnson,bryce95@example.com,Tuvalu,2023-10-29,Premium,1378.62
4970,Claudia Smith DDS,peterdawson@example.org,Somalia,2024-09-28,Standard,885.53
4971,Heather Jones MD,vdixon@example.net,Tanzania,2021-08-09,Standard,2232.51
4972,Shelby Combs,davisjoyce@example.com,Serbia,2024-08-10,Premium,8883.03
4973,Nicole Russo,qgoodman@example.net,Egypt,2024-07-31,Standard,381.47
4974,Holly Moore,kathylarson@example.net,San Marino,2023-04-22,Basic,646.92
4975,Jessica Harrison,cookkenneth@example.net,Myanmar,2021-10-28,Standard,2873.02
4976,Amanda Davis,heathermora@example.com,New Caledonia,2021-04-01,Standard,770.99
4977,Tara Nguyen,terrieverett@example.org,Australia,2023-12-28,Standard,1681.44
4978,Laura Robinson,lewisdavid@example.net,Montserrat,2023-02-16,Standard,515
4979,Robert Fisher,calebhamilton@example.net,Tanzania,2023-01-06,Basic,625.03
4980,Angela Porter,steelejudy@example.org,Malta,2021-10-25,Basic,170.07
4981,Michael Lucas,bowenmichael@example.com,Sao Tome and Principe,2024-10-20,Basic,236.39
4982,Jeffrey Huerta,matthew92@example.org,Cyprus,2024-10-25,Standard,1917.49
4983,Heidi Anderson,angela06@example.org,Albania,2023-01-20,Standard,1465.26
4984,Brittany Hernandez,charlenewalker@example.org,Guinea-Bissau,2023-02-04,Premium,10002.73
4985,Kimberly Gonzales,ugarcia@example.org,Guernsey,2023-12-24,Standard,1895.11
4986,Linda Ortiz,aharding@example.net,Papua New Guinea,2023-09-20,Standard,1723.98
4987,Omar Adams,erica50@example.com,Poland,2022-08-25,Standard,1265.67
4988,Joseph Garcia,leblancdavid@example.net,Yemen,2023-01-13,Premium,1527.66
4989,Michael Fox,michaeltimothy@example.com,Saint Vincent and the Grenadines,2024-01-27,Basic,485.36
4990,Timothy Bell,burgessmatthew@example.org,Pakistan,2020-10-18,Premium,13944.02
4991,Joseph Rodriguez,ftucker@example.com,El Salvador,2021-06-21,Premium,8388.51
4992,Mr. Daniel Schmidt DDS,ybennett@example.net,French Polynesia,2020-02-17,Basic,201.65
4993,Gary Boyle,kevinwallace@example.com,Samoa,2024-07-28,Basic,599.73
4994,Valerie Gonzalez,jray@example.org,South Africa,2022-10-23,Standard,2232.81
4995,Melissa Gillespie,waynejensen@example.org,Guatemala,2024-10-26,Standard,2358.88
4996,Daniel Roberts,tamara19@example.com,Algeria,2023-08-17,Standard,310.57
4997,Mark King,karenjohnson@example.com,Tonga,2022-03-22,Premium,4295.79
4998,Kristy Martin,nelsonstefanie@example.com,Korea,2022-07-19,Standard,2771.68
4999,Wesley Gray,beverly98@example.org,Kazakhstan,2021-06-16,Standard,411.88
5000,Kari Le,ngraham@example.net,Kazakhstan,2023-12-01,Standard,805.41
5001,Kelsey Warren,william95@example.net,Tunisia,2024-03-17,Standard,2892.44
5002,Bruce Wilson,susan49@example.com,Bahrain,2022-04-11,Standard,418.05
5003,Dana Cunningham,matthewking@example.com,Liberia,2024-08-08,Basic,273.03
5004,Jeffrey Moore,jeffreyhill@example.com,Kenya,2022-11-03,Premium,9871.93
5005,Steven Jones,reillykatelyn@example.net,Latvia,2021-04-15,Premium,3988.58
5006,Johnathan Harrell,davidlopez@example.net,Armenia,2023-03-31,Standard,2378.85
5007,Alyssa Brown,floresmichael@example.org,Kazakhstan,2023-09-05,Basic,654.51
5008,Frank Diaz,morrisashley@example.net,Czech Republic,2020-06-15,Standard,714.7
5009,Timothy Roberts,michelestevenson@example.com,Bosnia and Herzegovina,2022-02-06,Basic,277.85
5010,Mrs. Cynthia Pace,hamptonkathryn@example.com,Dominica,2022-12-13,Standard,1868.36
5011,Shawn Lee,cheyenne75@example.net,Paraguay,2023-07-12,Standard,1749.99
5012,Laura Bright,williamcross@example.org,Nepal,2021-05-03,Standard,123.77
5013,Aaron Henry,ugallagher@example.net,Latvia,2021-07-15,Standard,2496.53
5014,Shannon Thomas,djoyce@example.com,Egypt,2021-11-15,Basic,370.41
5015,Timothy Bryant,mikaylabruce@example.com,Anguilla,2021-08-20,Premium,9512.86
5016,Mary Forbes,sarah00@example.net,Norway,2022-07-01,Standard,1359.21
5017,Zachary Stanley,mpadilla@example.com,Cayman Islands,2023-06-26,Standard,1269.64
5018,Stephanie Daniel,parksandre@example.com,New Zealand,2024-05-03,Standard,2833.4
5019,Christopher Herring,ckelly@example.net,Cayman Islands,2023-12-26,Standard,1321.15
5020,James Smith,emily56@example.com,British Indian Ocean Territory (Chagos Archipelago),2024-05-21,VIP,1160.82
5021,Jeremy Harris,zmartin@example.net,Germany,2023-09-02,Basic,604.25
5022,Michelle Garza,glambert@example.net,Macao,2023-05-21,Basic,148.69
5023,Johnny Joseph,hannahdrake@example.com,Congo,2022-09-20,Basic,117
5024,Gina Sims,samuelrobinson@example.net,Yemen,2021-03-16,Standard,2306.01
5025,Randy Yang,baileylauren@example.org,Ireland,2021-06-07,Standard,648.26
5026,Joan Brown,amandastewart@example.net,Ecuador,2023-07-29,Standard,1656.94
5027,Rachael Clayton,timothyblackburn@example.com,Czech Republic,2020-06-21,Standard,2846.38
5028,Shawn Hawkins,danielgood@example.net,Montserrat,2023-10-28,Standard,617.72
5029,Bradley Kennedy,ballen@example.net,Congo,2024-02-16,Standard,1110.19
5030,Sandra Rice,arthurhansen@example.net,Uruguay,2021-07-10,Premium,9562.17
5031,Vanessa Coleman,hendersonfernando@example.net,Indonesia,2021-01-10,Premium,3304.72
5032,Melvin Williams,xwells@example.com,Mongolia,2020-09-06,Basic,624.35
5033,Richard Moss,kelly05@example.net,Saudi Arabia,2022-08-23,Premium,2825.6
5034,Stacy Olson,michaelsmith@example.org,Christmas Island,2022-09-17,Standard,1226.45
5035,Roger Goodman,johnsonamber@example.com,Sri Lanka,2022-04-05,Standard,1151.8
5036,Jermaine Clark,wgordon@example.com,Slovenia,2020-09-02,Premium,6302.89
5037,Chase Fox,keithwilson@example.com,Belize,2022-05-12,Basic,47.87
5038,Richard Moss,bethany16@example.com,American Samoa,2020-07-23,Premium,13283.23
5039,Barbara Miranda,millercynthia@example.net,Hong Kong,2021-10-22,Basic,2.06
5040,Ann Wong,bushscott@example.net,Guinea-Bissau,2024-06-09,Basic,512.96
5041,Andrew Calderon,andrea08@example.net,Burundi,2023-07-05,Standard,2449.41
5042,John Sullivan,mcintoshpatrick@example.net,Somalia,2020-06-20,Premium,13253.65
5043,David Kim,jocelyn80@example.net,Czech Republic,2022-08-31,Standard,1878.15
5044,Jennifer Hart,icarter@example.org,Gabon,2023-01-31,Standard,1177.3
5045,Ray Hendricks,washingtonalexandria@example.org,Dominica,2023-11-26,Standard,1547.89
5046,Richard Mejia,jorgelucas@example.net,Norfolk Island,2021-03-31,Basic,106.97
5047,Jennifer Park,townsendjessica@example.com,Guinea-Bissau,2024-12-03,Standard,1463.25
5048,Terry Mckinney,nelsonteresa@example.net,Mexico,2023-05-13,Basic,142.08
5049,Kimberly Doyle,uchen@example.org,Gabon,2022-07-03,Premium,12032.25
5050,Kenneth Rodriguez,lwilliams@example.net,Western Sahara,2022-12-10,Basic,471.04
5051,Benjamin Summers,claytara@example.net,United States Minor Outlying Islands,2020-02-02,Standard,2558.38
5052,Courtney Smith,noah12@example.net,Bhutan,2022-08-25,Standard,131.19
5053,Brian King,sara62@example.com,Kazakhstan,2022-03-06,Standard,1288.11
5054,Christopher Bailey,crodriguez@example.com,Nauru,2023-01-31,Premium,3306.71
5055,Jennifer Townsend,kristinraymond@example.net,Guinea,2020-01-11,Basic,323.05
5056,Rebecca Fowler,tracy50@example.net,Bahamas,2024-11-24,Standard,1072.26
5057,Maria Jensen,owilson@example.net,Cyprus,2022-03-04,Standard,2993.52
5058,George Crawford,rjohnson@example.org,Hong Kong,2020-11-04,Standard,2582.55
5059,Samantha Baker,seth65@example.org,Thailand,2024-02-27,Standard,1740.69
5060,Ralph Wood,wgreen@example.net,Palestinian Territory,2020-05-07,Premium,2637.32
5061,Mackenzie Greene,srodgers@example.net,Heard Island and McDonald Islands,2022-10-29,Premium,7519.21
5062,Matthew Combs,conleysarah@example.com,Moldova,2023-07-31,Premium,2100.64
5063,Kurt Washington,mtaylor@example.org,Sudan,2022-11-26,Standard,2740.96
5064,Cheryl Wright,vgalvan@example.org,Georgia,2022-10-14,Premium,5447.32
5065,Ruth Santiago,bushtodd@example.net,Philippines,2024-04-12,Basic,756.17
5066,Jeffrey Kirk,adam26@example.net,British Virgin Islands,2020-04-02,Standard,511.22
5067,Corey Moore,matthew18@example.org,Cambodia,2023-06-04,Standard,1679.56
5068,Jessica Hernandez,clarkjonathan@example.org,Tokelau,2022-05-17,Standard,787.55
5069,Haley Kirby,joshua25@example.org,Tonga,2021-08-15,Standard,428.1
5070,Mr. James Weaver,dixonjoshua@example.net,Uzbekistan,2020-11-20,Standard,302.87
5071,Adam Moore,hernandezjacob@example.com,Antigua and Barbuda,2022-08-01,Standard,2541.86
5072,Cathy Montgomery,gmoreno@example.net,Slovenia,2022-07-17,Standard,467.6
5073,Jason Moore,johnjohns@example.org,Kiribati,2020-08-23,Standard,1296.6
5074,Nathan Gonzales,vmacias@example.net,South Africa,2023-07-04,Standard,202.15
5075,Becky Walters,kathryn87@example.net,Romania,2020-02-28,Basic,201.61
5076,Edward Parks,joseph93@example.org,Cook Islands,2022-09-06,Standard,1855.24
5077,Gregory Dyer,vanessacalderon@example.com,Ireland,2021-06-19,Standard,2032.71
5078,Michelle Munoz,browningmark@example.com,Pakistan,2021-09-30,Premium,13818.3
5079,Jeffrey Mason,anthonyjones@example.org,United Arab Emirates,2022-10-10,Standard,2825.54
5080,Paula Sawyer,acole@example.com,Ecuador,2021-03-22,Basic,163.45
5081,Thomas Spencer,jaimegarcia@example.com,South Africa,2020-09-19,Premium,3294.16
5082,Teresa Chandler,garciarichard@example.net,Svalbard & Jan Mayen Islands,2020-05-09,Standard,2463.26
5083,David Taylor,meltonmonica@example.org,Macao,2023-01-22,Standard,2915.42
5084,Melissa Rocha,stephanie11@example.com,Falkland Islands (Malvinas),2023-05-22,Premium,10792.5
5085,Mary Allen,gstephens@example.com,Libyan Arab Jamahiriya,2023-03-14,Basic,713.94
5086,Robert Dalton,smithnicholas@example.com,American Samoa,2022-01-23,Standard,2878.57
5087,Sarah Young,sgomez@example.com,Argentina,2021-03-16,Basic,445.31
5088,Jennifer Zhang,lisacollins@example.com,Micronesia,2023-12-17,Standard,2494.72
5089,Bonnie Fitzpatrick,,Norway,2022-08-12,Basic,720.28
5090,Ricky Sanchez,mosesdavid@example.org,Marshall Islands,2020-11-23,Standard,2998.72
5091,Billy Delacruz,bleblanc@example.com,Burkina Faso,2020-11-27,Standard,668.08
5092,Stacey Brown,lday@example.com,Marshall Islands,2023-04-30,Basic,115.55
5093,Timothy Williams,robertdavis@example.com,Moldova,2021-10-28,Standard,2626.92
5094,Megan Martin,bobby37@example.org,Austria,2024-10-18,Standard,2271.17
5095,Valerie Miller,karen90@example.org,Niger,2021-05-30,Basic,402.72
5096,Steven Moore,petersonkrystal@example.net,India,2024-09-30,Standard,2674.46
5097,Robert Olson,traciwalls@example.com,France,2023-07-11,Standard,630.15
5098,Erin Delgado,bryanjackson@example.org,Martinique,2020-10-24,Standard,1585.79
5099,Gary Thompson,geraldandrews@example.net,Philippines,2024-08-28,Basic,346.02
5100,Randy Scott,phillipsemily@example.net,Egypt,2021-08-30,Basic,638.56
5101,Tiffany Orozco,xtownsend@example.com,Dominica,2020-04-17,Standard,2190.45
5102,Katie Morales,michael47@example.net,Austria,2020-04-07,Standard,355.86
5103,Robert Guerra,jilladams@example.com,Cuba,2021-05-26,Premium,3427.55
5104,William Houston,timothybell@example.net,Pakistan,2024-03-28,Standard,2231.32
5105,Alan Decker,amy87@example.com,Argentina,2024-02-22,Basic,308.5
5106,Patrick Adkins,williamsonbrian@example.org,Brazil,2022-12-17,Standard,875.86
5107,Charles Mccoy,leonkatie@example.net,Romania,2021-01-27,Premium,5624.01
5108,Diane Clark,drakenicholas@example.com,Mozambique,2020-04-14,Standard,681.53
5109,Albert Williams,richard19@example.net,Cook Islands,2022-12-16,Standard,2241.64
5110,Tamara Murphy MD,ljackson@example.com,Austria,2020-09-05,Basic,170.01
5111,Christine Fritz,david66@example.org,Djibouti,2023-11-26,Premium,5436.98
5112,Brandon Williams,vazquezdavid@example.net,French Polynesia,2021-02-11,Standard,1441.69
5113,Thomas Wright,kathryn99@example.com,Antarctica (the territory South of 60 deg S),2021-04-24,Basic,531.64
5114,Linda Mckinney,skinnerkatherine@example.com,Isle of Man,2022-07-27,Basic,470.82
5115,Rebecca Hall,eric63@example.com,Netherlands Antilles,2022-03-08,Premium,6212.13
5116,John Reynolds,ian13@example.net,Western Sahara,2022-05-30,Basic,212.63
5117,Michael Drake,gmendoza@example.org,Indonesia,2024-01-11,Standard,1020.75
5118,Patrick Smith,bianca35@example.com,Kazakhstan,2023-07-21,Basic,679.67
5119,Brad Turner,richardsonchristopher@example.com,Congo,2020-11-28,Premium,9692.19
5120,Micheal Shields,rbenson@example.com,Central African Republic,2022-12-06,Standard,1575.49
5121,Bryan Rose,moralesjessica@example.org,Bolivia,2020-11-30,Standard,1322.63
5122,Brian Glenn,davisjonathan@example.net,Estonia,2024-08-23,Standard,1338.21
5123,Edward Shaffer,virginia46@example.com,Cuba,2020-12-20,Standard,1854.23
5124,Michael Harris,leblanctheodore@example.net,Estonia,2024-06-19,Standard,1402.53
5125,Steven Smith,umorales@example.com,United Kingdom,2022-04-19,Standard,810.63
5126,Mary Daniels,ayang@example.org,Equatorial Guinea,2021-04-23,Premium,12120.8
5127,Bryan Hooper,fitzpatrickrichard@example.org,Kyrgyz Republic,2023-09-05,Standard,116.64
5128,Brian Santos,wilsonemily@example.com,Croatia,2021-05-25,Standard,156.44
5129,Shannon Ortega,gibsonanthony@example.org,Ghana,2020-08-22,Basic,447.87
5130,James Friedman,bgreen@example.org,Montenegro,2024-11-22,Basic,391.22
5131,Raymond Santos,kelly26@example.net,Azerbaijan,2023-01-03,Standard,1119.89
5132,Shelley Tran,melissajones@example.com,Trinidad and Tobago,2024-08-03,Premium,12027.46
5133,Devon Barker,susan11@example.com,Turkey,2024-02-11,Standard,1483.58
5134,Mrs. Dorothy Foster MD,renee82@example.org,Denmark,2023-08-11,Standard,2346.43
5135,Amy Coleman,david11@example.com,Uruguay,2024-06-21,Basic,160.49
5136,Jennifer Walker,corey59@example.org,Dominica,2024-10-30,Standard,150.78
5137,Michael Myers,calvinmolina@example.com,Jamaica,2020-04-20,Premium,6352.01
5138,Cole Schaefer,pottskaren@example.com,Mozambique,2024-02-09,Premium,8393.84
5139,Alexandra Johnson,debbie41@example.org,Portugal,2020-09-10,Standard,2541.19
5140,Karen Kidd,velazquezdarlene@example.com,Norway,2021-02-10,Basic,576.96
5141,Stephen Allen,shermanalexander@example.com,Mayotte,2020-12-21,Standard,1478.23
5142,Melinda Fowler,rray@example.net,Gibraltar,2024-10-07,Standard,2932.04
5143,James Rodriguez,traceyhill@example.net,Peru,2024-01-16,Standard,1902.12
5144,Scott Ramirez,tracy73@example.org,Ethiopia,2022-07-22,Basic,539.3
5145,Jacqueline Pena,wwright@example.net,Lesotho,2024-02-29,Standard,1732.06
5146,Maurice Shaw,eric53@example.org,Papua New Guinea,2022-06-13,Basic,178.65
5147,Michaela Robles,brandon09@example.org,Lebanon,2024-10-18,Basic,561.59
5148,Thomas Wilson,christine89@example.net,Kiribati,2021-10-24,Standard,213.07
5149,Albert Oliver,annettemurphy@example.net,Wallis and Futuna,2024-09-29,Basic,243.02
5150,Kyle Webb,wayneschmidt@example.com,Saint Lucia,2023-07-03,Standard,888.32
5151,James Williams,joyceobrien@example.net,Uganda,2022-09-27,Standard,723.34
5152,Billy Case,davismichael@example.com,Argentina,2023-06-21,Premium,14444.41
5153,Michelle Nielsen,fthompson@example.net,Oman,2023-02-25,Standard,1428.49
5154,Lisa Dixon,longlauren@example.org,Serbia,2024-12-14,Standard,1264.11
5155,Tyler Underwood,vzuniga@example.net,Burundi,2021-12-16,Premium,11784.17
5156,Brittany Mckenzie,jasonsosa@example.org,Greenland,2020-05-24,Premium,2859.5
5157,Jonathan Reed,aprilcooper@example.com,British Virgin Islands,2021-09-26,Standard,2972.72
5158,Michael Lyons,christopher42@example.com,Palau,2024-08-31,Standard,454.99
5159,Chelsea Harris,fhall@example.com,Cocos (Keeling) Islands,2022-10-27,Standard,1451.38
5160,Ashley Huang,alexanderking@example.org,Kazakhstan,2023-06-01,Standard,1669.32
5161,Stephanie Green,debra71@example.net,Russian Federation,2021-07-14,Basic,578.82
5162,Briana Williams,wendy25@example.org,Zambia,2020-11-24,Basic,133.29
5163,Margaret Meadows,michael87@example.com,New Caledonia,2022-10-18,Premium,7082.63
5164,Michelle Walker,emily27@example.org,Kuwait,2024-06-05,Standard,1941.12
5165,Jordan Walker,hendersonerin@example.org,Brunei Darussalam,2022-08-01,Standard,2240.02
5166,Angela Flores,kellerdana@example.org,Palau,2024-08-11,Basic,432.68
5167,Brian Alvarez,nathanhubbard@example.org,Christmas Island,2021-08-02,Standard,1440.19
5168,Jennifer Ray,jennifer12@example.org,Burundi,2022-01-05,Basic,273.34
5169,Beth Perez,rebeccagrant@example.org,Malta,2022-04-26,Premium,4166.44
5170,Stacey Dalton,xbrown@example.net,Morocco,2024-09-24,Standard,1287.1
5171,Kevin Bass,timothyriggs@example.com,Monaco,2021-09-15,Basic,291.47
5172,Tina Harris,daviddodson@example.org,Jamaica,2023-11-22,Standard,2671.17
5173,Natalie Lopez,hbanks@example.org,Niger,2024-12-02,Basic,25.08
5174,Linda Griffin MD,charlescole@example.net,Gabon,2021-03-20,Premium,9616.89
5175,Kyle Hansen,ambergonzalez@example.net,Fiji,2020-04-03,Premium,14029.34
5176,Mrs. Natalie Hall,davislaura@example.com,Bahamas,2022-07-17,Premium,6635.42
5177,Laura Foster,megan54@example.org,Kazakhstan,2022-12-07,Premium,5281.31
5178,Sonya Smith,robin55@example.net,Western Sahara,2020-09-04,Premium,6201.57
5179,Beverly Harris,andrea11@example.net,Antarctica (the territory South of 60 deg S),2023-03-13,Standard,896.05
5180,Roberta Cunningham,zacharymorris@example.org,Saint Lucia,2022-12-01,Standard,1695.91
5181,Diana Olson,suzannerobertson@example.net,Guinea,2024-05-15,Standard,1328.82
5182,Benjamin Watson,craig33@example.net,Antigua and Barbuda,2024-07-16,Standard,1989.55
5183,Alan Jenkins,olewis@example.org,Bolivia,2024-01-12,Premium,12119.24
5184,Victoria Higgins,duarteveronica@example.net,Grenada,2021-02-22,Standard,882.04
5185,Daniel Larson,hharris@example.org,Equatorial Guinea,2021-03-06,Premium,4853.59
5186,Crystal Vasquez,kaufmanalan@example.org,Libyan Arab Jamahiriya,2022-11-25,Basic,53.92
5187,Marissa Johnson,cochranbeverly@example.org,Ukraine,2022-04-19,Premium,3574.44
5188,William Watson,brandonthomas@example.org,India,2021-08-07,Standard,2688.75
5189,Devin Beltran,xsanchez@example.com,Bahamas,2024-01-10,Basic,779.54
5190,Theresa Davenport,rogerspatricia@example.com,Sri Lanka,2021-05-01,Standard,1527.8
5191,Jessica Reid,andrewcole@example.org,United States of America,2023-07-01,Standard,1234.9
5192,Monica Howell,qdunn@example.net,Angola,2021-02-07,Standard,631.95
5193,Emily Hester,alex81@example.net,Netherlands,2022-06-12,Premium,2239.55
5194,Rachel Horn,joshua65@example.net,Kiribati,2024-03-03,Standard,2633.23
5195,Dr. Michelle Chan DVM,lbaker@example.org,Germany,2022-02-25,Basic,239.69
5196,Timothy Fields,beltransamantha@example.net,Papua New Guinea,2020-03-24,Basic,111.91
5197,John Benitez,elliottgrant@example.org,Saint Lucia,2024-01-11,Standard,1585.73
5198,Jonathan Stewart,,Czech Republic,2023-06-05,Standard,2824.08
5199,Sharon Miller,baileycrystal@example.org,Iceland,2021-04-30,Basic,32.6
5200,Alicia Jones,krista46@example.com,Georgia,2021-10-31,Standard,2308.81
5201,Abigail Williams,prestonbenjamin@example.com,Rwanda,2021-11-03,Standard,2499.56
5202,Samuel King,ycruz@example.org,French Polynesia,2022-11-24,Premium,6679.01
5203,Kimberly Alexander,michaelsmith@example.net,Mozambique,2022-09-30,Premium,2980.45
5204,Shannon Foster,lesliehenderson@example.org,Congo,2023-09-10,Standard,2998.63
5205,Melissa Morrison,daviswilliam@example.org,Papua New Guinea,2020-07-23,Premium,12532.11
5206,Rebecca Cruz,erinwatson@example.net,Peru,2020-11-13,Premium,3580.35
5207,Keith Guzman,john50@example.com,Trinidad and Tobago,2023-06-16,Premium,12988.16
5208,Sarah Parsons,charles64@example.com,Zambia,2023-11-30,Basic,701.31
5209,Shannon Arellano,xhumphrey@example.org,Niue,2022-12-24,Premium,6717.79
5210,Victor Perez,jackiemartinez@example.com,Iran,2022-05-19,Premium,12589.97
5211,Christopher Parker,ggarcia@example.com,Uruguay,2024-10-16,Standard,1901.7
5212,James Barnes,kathleen89@example.org,El Salvador,2022-11-24,Standard,784.59
5213,Angela Beck,jacobkline@example.org,Tonga,2024-05-28,Basic,295.56
5214,Robert Allen,rchen@example.net,Pitcairn Islands,2022-03-26,Basic,532.26
5215,Patricia Mahoney,kimberlyellis@example.net,Greece,2024-06-19,Standard,1276.68
5216,Anna Villarreal,teresa94@example.org,Tuvalu,2020-12-24,Standard,2561.32
5217,Matthew Cruz,penny39@example.org,Norway,2020-09-05,Standard,2698.53
5218,Kristina Cameron,pcastro@example.com,Sao Tome and Principe,2022-09-25,Premium,3871.65
5219,James Little,qbarnes@example.net,Latvia,2020-06-14,Standard,1551.21
5220,Jodi Williams,joshuahernandez@example.org,Mongolia,2022-03-14,Premium,6308.23
5221,Joshua Martinez,melaniearmstrong@example.com,Kenya,2023-01-10,Premium,2656.44
5222,Jimmy Coleman,smolina@example.net,Belgium,2023-06-04,Standard,1606.26
5223,Lindsay Shannon,oscarking@example.com,Morocco,2024-06-02,Premium,9623.36
5224,Lisa Wilson,fhancock@example.org,Marshall Islands,2020-09-10,Premium,12538.6
5225,Jennifer Mathews,barbara05@example.net,Jordan,2022-10-30,Standard,1425.12
5226,Christy Vance,qwashington@example.com,Togo,2020-02-06,Standard,1528.84
5227,Jeremy Church,nelsonmichael@example.com,Tanzania,2022-10-22,Premium,1583.44
5228,Theresa Brown,wendy01@example.com,Heard Island and McDonald Islands,2023-08-08,Premium,6387.3
5229,Dawn Campbell,stephen52@example.com,Iceland,2022-07-17,Premium,8216.1
5230,Cindy Green DVM,michael57@example.com,Western Sahara,2023-12-06,Standard,2274.55
5231,Nicole Ortiz,mariavaughn@example.org,Afghanistan,2023-06-16,Basic,736.07
5232,Victoria Johnson,stephanie07@example.org,Latvia,2021-10-27,Basic,61.88
5233,Julie Rice,thomasarmstrong@example.net,Madagascar,2022-05-31,Standard,1632.61
5234,Kathleen Arroyo,mckenzie26@example.com,Angola,2020-06-15,Standard,1465.39
5235,Timothy Shepherd,frenchjacob@example.com,Jordan,2020-02-06,Basic,183.24
5236,Elizabeth Weaver,james50@example.org,Liberia,2023-03-12,Standard,755.48
5237,Jennifer Garcia,jeffrey77@example.net,Malta,2023-06-17,Premium,4730.6
5238,Donald Rodriguez,anne19@example.org,Iceland,2023-09-30,Premium,11045.73
5239,Michael Perkins,bondglenda@example.org,Guam,2021-03-06,Standard,341.65
5240,Hailey Garcia,baileychloe@example.net,Bahamas,2023-03-16,Standard,2162.28
5241,Mr. Daniel Mendoza,smithbryan@example.org,Saudi Arabia,2021-04-23,Premium,12341.37
5242,Elizabeth Mclaughlin,thomasstacey@example.com,French Southern Territories,2024-05-25,Standard,125.7
5243,Ronald Reynolds,katherineramirez@example.com,Bolivia,2020-04-22,Standard,2748.68
5244,Ann Gray,rebecca91@example.org,Oman,2022-09-13,Standard,1836.3
5245,Laura Turner,benjamin11@example.net,Cape Verde,2023-02-27,Standard,664.18
5246,Wendy Bullock,ryan59@example.com,Bhutan,2021-06-14,Standard,2086.35
5247,Martha Johnson,margarethart@example.net,Bahamas,2022-07-08,Standard,2746.5
5248,Lindsey Cruz MD,qlucas@example.org,Cuba,2023-11-10,Standard,2726.58
5249,Tammy Wilcox,jenniferhoward@example.net,Samoa,2023-03-30,Premium,9256.22
5250,Donna Moore,paul77@example.org,Gambia,2021-09-11,Basic,81.22
5251,Lori Nguyen,aleczavala@example.org,Tunisia,2023-04-03,Standard,307.26
5252,Richard Sutton,cowanbarbara@example.org,Iran,2020-06-21,Premium,13943.59
5253,Anthony Skinner,james67@example.net,New Caledonia,2022-06-27,Standard,1498.75
5254,Scott Pena,emma83@example.net,Lao People's Democratic Republic,2020-10-05,Basic,346.46
5255,Troy Higgins,plawrence@example.net,Malawi,2022-08-30,Basic,430.18
5256,Kelsey Collier,solismelissa@example.com,Kenya,2021-08-16,Basic,2.23
5257,John Scott,fcalhoun@example.org,French Polynesia,2023-05-25,Standard,1490.1
5258,James Wiggins,candicecline@example.com,Germany,2021-11-25,Standard,2429.58
5259,Paul Garcia,todd18@example.org,Cambodia,2022-09-18,Standard,2564.31
5260,Alejandro Jones,stevenscurtis@example.org,Burkina Faso,2023-07-04,Premium,5956.32
5261,Regina Wright,stephenmcneil@example.org,Jamaica,2023-07-31,Standard,1263.06
5262,Joseph Garcia,wwalker@example.com,Antarctica (the territory South of 60 deg S),2020-09-14,Standard,2892.87
5263,Daniel Clark,stanleyanthony@example.org,Saint Helena,2020-07-13,Premium,3033.95
5264,Eric Foster,stephaniedavis@example.org,Lesotho,2021-01-26,Basic,755.47
5265,Anthony Terry,benitezheather@example.com,Montenegro,2024-11-16,Standard,532.79
5266,Taylor Hayes,zlynn@example.com,Djibouti,2024-10-01,Premium,11657.07
5267,Tony Thornton,nlewis@example.org,Syrian Arab Republic,2020-11-23,Standard,1527.43
5268,Roberta Hopkins,skinnernancy@example.org,Panama,2022-02-24,Basic,398.95
5269,Donna Jackson,chaselindsey@example.net,Nicaragua,2021-11-24,Basic,147.73
5270,Tamara Moore,alexis06@example.org,Cote d'Ivoire,2024-11-04,Standard,2341.88
5271,Felicia Mathis,dhouse@example.org,United States Virgin Islands,2024-03-11,Basic,502.89
5272,Sarah Daugherty,john80@example.com,Switzerland,2020-01-11,Basic,522.14
5273,Austin Hawkins,mcknightantonio@example.com,Guadeloupe,2021-11-30,Basic,740.77
5274,Steven Francis,zimmermanashley@example.com,New Zealand,2023-10-09,Basic,603.07
5275,Stephanie Mccall,mburke@example.net,Tokelau,2020-09-19,Standard,835.98
5276,Timothy Sherman,alawson@example.org,Tanzania,2023-08-30,Basic,794.27
5277,Thomas Kirby,nicholas57@example.com,Algeria,2020-05-19,Standard,1310.61
5278,Caroline Collins,katherine69@example.com,Panama,2022-05-05,Basic,401.5
5279,Kathryn Sherman,qmorgan@example.org,Saint Vincent and the Grenadines,2021-03-14,Premium,9107.74
5280,Kathleen Porter,evansangela@example.org,Hong Kong,2021-12-20,Basic,279.7
5281,Vincent Smith,bradleyemily@example.com,Guinea,2020-04-20,Basic,742.4
5282,Amanda Jackson,yrojas@example.com,Tuvalu,2021-03-14,Standard,2790.7
5283,Devin Roberts,rebecca42@example.net,Uzbekistan,2023-06-01,Basic,769.72
5284,Charles Sullivan,morenobruce@example.com,Thailand,2022-06-25,Standard,1305.58
5285,Gary Martinez,qcaldwell@example.com,Sierra Leone,2021-02-16,Premium,13795.14
5286,Jennifer King,jwilliams@example.com,Bahrain,2021-12-08,Premium,9677.3
5287,Justin Wagner,edward07@example.com,Palestinian Territory,2023-11-05,Basic,330.2
5288,Jessica Smith,qnichols@example.org,Japan,2023-10-25,Standard,1280.3
5289,John Powers,caitlinsantos@example.com,India,2020-06-08,Standard,2903.56
5290,Brian Williams,johnsontroy@example.org,Belgium,2020-06-01,Standard,761.08
5291,Shelby Bailey,pageamanda@example.org,Albania,2027-01-01,Standard,432.37
5292,Susan Spencer,williamdickson@example.com,Korea,2022-06-22,Standard,1976.17
5293,Joseph Patterson,colson@example.com,Japan,2023-02-13,Basic,614.13
5294,Michael Munoz Jr.,angelahall@example.net,Tonga,2021-12-15,Standard,1632.3
5295,Daniel Sampson,danielmoore@example.org,Samoa,2021-02-20,Basic,8.59
5296,John Walker,dmckay@example.com,Slovenia,2020-08-24,Standard,716.1
5297,Stephanie Byrd,jacksonkaylee@example.com,Nauru,2021-02-17,Basic,662.81
5298,Debra Mitchell,xburton@example.com,Nauru,2023-08-16,Standard,1089.87
5299,Kim Valencia,davisemily@example.org,Guam,2020-04-04,Standard,796.04
5300,Rebecca Brown,robertpaul@example.net,Mauritius,2022-09-06,Premium,13266.43
5301,Hunter Colon,connermelissa@example.net,Chile,2022-09-23,Standard,2283.53
5302,Nancy Sanders,stephenperez@example.com,Vanuatu,2024-10-29,Standard,357.77
5303,Guy Andrade,stewartpeter@example.com,Sao Tome and Principe,2021-02-28,Basic,792.4
5304,Michael Hernandez,wliu@example.net,Tokelau,2022-03-09,Standard,765.22
5305,Shane Lee,andersonmichael@example.com,Malaysia,2021-06-28,Premium,14109.17
5306,Timothy Pacheco DDS,markhill@example.org,Sri Lanka,2023-05-09,Standard,2342.29
5307,Theresa Smith,andrew78@example.com,Svalbard & Jan Mayen Islands,2022-01-29,Basic,405.36
5308,Tyler Banks,ipruitt@example.org,North Macedonia,2023-01-17,Standard,2793.56
5309,Stephanie Fischer,bowmansamuel@example.com,Mauritius,2021-11-02,Premium,13568.4
5310,Dustin Choi,melissafischer@example.net,Djibouti,2021-12-22,Standard,1350.05
5311,Nicole Hill,perezlisa@example.net,Rwanda,2024-12-24,Standard,2755.57
5312,Michael Lynch,yclay@example.com,Mongolia,2023-10-14,Standard,1696.86
5313,Melinda Ruiz,mitchelltaylor@example.net,Austria,2021-06-04,Standard,247.86
5314,Theresa Adkins,brianharrison@example.org,Liechtenstein,2021-07-20,Standard,2446.85
5315,Laura Moore,xcoleman@example.org,Comoros,2020-10-29,Standard,862.83
5316,Tony Williams,princedavid@example.net,Mayotte,2023-02-10,Standard,2644.49
5317,Erin Henry,timothy88@example.org,Mauritius,2024-03-06,Premium,13363.91
5318,John Johnson,williammason@example.org,Kenya,2024-08-08,Basic,481.21
5319,Ernest White,heather85@example.org,Ghana,2023-05-04,Standard,2636.94
5320,Stephanie Wilson,eric71@example.org,Spain,2024-11-19,Standard,402.36
5321,Jordan Chambers,alexander51@example.org,Tonga,2023-04-12,Premium,8457.69
5322,Melissa Wiley,christopher05@example.net,Bermuda,2024-11-27,Standard,2768.1
5323,Ashley Johnson,vasquezcrystal@example.org,Falkland Islands (Malvinas),2021-12-31,Basic,518.05
5324,Jacqueline Rivera,javieringram@example.com,Ireland,2023-10-21,Premium,5236.75
5325,Brianna Schroeder,shane87@example.net,Cook Islands,2021-07-10,Premium,4512.68
5326,Timothy Craig,melissamorrison@example.com,Austria,2020-02-19,Premium,10444.39
5327,Craig Shepherd,tmiller@example.org,Costa Rica,2023-07-09,Standard,106.81
5328,Leonard Phillips,taylorlawrence@example.org,Montenegro,2024-04-25,Basic,166.38
5329,Jeffrey Lane,ryanclark@example.com,Guernsey,2023-03-25,Standard,922.54
5330,Chloe Barrett,heather94@example.com,Zambia,2023-05-14,Standard,510.94
5331,Philip Richardson,victoria46@example.net,Djibouti,2021-02-27,Basic,510.3
5332,Tanya Rodriguez,lwilliamson@example.com,Turkey,2020-05-29,Basic,475.89
5333,Darren Daugherty,andersonalan@example.org,Sudan,2021-06-03,Standard,1013.03
5334,Cynthia Walker,dalehudson@example.org,Seychelles,2024-04-17,Premium,2482.42
5335,Alexander Barber,tylergreen@example.org,Slovakia (Slovak Republic),2021-10-13,Standard,2965.74
5336,Raymond Payne,bhickman@example.net,Gabon,2023-12-31,Basic,288.31
5337,Robert Pearson,kwilliams@example.com,Germany,2023-11-01,Standard,2311.38
5338,Jonathan Barnes,gharris@example.org,Guinea-Bissau,2024-04-29,Standard,2743.6
5339,Zachary Lee,cameronkim@example.org,Cook Islands,2021-03-10,Basic,81.04
5340,Scott Elliott,davislaura@example.net,Mauritius,2022-02-14,Standard,443.23
5341,John Williams,hcox@example.net,Uzbekistan,2021-02-17,Standard,2603.66
5342,Brian Elliott,zfranco@example.com,Marshall Islands,2023-10-26,Premium,7126.74
5343,Melissa Wagner,suarezamy@example.net,Iceland,2020-05-02,Basic,53.36
5344,James Henson,gcastaneda@example.net,United States of America,2020-04-18,Standard,1835.94
5345,Sheri Moore,collinsmichelle@example.com,Chile,2022-05-31,Standard,1258.79
5346,Deborah Morris,hendersonkimberly@example.net,Korea,2024-08-05,Premium,9933.99
5347,Brooke Mitchell,cholder@example.org,Cuba,2024-03-27,Basic,711.81
5348,Justin Schmidt,angelica09@example.net,United States Virgin Islands,2022-09-17,Basic,665.91
5349,Stacey Green,cpierce@example.com,Ukraine,2022-02-28,Standard,2064.87
5350,Danielle Scott,amber72@example.com,Bahamas,2020-12-30,Standard,2557.76
5351,Daniel Santiago,hendersonroberto@example.net,Israel,2020-01-17,Basic,471.94
5352,Francisco Bowman,treid@example.org,Northern Mariana Islands,2024-08-26,Basic,140.73
5353,Jonathan Peters,seanthompson@example.net,Singapore,2023-08-09,Standard,2030.88
5354,Thomas Allen,martinezjessica@example.net,Marshall Islands,2022-10-16,Standard,890.22
5355,Dustin Woodard MD,tommy13@example.net,Saint Martin,2023-06-13,Basic,183.46
5356,Miguel Campbell,teresawilson@example.com,Paraguay,2024-11-12,Basic,729.08
5357,William Nelson,tammy43@example.org,Syrian Arab Republic,2022-04-14,Standard,101.61
5358,William Moore,jenniferwilliams@example.net,Tonga,2022-02-15,Standard,1675.54
5359,Jennifer Taylor,mallory78@example.com,Saint Barthelemy,2023-04-09,Standard,2621.15
5360,Dawn Smith,riverashane@example.com,Hungary,2023-02-21,Basic,432.45
5361,Kyle Wolfe,megan52@example.com,United Kingdom,2024-09-10,Standard,2787.76
5362,Scott Hernandez,anna66@example.com,China,2020-06-20,Premium,8697.64
5363,Laura Brown,tmartin@example.com,Latvia,2021-10-27,Premium,13533.45
5364,Amanda Wade,edwardskiara@example.org,Denmark,2021-05-11,Basic,96.73
5365,Jessica Glass,angelalambert@example.net,Cuba,2022-06-02,Basic,428.01
5366,Lisa Lara DVM,wtaylor@example.net,Turkmenistan,2020-06-27,Basic,499.91
5367,Matthew Singh,annabarry@example.org,Bahamas,2022-09-09,Standard,2794.08
5368,James Crawford,hansenlarry@example.com,Pakistan,2022-07-22,Basic,210.26
5369,Michelle Wall,robertcastillo@example.net,Haiti,2021-03-14,Basic,15.48
5370,James Williams,hernandezronnie@example.com,Timor-Leste,2024-12-14,Standard,443.75
5371,Ronald Richards,mjones@example.org,Montenegro,2020-02-24,Premium,1653.85
5372,Angela Williams,jordanmichael@example.net,Nauru,2020-12-05,Basic,350.57
5373,Ellen Bender,benjamindavis@example.net,Trinidad and Tobago,2022-10-05,Premium,12401.01
5374,James Pena,wacosta@example.net,Portugal,2024-04-30,Standard,2259.79
5375,Rodney Pruitt,henry25@example.net,Peru,2024-12-24,Standard,2610.55
5376,Katie Orozco,brianayala@example.org,Cayman Islands,2020-01-14,Standard,1249.85
5377,William Brooks,ghudson@example.org,San Marino,2020-12-29,Standard,2208.06
5378,Mark Shelton,epotter@example.org,Suriname,2023-08-29,Basic,142.02
5379,Daniel Durham Jr.,michaelsampson@example.com,Faroe Islands,2024-07-05,Standard,2785.92
5380,William Mcknight,john94@example.net,Isle of Man,2022-07-30,Basic,210.44
5381,Thomas Nunez,bruce53@example.com,Luxembourg,2024-06-24,Standard,2878.35
5382,Megan Baker,ferrellalexis@example.net,Holy See (Vatican City State),2023-07-30,Standard,1145.83
5383,Sherry Lee,mcooper@example.net,United Arab Emirates,2020-03-12,Basic,362.05
5384,Tammy Elliott,briancummings@example.net,Guatemala,2021-12-09,Premium,12231.07
5385,Carla Clarke,kathrynwilliams@example.org,Iran,2022-06-12,Standard,1510.11
5386,Denise Hall,courtneydavies@example.net,Lithuania,2022-03-13,Basic,177.85
5387,Douglas Schneider,jeremy29@example.net,Georgia,2024-04-03,Premium,13439.14
5388,Jesus Patterson,usteele@example.com,Turkey,2024-12-10,Premium,9203.69
5389,Elizabeth Gates,ihahn@example.com,North Macedonia,2023-10-27,Standard,2092.29
5390,Jennifer Hill,yhernandez@example.net,Sri Lanka,2024-10-20,Basic,767.28
5391,Mary Phillips,ortizcourtney@example.net,Trinidad and Tobago,2023-11-21,Standard,753.83
5392,Andrew Armstrong,kelly29@example.net,Chad,2020-10-22,Standard,2667.03
5393,Danielle Gray,david28@example.org,Jamaica,2022-04-28,Basic,296.93
5394,Gregory Munoz,poncemichelle@example.org,Finland,2022-02-06,Standard,2287.57
5395,Andrea Peterson,terrence99@example.org,Guyana,2021-04-14,Standard,1097.81
5396,Sandra Paul,josephtravis@example.com,Guernsey,2023-02-25,Standard,1253.8
5397,Marie Mcknight,justinellison@example.com,Azerbaijan,2020-08-01,Standard,466.36
5398,Julie Johnson,perrydenise@example.org,Wallis and Futuna,2022-01-16,Standard,765.71
5399,Leslie Bishop,john78@example.net,Slovenia,2020-06-17,Standard,2367.3
5400,Debra Nguyen,newtonjason@example.net,Saint Lucia,2022-09-09,Premium,6576.2
5401,Brittney Martin,bauerian@example.com,Northern Mariana Islands,2020-04-04,Standard,1986.5
5402,William Dixon,jonathan78@example.net,Myanmar,2021-12-01,Standard,556.04
5403,John Bonilla,freemanmitchell@example.org,Kenya,2021-07-25,Standard,703.6
5404,Jacob Brewer,littlesarah@example.com,Paraguay,2021-11-26,Premium,9948.87
5405,Jeremy White,jennifer32@example.com,Grenada,2021-07-23,Standard,1398.69
5406,Aaron Mack,scotttravis@example.com,Malaysia,2020-07-24,Basic,476.95
5407,Raven Abbott,scottmiddleton@example.com,Lithuania,2023-03-15,Standard,2201.2
5408,Carla Waller,christinehowell@example.org,Iceland,2024-03-03,Premium,14171.52
5409,Ashley Stone,joshua19@example.net,Peru,2022-01-15,Standard,1112.65
5410,Jonathon Cox,alisonross@example.org,Samoa,2023-05-27,Basic,185.38
5411,Ashlee Pratt,daniel99@example.com,Chad,2021-03-21,Standard,905
5412,Mr. Samuel Daniels,xrosario@example.net,Greenland,2020-04-13,Basic,109.48
5413,Cheryl Harris,xandrews@example.org,Barbados,2021-05-14,Standard,2137.48
5414,Christy Evans,yrivera@example.org,Nicaragua,2021-11-05,Premium,10534.49
5415,Nicole Villarreal,dward@example.org,Bouvet Island (Bouvetoya),2024-01-07,Basic,406.84
5416,Rebecca Hartman,victorcoleman@example.net,New Zealand,2021-08-04,Standard,728.64
5417,Heather Velasquez,abrown@example.com,British Indian Ocean Territory (Chagos Archipelago),2023-10-07,Premium,7896.19
5418,Terri Perez,baxterkristen@example.org,Bhutan,2022-07-07,Basic,241.04
5419,April Mccullough,,Cote d'Ivoire,2021-02-03,Premium,14703.83
5420,Justin Schultz,jennaschaefer@example.com,France,2021-04-19,Standard,1657.66
5421,Rebecca Hampton,randallrobertson@example.net,Lebanon,2022-05-09,Standard,122.6
5422,Brandon Burgess,frank43@example.net,Liechtenstein,2022-10-23,Standard,627.34
5423,Matthew Wallace,umorrison@example.org,Georgia,2020-04-05,Basic,772.78
5424,Elizabeth Valdez,lisa19@example.net,Mongolia,2021-10-13,Premium,3041.01
5425,Devin Costa,qthompson@example.net,Cook Islands,2021-10-23,Basic,792.13
5426,Abigail Andrews,katiegriffin@example.net,Belarus,2021-07-08,Standard,1495.22
5427,Joanna Mclean,arice@example.net,Kenya,2022-03-08,Basic,507.49
5428,Michael Huang,michaellucas@example.org,Somalia,2021-08-04,Basic,397.04
5429,Corey Delgado,bchavez@example.com,Guinea,2020-12-03,Basic,66.56
5430,Denise Poole,robert19@example.com,Sri Lanka,2024-10-15,Standard,2392.59
5431,Jimmy Bennett,schmittjennifer@example.org,Saint Barthelemy,2021-04-15,Standard,2439.34
5432,Dillon Smith,smithjacob@example.net,Holy See (Vatican City State),2021-05-24,Standard,2558.39
5433,James Torres,ukhan@example.org,Namibia,2021-02-17,Standard,2613.42
5434,Karen Turner,morganryan@example.com,Nicaragua,2024-03-31,Standard,2182.57
5435,Paul Barber,johnsalazar@example.com,Uganda,2024-10-10,Basic,41.52
5436,Paige Lopez,jacqueline06@example.org,Taiwan,2020-09-17,Premium,5441.1
5437,Roy Robinson,james42@example.net,Nepal,2024-11-07,Basic,242.1
5438,John Rice,mhernandez@example.org,Vietnam,2022-06-23,Standard,2252.4
5439,Marie Rodriguez,mendozamichele@example.org,Jersey,2021-02-09,Basic,777.54
5440,James Brown,dboone@example.org,Greenland,2023-08-12,Premium,6308.31
5441,Debra Wilson,bramos@example.net,Cook Islands,2023-09-14,Premium,11247.4
5442,Kenneth Mitchell,njohnson@example.com,Peru,2023-12-06,Basic,791
5443,Joel Gilbert,royedward@example.net,Cyprus,2023-02-26,Basic,226.86
5444,Michael Henry,jennifer79@example.net,Malawi,2023-11-14,Basic,12.22
5445,Brittany Strickland,zbailey@example.net,Saint Vincent and the Grenadines,2022-11-26,Basic,572.86
5446,Michael Davies,gdowns@example.org,Wallis and Futuna,2024-11-03,Standard,2456.56
5447,Alexandria Maxwell,hudsonscott@example.com,Equatorial Guinea,2020-01-27,Basic,588.61
5448,Gary Travis Jr.,melissapham@example.org,Hungary,2023-12-20,Standard,2279.28
5449,Christian Barrett,conleypatrick@example.net,Mali,2023-01-07,Standard,2750.92
5450,Destiny Nichols,staceygoodwin@example.com,Gambia,2024-08-25,Standard,1199.76
5451,Maria Wall,davidsonshannon@example.com,Somalia,2022-03-10,Premium,1060.88
5452,Keith Santiago,elizabethpatton@example.net,Botswana,2020-02-26,Standard,1395.25
5453,Kelly Fowler,flucero@example.org,British Indian Ocean Territory (Chagos Archipelago),2023-10-05,Basic,678.09
5454,Sandra Brown,huntcharles@example.org,Hong Kong,2024-03-05,Premium,6363.65
5455,Regina Johnson,twheeler@example.com,Saint Martin,2024-10-25,Basic,405.28
5456,Kyle Brown,faith81@example.com,Bolivia,2021-07-05,Standard,2514.38
5457,Courtney Scott,troycunningham@example.org,Tonga,2020-03-22,Premium,2527.18
5458,Vanessa Dean,ryanwilkinson@example.net,Austria,2023-03-08,Standard,1150.48
5459,Jonathan Holder,davidsonmargaret@example.net,Barbados,2020-06-29,Premium,8304.81
5460,Sandra Parker,pattersondanielle@example.net,Iceland,2022-10-11,Premium,12544.19
5461,John Owens,maryramirez@example.org,Ireland,2024-10-02,Standard,391.34
5462,Julie Hawkins,petersonapril@example.com,Micronesia,2024-08-30,Premium,3753.91
5463,Zachary Smith,jacqueline24@example.org,Antigua and Barbuda,2020-06-25,Premium,4797.77
5464,Craig Diaz,wdavis@example.net,Moldova,2021-12-17,Basic,326.63
5465,Cassandra Hernandez,cheryl76@example.com,Oman,2020-10-10,Premium,1457.19
5466,Lisa Lawrence,michelle32@example.com,Belarus,2020-03-15,Basic,670.69
5467,Amanda Smith,qhall@example.net,Syrian Arab Republic,2024-08-18,Basic,659.26
5468,Charles Calhoun,eterry@example.org,Martinique,2020-07-06,Premium,4944.42
5469,Eric Shelton,phunter@example.net,Palestinian Territory,2024-02-28,Standard,392.17
5470,Natalie Baker,jonathan21@example.org,Mali,2021-07-18,Premium,692.32
5471,Autumn Edwards,thomas94@example.org,Peru,2024-07-28,Standard,2522.54
5472,Sheila Garcia,toni32@example.org,Latvia,2021-10-11,Premium,13839.35
5473,Jonathan Lewis,dallen@example.com,Ukraine,2022-06-06,Basic,24.73
5474,Francisco Maldonado,dylanyoung@example.net,Cameroon,2020-04-22,Standard,560.52
5475,Daniel Bailey,bmoody@example.com,Western Sahara,2022-10-25,Standard,694.16
5476,Juan Henry,nathanielsmith@example.net,Eritrea,2023-11-01,Premium,3846.75
5477,Erika Nguyen,duartekevin@example.net,Chile,2022-04-22,Standard,2637.35
5478,Eileen Alvarez,aprillopez@example.net,Guatemala,2024-06-12,Standard,2043.84
5479,Nicole Ray,bjohnson@example.org,Norfolk Island,2021-04-22,Standard,1205.33
5480,Sheila Lynn,oscarmills@example.com,Guinea,2020-10-26,Basic,188.94
5481,Samantha Taylor,katelyngiles@example.net,Belize,2024-11-22,Premium,11809
5482,Wendy Brooks,brownmitchell@example.org,North Macedonia,2023-05-12,Premium,2560.94
5483,Nicole Mcneil,marywang@example.com,Vietnam,2022-12-10,Standard,1442.2
5484,Karen Rogers,irosales@example.net,Qatar,2024-06-28,Standard,2405.52
5485,Christine Freeman,vanessahuerta@example.net,Mauritania,2024-08-28,Basic,288.46
5486,Joseph Hensley,john28@example.net,Mexico,2020-04-04,Basic,11.82
5487,Angela Thompson,dianafrank@example.net,Trinidad and Tobago,2020-12-15,Basic,63.56
5488,Rebecca Rivera,megan76@example.com,Sri Lanka,2023-08-05,Premium,5405.14
5489,Brian Sims,kmoore@example.org,American Samoa,2020-03-04,Standard,2272
5490,Sherri Harris,kelsey44@example.org,Namibia,2023-11-29,Basic,512.23
5491,Morgan Martinez,westangelica@example.com,Aruba,2022-11-12,Standard,1988.57
5492,Jessica Watkins,cassiebaker@example.org,Argentina,2023-06-21,Standard,1959.7
5493,Mary Moreno,christinajones@example.org,Myanmar,2024-05-12,Standard,181.68
5494,Monica Smith,toddbrooks@example.com,South Africa,2021-09-30,Standard,1381.29
5495,Nicole Sanchez,cynthiaward@example.net,Grenada,2024-05-04,Basic,375.09
5496,Marie Perry,eaustin@example.org,Croatia,2020-03-24,Standard,1445.83
5497,Joshua Payne,byrdsherry@example.net,Senegal,2023-03-13,Basic,627.41
5498,Taylor Farmer,davispaula@example.com,Bolivia,2020-11-22,Standard,2142.21
5499,Patrick Sloan,janejohnson@example.com,Malawi,2020-08-24,Premium,13925.67
5500,Matthew Jarvis,jose43@example.com,Burkina Faso,2022-10-19,Standard,932.84
5501,Sara Thompson,achaney@example.org,Tonga,2023-06-15,Premium,3159.82
5502,Tiffany Parsons,espinozacharles@example.net,Azerbaijan,2021-04-23,Standard,1678.88
5503,Crystal Mcclain,brandongarza@example.com,Montenegro,2023-06-12,Premium,13098.99
5504,Erin Wise,gregory81@example.net,Senegal,2021-01-10,Standard,982.5
5505,Ana Fox,kramirez@example.net,Bermuda,2022-10-13,Basic,423.61
5506,Melissa Perez,moorepaul@example.net,Puerto Rico,2022-06-15,Standard,992.17
5507,James Robinson,ginarodriguez@example.org,Liechtenstein,2021-02-04,Premium,10535.06
5508,Jo Potter,gregory32@example.com,Togo,2023-09-11,Standard,2306.35
5509,Joshua Davis,patelcheryl@example.org,Anguilla,2023-08-25,Basic,368.15
5510,Alexander Green,dcooper@example.org,Turkey,2023-01-12,Standard,1401.86
5511,Juan Knight,andrewsjeffrey@example.org,Andorra,2023-01-10,Premium,5967.01
5512,Samantha Stevens,katherinebrown@example.com,Trinidad and Tobago,2023-08-02,Standard,1368.05
5513,Brittney Daniels,joneselaine@example.org,Christmas Island,2021-10-16,Standard,2070.93
5514,Keith Clay,walllarry@example.org,Tonga,2020-10-26,Standard,323.08
5515,Destiny Jensen,grimesjoel@example.com,Argentina,2021-05-11,Premium,2584.19
5516,Kathleen Kline,barrypaul@example.com,Australia,2024-12-14,Basic,306.38
5517,Laura Arnold,nfitzgerald@example.net,Poland,2024-08-08,Premium,4714.54
5518,Heather Allen,michaelrodriguez@example.com,Russian Federation,2021-03-10,Premium,5175.57
5519,Carlos Mccann,collinsmartha@example.com,Honduras,2021-04-14,Premium,3062.86
5520,Karina Johnson,elizabeth51@example.org,Cyprus,2023-08-05,Standard,865.18
5521,Alyssa Foster,brianhancock@example.net,Syrian Arab Republic,2024-05-04,Standard,1061.23
5522,Rebecca Carter,woodsclarence@example.org,Guadeloupe,2020-07-03,Standard,2829.6
5523,Melanie Perry,joelwilliams@example.com,Czech Republic,2022-09-14,Standard,2354.28
5524,Kelly Cisneros,oramirez@example.net,Bolivia,2021-11-25,Standard,1438.94
5525,Shelley Smith,johnsonangela@example.org,India,2022-01-22,Standard,2489.52
5526,James Ward,reevesrussell@example.org,Oman,2022-04-01,Basic,21.46
5527,James Smith,perezjonathan@example.net,United Kingdom,2024-04-14,Standard,1507.1
5528,Dr. Heather Moran,paul42@example.org,Bolivia,2024-04-29,Premium,5591.34
5529,Pamela Melendez,taylorgary@example.org,Honduras,2021-03-11,Basic,271.89
5530,Ashley Boyd,sullivanalfred@example.net,Bouvet Island (Bouvetoya),2024-07-14,Basic,782.16
5531,Pamela Johnson,david92@example.com,Suriname,2024-02-02,Standard,876.98
5532,Kara Gomez,ramirezclinton@example.com,Oman,2024-09-06,Basic,272.48
5533,Charles Walsh,victoria96@example.com,Jamaica,2020-01-29,Standard,667.27
5534,Natalie Fields,kmueller@example.org,Cambodia,2024-01-23,Standard,2222.66
5535,Dawn Booker,vlogan@example.org,Finland,2023-03-19,Basic,164.48
5536,Paul Davis IV,jenniferpage@example.net,Latvia,2020-08-23,Basic,400.4
5537,Terry Walls,matthew14@example.com,Mozambique,2021-10-20,Standard,2244.34
5538,Adrian Castro,williamscourtney@example.org,Japan,2023-09-24,Standard,1865.87
5539,Hayley Ruiz,roger42@example.com,Portugal,2021-01-18,Standard,1304.6
5540,David Gutierrez,johnsonkrista@example.org,Mongolia,2021-05-12,Premium,4070.11
5541,Caitlin Morris,bakerryan@example.com,Kenya,2024-11-11,Basic,258.58
5542,Russell Barnes,fphillips@example.org,Slovenia,2021-05-21,Standard,1836.66
5543,Christopher Cox,marcus31@example.org,Equatorial Guinea,2020-09-20,Standard,223.45
5544,Joanna Lopez,amysolomon@example.com,French Southern Territories,2021-01-14,Standard,2108.12
5545,Katherine Adams,davisjohn@example.com,Nicaragua,2022-03-24,Standard,2915.28
5546,Raymond Adams,angelagriffin@example.net,Costa Rica,2020-02-09,Standard,1115.83
5547,Ryan Paul,johnsonsally@example.net,Central African Republic,2024-05-15,Basic,707.67
5548,Jenny Guerrero,ryan12@example.org,Slovenia,2020-01-13,Standard,1839.43
5549,Janet Hughes,ecopeland@example.com,Eritrea,2021-09-21,Standard,1361.57
5550,Robert Reyes,rachel84@example.com,Azerbaijan,2024-02-02,Standard,1127.13
5551,Angela Camacho,john99@example.net,Cape Verde,2022-11-17,Standard,1277.4
5552,Stephen Gilmore,xavierwilson@example.org,Mali,2023-04-12,Premium,8565.02
5553,George Wall,john25@example.net,Grenada,2022-12-01,Standard,1064.67
5554,David Mcmillan,krogers@example.org,Mauritania,2021-05-22,Premium,1691.77
5555,Barbara Combs,maxwelljacob@example.org,Sudan,2024-10-30,Standard,1111.67
5556,Zoe Williams,grossamber@example.org,Denmark,2023-11-28,Basic,780
5557,Kelsey Smith,dwalsh@example.com,Nauru,2022-03-10,Standard,1477.65
5558,Michael Brown,navarromark@example.com,Turkmenistan,2021-04-19,Standard,986.04
5559,Jimmy Guzman,wcarter@example.com,Guernsey,2020-08-20,Standard,2444.26
5560,Destiny Atkinson,prestonjohn@example.com,South Georgia and the South Sandwich Islands,2023-06-21,Premium,7561.66
5561,Daniel Schneider,darrenholt@example.net,Ghana,2020-04-21,Basic,595.8
5562,Jacqueline Simpson,carol79@example.org,Mongolia,2021-11-01,Standard,655.22
5563,Norman Perez,qrobinson@example.org,Liechtenstein,2023-05-16,Premium,11137.55
5564,Cheryl Hensley,duncanvanessa@example.com,Ireland,2022-12-31,Premium,4404.41
5565,Frank Shaffer,bradshawjoseph@example.net,Djibouti,2023-12-29,Basic,588.18
5566,Alex West,edwardray@example.net,Kenya,2023-04-12,Standard,440.51
5567,Michael Miller,wjohnson@example.net,Niue,2020-10-30,Standard,1278.29
5568,Brian Sparks,erinlopez@example.org,Japan,2021-08-14,Premium,11751.38
5569,Jessica Daniel,stevenferguson@example.org,Cuba,2020-11-09,Premium,7018.64
5570,Kelly Baker,charles57@example.net,British Indian Ocean Territory (Chagos Archipelago),2022-11-02,Basic,255.02
5571,Nicole Thomas,jonesjoy@example.com,Kyrgyz Republic,2022-01-15,Premium,793.19
5572,Steven Johnson,jonathanryan@example.org,Saint Martin,2020-01-08,Premium,3986.47
5573,Bryan Summers,,United Kingdom,2024-01-23,Standard,446.8
5574,Cheyenne Pearson,uhunt@example.net,Christmas Island,2020-08-01,Basic,482.19
5575,David Walsh,smithmiranda@example.net,Tuvalu,2022-02-06,Standard,229.84
5576,Courtney Lee,evanselizabeth@example.com,Madagascar,2023-01-11,Premium,9112.06
5577,Stefanie Sullivan,hsmith@example.org,Tuvalu,2022-08-14,Basic,301.78
5578,Terry Prince,potteremily@example.com,Finland,2020-09-23,Standard,2970.08
5579,Renee Lopez,ryanmcdonald@example.com,Puerto Rico,2021-11-04,Basic,27.35
5580,Timothy Cain,christianelliott@example.net,Bermuda,2022-08-11,Basic,278.13
5581,Cheryl Bartlett,bridgetharris@example.net,Albania,2020-10-02,Standard,751.33
5582,Adam Perez,joshuarodriguez@example.org,Iran,2023-05-10,Standard,2896.9
5583,Jason Carpenter,sgonzalez@example.com,Moldova,2023-03-08,Standard,161.15
5584,Christina Hall,sbanks@example.org,North Macedonia,2022-02-16,Basic,432.45
5585,Mr. Justin Grant,michael39@example.org,Haiti,2022-06-11,Basic,364.79
5586,Kimberly Johnson,christophersanders@example.org,Ireland,2023-05-20,Basic,742.54
5587,David Gordon,sloanthomas@example.net,Korea,2022-05-18,Standard,502.98
5588,Christopher Snyder,kennedyrobert@example.net,Poland,2024-07-05,Standard,331.85
5589,Jordan Smith,wrightchristopher@example.com,Mauritania,2021-01-21,Standard,1863.58
5590,Joseph Caldwell,olynch@example.net,Oman,2021-07-24,Standard,1844.63
5591,Susan Bradley,waterspatricia@example.org,Solomon Islands,2022-07-08,Standard,2858.19
5592,Troy Davis,parmstrong@example.net,Ghana,2021-05-11,Basic,245.87
5593,Raymond Lawrence,johnlevy@example.org,Armenia,2022-07-31,Standard,2512.74
5594,Mark Olsen,rgarcia@example.org,Guam,2024-01-09,Premium,1927.31
5595,Steve Decker,jerrywilliams@example.net,Iceland,2022-01-12,Standard,724.06
5596,Mr. Michael Ramirez MD,hilltonya@example.org,Monaco,2021-02-28,Standard,2766.99
5597,April Phillips,braunolivia@example.org,Argentina,2023-11-30,Basic,669.18
5598,Mrs. Jennifer Mitchell,vparker@example.com,Colombia,2021-10-03,Standard,1486.25
5599,Jerry Lucas,epark@example.org,Spain,2024-08-10,Standard,2719.92
5600,Rebecca Stevens,ajohnson@example.org,New Zealand,2022-04-15,Standard,1378.61
5601,Melissa Davidson,rickeycarroll@example.net,Australia,2024-05-07,Standard,1330.69
5602,Raymond Carter,qwheeler@example.net,Cyprus,2023-09-22,Premium,1977.11
5603,Jennifer Huynh,emmaalvarez@example.com,Israel,2024-10-09,Basic,166.59
5604,Susan Hunter,jeffrey77@example.com,Rwanda,2020-04-07,Basic,577.81
5605,Joseph Hart DDS,tamara83@example.com,Barbados,2024-12-15,Standard,1416.91
5606,Melanie Ballard,scottcollins@example.net,United Kingdom,2021-11-13,Standard,395.44
5607,Peter Tanner,ijohnson@example.com,Ethiopia,2021-05-04,Premium,12150
5608,Clarence Wall,dcrawford@example.org,British Indian Ocean Territory (Chagos Archipelago),2023-02-12,Standard,1911.58
5609,Dr. Carrie Cook,gentrykatherine@example.net,Afghanistan,2023-02-08,Standard,147.39
5610,Jessica Jenkins,samuelmcclain@example.net,Wallis and Futuna,2024-12-03,Basic,12.54
5611,Nicholas Flores,smithrobert@example.org,Nicaragua,2020-12-23,Premium,4362.92
5612,Julia Hooper,vcharles@example.net,Costa Rica,2022-07-02,Basic,549.21
5613,Christine Miller,cindyjohnson@example.net,Latvia,2021-10-30,Standard,397.06
5614,Leah White,jonesshelby@example.com,Kiribati,2023-12-20,Standard,2760.28
5615,Francisco Turner,jlewis@example.net,Barbados,2021-05-21,Standard,2096.37
5616,Melissa Estrada,muellerphillip@example.com,Germany,2020-02-24,Standard,1215.05
5617,Joseph Garrett,darrell96@example.org,Slovakia (Slovak Republic),2020-06-06,Standard,383.15
5618,Jeffrey Gray,russellterri@example.net,Tokelau,2023-05-04,Basic,749.66
5619,Grant Lucero,bgray@example.net,Chad,2023-01-20,Standard,1606.26
5620,Michael Bennett,fpark@example.net,Belize,2024-09-08,Premium,7888.98
5621,David Vaughn,,Kuwait,2024-06-19,Standard,1782.2
5622,Ricky Baker,cruzjames@example.org,Israel,2023-03-05,Standard,1676.29
5623,Cory Pitts,lisacollins@example.net,Namibia,2022-10-16,Standard,2590.03
5624,Leah Bennett,paynekimberly@example.net,Suriname,2022-12-12,Standard,1872.09
5625,Kayla Todd,robertskeith@example.org,Congo,2021-06-05,Premium,13751.72
5626,Daniel Torres,ggreen@example.org,Spain,2020-12-23,Standard,726.29
5627,Barbara Elliott,michellesalazar@example.org,Cayman Islands,2023-05-26,Basic,797.65
5628,Stephanie Clark,burkegwendolyn@example.com,Cuba,2020-10-28,Basic,170.73
5629,Andrea Martin,joshuahorn@example.com,Greenland,2024-12-11,Premium,8649.1
5630,Lisa Carlson,alvarezmatthew@example.com,Slovenia,2020-07-01,Standard,2498.86
5631,Nicole Washington,briandavidson@example.com,Guernsey,2020-02-08,Standard,1521.3
5632,Joseph Gonzalez,hollandmitchell@example.org,Finland,2020-04-20,Premium,1493.28
5633,James Gibson,mbarajas@example.com,Spain,2022-02-06,Standard,1097.48
5634,Melissa Harris,jenniferanderson@example.net,Hungary,2022-02-22,Premium,2488.38
5635,John Lawrence,xedwards@example.com,Myanmar,2022-08-10,Premium,9705.86
5636,Dr. Amanda Jacobs,joseph02@example.net,Romania,2024-08-27,Standard,2544.86
5637,Melissa Barrera,anitadoyle@example.org,Honduras,2024-02-15,Standard,2797.54
5638,Jillian Duncan,youngpaul@example.com,Faroe Islands,2024-07-13,Basic,598.49
5639,Kelly Randall,amorrison@example.net,Seychelles,2022-06-20,Premium,12519.52
5640,Jeff Cunningham,hatfieldkenneth@example.net,Puerto Rico,2021-07-14,Standard,1608.53
5641,Kevin Reese,chelsea44@example.com,Lao People's Democratic Republic,2020-05-19,Standard,1218.74
5642,Jimmy Chavez,kevin52@example.com,Monaco,2021-05-11,Basic,240.98
5643,Antonio Cook,kwilcox@example.net,Lebanon,2020-05-18,Basic,625.07
5644,Anthony Stewart,wigginsjohn@example.org,Venezuela,2022-05-01,Standard,1506.12
5645,Robert Allen,tinashepard@example.org,Denmark,2024-04-08,Standard,353.47
5646,Joseph George,loweandrew@example.net,Oman,2021-05-04,Standard,2581.69
5647,Johnny Stevens,ghoward@example.org,Morocco,2022-05-29,Standard,1381.58
5648,Lori Massey,tracielong@example.com,Taiwan,2022-02-01,Premium,11573.96
5649,Whitney Riddle,kerri63@example.org,Serbia,2021-06-02,Standard,1582.32
5650,Dr. Andrea Powell,crussell@example.net,Serbia,2024-04-01,Premium,9669.33
5651,Jennifer Powell,lauracannon@example.com,Cote d'Ivoire,2022-03-04,Basic,748.05
5652,Barbara Smith,douglaslloyd@example.org,Gabon,2021-03-12,Standard,1746.97
5653,Lisa Fisher,not-an-email,Sudan,2023-08-05,Standard,431.22
5654,Latasha Chavez,jeffrey44@example.org,Svalbard & Jan Mayen Islands,2023-08-07,Standard,1947.07
5655,Justin Rogers,andersondenise@example.com,Chile,2021-06-12,Standard,1405.18
5656,Joshua Johnson,haynesmichelle@example.net,Egypt,2021-11-05,Standard,2078.27
5657,Tabitha Martin,starkkristy@example.net,Central African Republic,2024-12-03,Basic,279.49
5658,Heather Garrison,anthony56@example.net,Japan,2023-12-25,Basic,698.59
5659,Linda Johnson,burkenancy@example.org,Benin,2023-03-23,Premium,8662.02
5660,Emily Drake,herringpatricia@example.org,Vanuatu,2021-02-04,Basic,121.01
5661,Jesus Palmer,heather27@example.com,Maldives,2024-01-18,Standard,2696.69
5662,Ryan Pearson,timothyolsen@example.net,Zimbabwe,2021-06-12,Premium,667.57
5663,Natalie Gonzalez,jeremycalderon@example.com,Wallis and Futuna,2020-06-02,Standard,1052.37
5664,Emily Moore,arnoldjonathan@example.com,Kiribati,2024-07-30,Premium,10589.03
5665,James Perry,nicolerandall@example.net,Sierra Leone,2020-03-13,Standard,1959.69
5666,Nicholas Campbell,lewisamanda@example.org,North Macedonia,2020-06-16,Standard,2737.44
5667,Sherry Tucker,elizabethlittle@example.com,Sweden,2021-05-06,Standard,1150.15
5668,David Kidd,jacqueline54@example.com,San Marino,2022-10-11,Basic,634.86
5669,Robert Mcbride,kathleenweaver@example.net,Isle of Man,2023-07-09,Standard,441.31
5670,Christopher Green,jonescarolyn@example.net,Niger,2023-07-26,Basic,532.56
5671,William Villanueva,stafforderin@example.com,Croatia,2020-02-24,Standard,2280.57
5672,Robert Baker,matthewespinoza@example.com,Brunei Darussalam,2023-04-29,Basic,253.05
5673,Kim Boyer,crawfordveronica@example.org,Syrian Arab Republic,2023-10-06,Standard,2884.11
5674,Rachael Duarte,tanya75@example.org,Ecuador,2022-01-03,Standard,1763.03
5675,Dawn Williams,christine85@example.org,Holy See (Vatican City State),2022-06-13,Standard,2961.86
5676,Kimberly Novak,brett55@example.com,Israel,2022-07-18,Basic,183.65
5677,Angela Brown,stanleydeanna@example.org,Bhutan,2022-11-14,Premium,11518.31
5678,Rachael Bailey,crobinson@example.org,Greenland,2021-12-28,Standard,2167.99
5679,Aaron Wilson,nicholas39@example.com,Faroe Islands,2020-03-01,Basic,523.44
5680,Olivia Payne,jonathan00@example.net,Chad,2024-11-01,Standard,1007.98
5681,Monique Clark,sarah07@example.net,Luxembourg,2023-06-14,Basic,71.77
5682,Spencer Peterson,bonniesweeney@example.org,Senegal,2021-12-27,Standard,2778.79
5683,Nicholas Chen,juliemoore@example.com,Cambodia,2023-09-06,Premium,8412.7
5684,Gary Diaz,jasmine62@example.net,Gabon,2020-08-23,Standard,1264.05
5685,Jacqueline Hogan,opayne@example.org,Nepal,2021-08-19,Standard,949.68
5686,Kevin Roberts,johnsonevelyn@example.org,Mauritius,2020-09-02,Premium,9686.75
5687,Heather Wallace,lschmidt@example.net,Wallis and Futuna,2021-05-12,Premium,14506.85
5688,Meghan Knight,gwhite@example.org,Netherlands,2020-02-27,Premium,13681.89
5689,Craig Fleming,hoffmananna@example.com,Norfolk Island,2020-10-31,Basic,694.68
5690,Shannon Becker,richard07@example.com,Guam,2020-06-03,Basic,262.86
5691,Brooke Flores,abowman@example.org,United States Minor Outlying Islands,2023-10-07,Standard,987.73
5692,Brett Ferguson,ckelly@example.com,Austria,2020-05-03,Premium,12228.87
5693,Kristen Johnson,austinpeterson@example.net,United States of America,2023-07-20,Standard,791.82
5694,David Mcguire,tannertina@example.org,Mozambique,2023-05-01,Basic,575.34
5695,James Green,timothy73@example.net,Chad,2021-03-16,Basic,594.29
5696,Edward Bauer,alexander73@example.net,Bolivia,2023-07-17,Standard,1667.9
5697,Angela Weaver,martinezhenry@example.org,Saudi Arabia,2020-04-19,Premium,9799.75
5698,Theodore Bishop,mosschristine@example.net,El Salvador,2024-02-05,Basic,100.32
5699,Stephanie Miller,aperry@example.com,Liberia,2023-12-27,Basic,259.01
5700,Allen Benson,michaelramos@example.com,Haiti,2024-01-20,Premium,10723
5701,Michael Johnson,danielcohen@example.org,Algeria,2020-10-13,Basic,268.73
5702,Angela Hughes,gregoryrivera@example.net,Vietnam,2023-05-18,Premium,2844.41
5703,Ryan Vasquez,aguirrepatrick@example.com,Rwanda,2023-12-22,Premium,12810.84
5704,Christine Johnson,sjohnson@example.org,Moldova,2023-06-23,Basic,670.59
5705,Cynthia Sanders,jasonyork@example.com,Hong Kong,2023-01-04,Standard,759.48
5706,Darlene Campbell,jordansusan@example.org,Liechtenstein,2023-02-18,Standard,1017.01
5707,Kelsey Mcclure,charlesmartinez@example.org,Armenia,2021-06-15,Basic,328.68
5708,Christopher Franklin,thomas80@example.net,Bosnia and Herzegovina,2023-10-10,Basic,586
5709,Joy Navarro,onelson@example.net,Japan,2024-09-04,Premium,591.61
5710,Kimberly Wood,shannon03@example.net,Czech Republic,2021-07-19,Standard,1850.12
5711,Joel Chandler,kayla91@example.org,Svalbard & Jan Mayen Islands,2024-01-18,Basic,502.04
5712,Lisa Montgomery,juliadavid@example.net,Finland,2023-01-02,Standard,877.74
5713,Sarah Edwards,kellimedina@example.com,Germany,2021-08-14,Basic,389.97
5714,Cheryl Wiley,bakerlisa@example.org,Anguilla,2024-01-21,Standard,2310.92
5715,Sarah Smith,philiphammond@example.com,Guadeloupe,2021-06-23,Premium,6533.03
5716,Gregory Burnett,fryjason@example.org,Guam,2023-01-21,Premium,10354.59
5717,John Cardenas,briancameron@example.com,Madagascar,2020-01-23,Basic,408.57
5718,John Rosario,rfrye@example.org,Tonga,2022-11-16,Basic,518.85
5719,Randall Brown,angela08@example.net,Malaysia,2024-09-27,Premium,13698.79
5720,Shirley Miller,kelseyshaw@example.com,Gabon,2020-06-06,Premium,5358.69
5721,Crystal Sanders,erin77@example.org,Bermuda,2021-03-28,Basic,617.44
5722,Jeremy Park,smithalyssa@example.org,Thailand,2021-02-14,Premium,3852.72
5723,Jordan Perry,xmccann@example.org,Belize,2024-12-29,Premium,6597.14
5724,Timothy Webb,awilson@example.com,Serbia,2024-12-24,Basic,237.3
5725,James Jenkins,vhill@example.com,Bolivia,2020-10-06,Basic,33.44
5726,Stephen Bell,ronald95@example.org,North Macedonia,2020-04-23,Basic,76.11
5727,William Cooper,stephen68@example.net,Syrian Arab Republic,2020-10-09,Standard,1048.56
5728,Melissa Love,erinarmstrong@example.org,Iceland,2020-01-10,Standard,1000.32
5729,Janice Walker,terricurtis@example.net,Lesotho,2024-09-10,Basic,186.34
5730,Amanda Baker,maciasmichael@example.net,Bahamas,2022-02-24,Standard,281.95
5731,Rebecca Cochran,dawn19@example.net,Yemen,2021-04-17,Standard,628.22
5732,Michael Mclaughlin,jeffreysantos@example.com,United States Minor Outlying Islands,2020-05-10,Basic,253.27
5733,George Garza Jr.,wardtamara@example.net,Romania,2023-09-20,Standard,1158.84
5734,Michael Garrison,lindawagner@example.com,Bermuda,2020-09-27,Basic,737.78
5735,Thomas Travis,hamiltonamy@example.net,Benin,2022-04-29,Premium,2941.79
5736,Michael Ortiz,stanleylatasha@example.org,Anguilla,2021-04-22,Basic,531.82
5737,Laura Brown,fowlerjason@example.org,Falkland Islands (Malvinas),2021-05-04,Standard,237.04
5738,Christine Wright,srose@example.net,Luxembourg,2022-06-15,Standard,2384.64
5739,Mark Todd,justinthomas@example.net,Eritrea,2022-09-05,Basic,781.84
5740,Jeff Hughes,owentravis@example.com,Dominican Republic,2023-07-30,Standard,2821.09
5741,Jason Porter,carrieharris@example.com,Marshall Islands,2024-04-27,Basic,548.82
5742,Eric Webb,brandyrogers@example.com,Peru,2022-12-03,Standard,1287.57
5743,Michael Williams,michael82@example.com,Burundi,2023-07-23,Basic,442.25
5744,Taylor Walker,matthewdavis@example.net,Seychelles,2024-06-11,Basic,260.44
5745,Kristina Marshall,awalker@example.com,South Georgia and the South Sandwich Islands,2021-09-16,Standard,1800.7
5746,Jeremy Camacho,jose76@example.com,Saint Barthelemy,2020-01-18,Premium,8118.79
5747,Randy Turner,vblack@example.org,Isle of Man,2021-06-15,Premium,3211.57
5748,Andrea Wood,xgarcia@example.net,Palestinian Territory,2024-01-23,Basic,652.32
5749,Juan Murphy,garrettmichael@example.com,Eritrea,2021-01-23,Basic,469.85
5750,Michelle Friedman,tperry@example.net,Kuwait,2020-01-28,Basic,317.48
5751,Ashley Gardner,davidbryant@example.org,Lithuania,2020-08-04,Premium,6782.79
5752,Cynthia Bell,amber24@example.com,Brunei Darussalam,2021-08-28,Standard,748.42
5753,Troy Sherman,hughesalexis@example.org,Turkmenistan,2021-07-23,Basic,644.09
5754,David Rodriguez,wgraves@example.com,Ireland,2020-12-01,Basic,182.21
5755,Dennis Garcia,johnsoncory@example.net,Singapore,2022-02-24,Premium,10814.73
5756,Daniel Davidson,sotomaria@example.net,Svalbard & Jan Mayen Islands,2023-09-08,Standard,196.86
5757,Teresa Edwards,juan01@example.org,Kuwait,2020-07-25,Premium,11945.65
5758,Chad Ramos,uterry@example.com,Oman,2024-05-28,Standard,2408.6
5759,Gina Carey,whitakercody@example.com,Finland,2022-06-26,Standard,1789.4
5760,Kelly Acevedo,barraaron@example.org,Antarctica (the territory South of 60 deg S),2024-01-18,Premium,14904.02
5761,Tricia Sherman,garrettreid@example.com,Eritrea,2021-10-18,Premium,1548.87
5762,Lisa Gallagher,angela40@example.org,Puerto Rico,2020-11-23,Basic,563.33
5763,Julie King,loribowman@example.net,Korea,2023-06-16,Basic,486.59
5764,Kelly Mcfarland,andreacruz@example.com,Christmas Island,2021-06-21,Basic,313.36
5765,Amanda Smith MD,caldwelldavid@example.net,Seychelles,2020-12-08,Standard,2690.42
5766,Alexis Hale,smithsarah@example.com,Mauritania,2021-09-01,Standard,511.93
5767,William Grimes,ysoto@example.net,Palau,2020-03-02,Standard,2036.74
5768,Brittney Odonnell,alejandrojones@example.net,Bahrain,2020-12-11,Standard,2369.54
5769,Jessica Rojas,jamiezimmerman@example.com,Honduras,2021-08-30,Standard,770.33
5770,Jenna Rodriguez,cesar19@example.net,Bahamas,2024-02-29,Basic,705.69
5771,Ryan Shelton,shawnanderson@example.net,Chad,2022-12-30,Basic,658.57
5772,Melissa Parker,eileenortiz@example.com,Mauritania,2023-01-18,Basic,54.82
5773,Cynthia Silva,lgonzalez@example.net,Svalbard & Jan Mayen Islands,2020-12-04,Standard,1622.11
5774,Maria Adams,michael10@example.net,Cambodia,2021-10-14,Standard,1773.18
5775,Nicole Bentley,michael88@example.com,Korea,2023-07-22,Standard,1662.11
5776,Brittany Robertson,josepena@example.net,Maldives,2020-06-30,Premium,10149.55
5777,Anne Hamilton,bellsusan@example.net,Libyan Arab Jamahiriya,2023-10-08,Basic,400.59
5778,Albert Fields,umiller@example.net,Netherlands Antilles,2021-10-22,Standard,948.44
5779,Amy Clarke,caleb79@example.com,Niue,2024-03-31,Basic,479.37
5780,Marissa Lopez,hillmelissa@example.net,Belgium,2024-05-09,Premium,8493.47
5781,Kristina Gilbert,kennedyevan@example.com,Guadeloupe,2024-05-25,Basic,531.95
5782,Elizabeth Rodgers,brenda00@example.net,Trinidad and Tobago,2024-09-21,Basic,223.86
5783,Clinton Pruitt,ireed@example.org,Turks and Caicos Islands,2024-03-05,Standard,2888.71
5784,Cody Smith Jr.,kellyleah@example.org,Montenegro,2023-03-18,Basic,18.85
5785,Dominique Clark,sean29@example.org,Greenland,2020-05-26,Standard,554.82
5786,Robert Terry,morgan68@example.org,Reunion,2023-02-18,Basic,653.17
5787,Debra Meyers,smithmatthew@example.net,Monaco,2024-04-24,Basic,749.59
5788,Richard James,joshualopez@example.net,Oman,2023-03-16,Basic,535.66
5789,Mrs. Karen Johnson,teresacooper@example.net,Puerto Rico,2024-12-05,Basic,408.28
5790,Steven West,kyleadams@example.com,Australia,2020-02-01,Standard,2720.64
5791,Heather Nixon,smerritt@example.net,Lesotho,2023-05-24,Basic,66.32
5792,Mr. David Hurst,raymondamanda@example.com,Kazakhstan,2021-02-28,Standard,2187.67
5793,Joshua Johnson,trevinoemily@example.org,Saint Barthelemy,2024-10-26,Premium,1190.13
5794,Jennifer Adams,xparker@example.net,Belgium,2022-07-07,Premium,4558.77
5795,Sally Preston,brandonmoore@example.org,American Samoa,2023-03-14,Basic,534.29
5796,Sean Woods,stephen36@example.net,Singapore,2021-08-19,Standard,1467.64
5797,Chelsea Mason,cgray@example.com,Saint Lucia,2022-07-16,Standard,2439.15
5798,Charles Hicks,shelley85@example.org,Saint Kitts and Nevis,2022-06-09,Basic,222.73
5799,Pamela Adams,qwarren@example.com,Georgia,2021-03-27,Standard,1165.92
5800,Katrina Rodriguez,williamsgregory@example.com,Eritrea,2023-05-13,Standard,1313.27
5801,Derek Allison,justinhowell@example.com,Burkina Faso,2021-09-05,Standard,2117.38
5802,Madison Daugherty,keith04@example.org,Portugal,2022-10-12,Standard,2841.07
5803,Jacqueline Murphy,mlewis@example.com,Armenia,2022-03-27,Basic,83
5804,Theodore Banks,millsbrittany@example.net,British Indian Ocean Territory (Chagos Archipelago),2021-05-06,Standard,1343.5
5805,Matthew Foley,diana55@example.net,Fiji,2020-08-10,Standard,761.21
5806,Kenneth Crosby,johngalvan@example.org,France,2022-09-25,Basic,712.4
5807,Michael Stevens,fhiggins@example.net,Albania,2023-07-20,Basic,394.93
5808,Michelle Bennett,gallegosamy@example.org,Tonga,2023-12-30,Basic,360.05
5809,Evelyn Moore,cooleyjeffrey@example.com,Montserrat,2020-09-20,Premium,8284.9
5810,Julie Lutz,tanyatorres@example.com,Iceland,2020-03-15,Basic,476.6
5811,Kellie Aguilar,omiller@example.net,Bermuda,2022-01-23,Standard,1553.18
5812,Kelsey Castillo,ureyes@example.com,Malta,2024-06-17,Premium,2781.97
5813,Kimberly Lopez,kwalters@example.net,Bangladesh,2020-11-12,Standard,563.62
5814,Jillian Elliott,bowmananthony@example.com,Congo,2020-11-24,Basic,750.83
5815,Brandi Barnes,lucas74@example.org,Burundi,2021-10-20,Standard,2491.82
5816,Whitney Schmidt,sara95@example.net,Serbia,2023-12-20,Basic,672.35
5817,Jessica Berry,annette12@example.com,Maldives,2021-06-10,Standard,2136.31
5818,Andrew Stone,gcamacho@example.net,Puerto Rico,2020-06-23,Standard,2142.58
5819,Hannah Sellers,jacksonjoel@example.net,Eritrea,2024-12-19,Standard,1522.93
5820,Mitchell Harris,heather02@example.com,Guatemala,2021-02-14,Standard,2021.05
5821,Jonathan Stark,zchaney@example.net,Lao People's Democratic Republic,2020-03-30,Standard,420.23
5822,Daniel Garcia,candice86@example.org,Burkina Faso,2024-06-27,Basic,713.75
5823,Anthony Harris MD,andersonjulia@example.org,Hong Kong,2027-01-01,Basic,738.89
5824,Mark Washington,mariahill@example.org,Fiji,2024-08-12,Premium,570.11
5825,April Banks,nwaller@example.org,Saint Kitts and Nevis,2022-03-11,Standard,2104.61
5826,Donald Page,brittanykelley@example.com,Argentina,2021-02-07,Premium,5165.23
5827,Erin Davis,adamsdanielle@example.net,Denmark,2021-12-18,Standard,2312.53
5828,Sarah Davis,debrabarnett@example.net,Haiti,2020-04-21,Standard,182.92
5829,Nicholas Bauer,amanda26@example.org,North Macedonia,2023-12-08,Standard,2847.97
5830,Brenda Bowen,matthewrios@example.org,Turkey,2022-03-25,Basic,352.19
5831,Andrew Flores,leah30@example.com,Ukraine,2022-03-20,Standard,1286.11
5832,Brian Perez,smithmichael@example.net,United States Minor Outlying Islands,2024-07-24,Standard,1105.39
5833,Kara Singleton,jameswilliams@example.com,Argentina,2021-07-30,Standard,1138.46
5834,Jennifer Norton,jefferydiaz@example.com,Iran,2020-07-15,Standard,1077.26
5835,Jacob Peters,angelaandrade@example.net,Mongolia,2020-10-21,Standard,2767.75
5836,Elizabeth Tyler,williamsmichael@example.com,Liechtenstein,2024-03-26,Premium,817.99
5837,Christine Boyer,rebeccasmith@example.net,Saint Pierre and Miquelon,2024-08-10,Basic,514.58
5838,Jennifer Price,alejandro47@example.com,Anguilla,2020-06-28,Standard,1505.75
5839,Robert Smith,zshelton@example.com,Slovenia,2022-01-16,Standard,853.73
5840,Kurt Salazar,brewermarcus@example.com,Trinidad and Tobago,2021-06-26,Premium,3757.78
5841,Sharon Goodman,frankjackson@example.org,Armenia,2020-08-04,Standard,150.69
5842,Albert Ross,andrewsmichelle@example.com,Timor-Leste,2022-08-17,VIP,2242.76
5843,Sara Garcia,patrickallen@example.net,Belgium,2020-01-03,Standard,1337.81
5844,Rebecca Davis,tina20@example.org,Mexico,2021-07-02,Standard,1628.45
5845,Casey Thomas,angelashelton@example.org,Faroe Islands,2022-01-20,Standard,2662.74
5846,Raymond Fields,kenneth24@example.net,Nepal,2021-01-21,Basic,545.67
5847,Dustin Johnson,heatherschroeder@example.org,American Samoa,2020-02-02,Basic,380.36
5848,Connor West,amypowers@example.com,Panama,2024-05-09,Standard,1354.14
5849,Antonio Willis,tbradley@example.org,Grenada,2021-03-07,Premium,8400.19
5850,Christopher Morris,fwilson@example.com,Colombia,2021-03-09,Basic,474.53
5851,Stephanie Horton,ricky76@example.com,Azerbaijan,2021-02-06,Basic,116.31
5852,Kimberly Levy,xellis@example.org,Honduras,2022-02-06,Basic,218.48
5853,Donald Arnold,maybernard@example.org,India,2021-06-24,Premium,5127.51
5854,Timothy Bennett,toddlopez@example.org,Saint Helena,2020-01-27,Standard,1784.2
5855,Jenny Franco,robertburns@example.org,Japan,2023-03-04,Premium,3079.5
5856,Charles Morris,dzimmerman@example.org,Mayotte,2024-10-12,Basic,44.37
5857,Catherine Turner,calebreynolds@example.net,Cayman Islands,2024-03-21,Standard,554.71
5858,William Shah,jamesle@example.org,Congo,2021-06-25,Standard,2117.01
5859,Tanya Thompson,jeffguzman@example.org,Hungary,2023-02-09,Standard,2944.51
5860,Michael Wise,samantha01@example.com,French Southern Territories,2020-01-11,Standard,2581.43
5861,Eric Middleton,brittanymoore@example.com,Iceland,2020-05-12,Standard,2770.73
5862,Alexander Ortega,barbaraperez@example.net,Norway,2022-06-15,Premium,9606.86
5863,Douglas Stout,jamesbest@example.com,Bouvet Island (Bouvetoya),2021-06-20,Standard,907.09
5864,Craig Peterson,jaredboyd@example.net,Norway,2024-12-20,Basic,797.52
5865,Holly Weber,petersonkathryn@example.net,Northern Mariana Islands,2024-04-14,Standard,1124.91
5866,Gina Olson,brian25@example.com,Bulgaria,2020-11-25,Standard,2812.44
5867,Patrick Becker,smithadam@example.com,Tunisia,2024-10-01,Basic,167.87
5868,Kristin Morrison,wesley46@example.net,Korea,2021-11-07,Basic,47.59
5869,Nathan Mullins,juliagarcia@example.net,Egypt,2021-02-19,Premium,5650.74
5870,Tiffany James,blake69@example.org,Papua New Guinea,2020-09-29,Premium,6607.86
5871,Judith Mcmillan,francismason@example.org,Philippines,2020-01-24,Standard,2459.41
5872,Rebekah Reid,patricia11@example.net,Papua New Guinea,2022-09-18,Standard,138.9
5873,Paul Richardson,tthompson@example.org,Cambodia,2023-11-13,Premium,8870.12
5874,Jason Fisher,hartmansarah@example.com,Zambia,2024-03-16,Premium,11468.93
5875,Erik Morales,mjohnson@example.com,Swaziland,2023-06-15,Premium,13596.44
5876,Ryan Kirby,kathleen20@example.com,Ghana,2023-10-15,Standard,370.8
5877,Nicholas Walker,swalters@example.org,French Southern Territories,2023-04-11,Standard,2736.19
5878,Melissa Bullock,timothyreed@example.net,Ethiopia,2022-11-10,Premium,10928.49
5879,Bryan Franklin,emma68@example.org,Pakistan,2020-10-27,Basic,491.17
5880,Lisa Barry,john12@example.org,Haiti,2020-06-25,Standard,2419.65
5881,Scott Morales,jcampbell@example.com,Bahamas,2020-07-07,Standard,1934.23
5882,Matthew Contreras,juan86@example.net,Vietnam,2021-05-17,Standard,2537.2
5883,Amanda Mcgrath,stevenschristopher@example.org,Saint Martin,2020-05-27,Basic,155.35
5884,Andrew Taylor,alexandra05@example.com,New Caledonia,2022-08-15,Basic,439.75
5885,Terri Garcia,lparker@example.net,Angola,2024-02-06,Standard,1268.27
5886,David Jones,barrettkimberly@example.org,Kazakhstan,2022-12-10,Premium,10354.44
5887,Corey Jones,samantha20@example.com,Montenegro,2024-11-02,Standard,2644.47
5888,Alexis Rosario,brownbilly@example.com,Poland,2022-03-02,Premium,11978.57
5889,Angela Owen,kristi31@example.com,Saint Lucia,2022-10-25,Basic,420.86
5890,Joy Stewart,xperry@example.com,Kenya,2024-01-10,Premium,3347.04
5891,Heather Wilson,bakerjeremy@example.org,Grenada,2022-11-24,Basic,55.14
5892,Keith Martinez,sarahwells@example.net,Cape Verde,2023-08-16,Standard,1600.97
5893,Richard Fernandez,garciamatthew@example.org,Belgium,2021-09-04,Standard,1632.41
5894,Jessica Hancock,qmathis@example.org,Sao Tome and Principe,2020-04-06,Basic,548.74
5895,Corey Rodriguez,agarcia@example.com,Algeria,2024-07-23,Premium,6545.1
5896,Tiffany Marks,not-an-email,Thailand,2022-02-04,Basic,98.24
5897,Kathleen Porter,lopezadam@example.org,Gibraltar,2020-05-02,Premium,6941.97
5898,Kimberly Hinton,lisa24@example.org,Mexico,2021-07-05,Basic,690.85
5899,Michelle Johnson,icraig@example.com,Seychelles,2020-01-22,Standard,2865.38
5900,Robin Russell,powerssandra@example.net,Saint Pierre and Miquelon,2024-06-28,Premium,1953.82
5901,Laura Casey,raymondjanet@example.com,Sierra Leone,2020-08-09,Basic,370.33
5902,Robert Carr,martinjennifer@example.net,Korea,2021-06-25,Premium,9805.29
5903,Ashley Moody,dorothybruce@example.net,Colombia,2022-07-17,Premium,11897.24
5904,Jillian Roach,rogersbrittany@example.com,Nigeria,2023-07-08,Basic,396.7
5905,Henry Fields,jasmine02@example.com,Japan,2023-02-26,Standard,2885.65
5906,Christopher Sanchez,zgarrett@example.com,Uganda,2022-10-13,Basic,192.02
5907,Arthur Miller,chad29@example.net,Saint Lucia,2022-08-24,Standard,2164.27
5908,Shawn Hernandez,jacob67@example.com,Luxembourg,2024-01-08,Standard,506.26
5909,Cynthia Cruz,aromero@example.com,Afghanistan,2021-03-14,Standard,2580.53
5910,Stephanie King,gordonlaura@example.net,Guinea-Bissau,2024-08-19,Premium,11802.82
5911,Michael Tanner,juliadavis@example.com,Korea,2021-02-02,Basic,111.74
5912,Amy White,laceycruz@example.net,Iceland,2020-08-19,Premium,10406.38
5913,Alexis Griffin,brittanycoffey@example.net,Brazil,2020-03-06,Standard,428.62
5914,Jane Kirby,rbrown@example.net,United States Virgin Islands,2020-07-14,Standard,1260.81
5915,Tiffany Henderson,maddenmelissa@example.org,Micronesia,2022-01-24,Standard,2192.3
5916,Michael Weber,dominiquepowers@example.com,India,2020-01-10,Standard,1666.6
5917,Cindy Jenkins,zperez@example.org,Cuba,2021-05-07,Basic,434.87
5918,Linda Cordova,myersjacqueline@example.net,Lithuania,2020-05-22,Basic,43.27
5919,Ricky Peterson,foxanthony@example.org,Guadeloupe,2021-01-31,Basic,388.37
5920,Amber Franklin,bradleygarrett@example.org,Guyana,2020-05-09,Standard,1549.49
5921,Michael Gill,belltheresa@example.com,Uganda,2020-06-15,Standard,1903.14
5922,Edward Marsh,kimberly24@example.org,Israel,2021-09-11,Premium,6116.7
5923,Anthony Smith,caitlynwalton@example.net,New Zealand,2024-07-05,Basic,279.83
5924,Jessica Davis,,Ukraine,2022-12-08,Standard,2173.4
5925,Lisa Herrera,qsnyder@example.net,American Samoa,2022-07-31,Standard,564.13
5926,Ryan Davis,sramirez@example.org,British Indian Ocean Territory (Chagos Archipelago),2022-11-24,Premium,10450.9
5927,Jessica Cook,costawendy@example.org,Fiji,2022-03-16,Basic,52.7
5928,Johnny May,joangarcia@example.com,Guinea,2023-12-03,Basic,487.97
5929,Mary Anderson,christinewilliams@example.net,Egypt,2021-10-28,Basic,91.72
5930,Jennifer Meadows,lewistyler@example.net,Japan,2023-12-15,Premium,13573.96
5931,Ian Foster,melissa51@example.com,Egypt,2021-11-18,Basic,590.27
5932,Michael Irwin,james27@example.org,Maldives,2022-01-27,Standard,2707.24
5933,Anthony Gardner,clarkamber@example.org,Brazil,2024-06-22,Standard,1793.38
5934,Mark Pham,shawmelanie@example.com,United States of America,2024-12-13,Standard,2142.39
5935,Randy Smith,raymichael@example.net,Mali,2023-09-28,Standard,941.13
5936,Rebecca Wilson,kross@example.org,Luxembourg,2021-04-04,Standard,2567.23
5937,Debbie Adams,campbellkristen@example.com,Samoa,2020-02-03,Standard,2485.06
5938,Stephanie Ross,hamiltondeborah@example.org,Portugal,2021-12-28,Standard,246.73
5939,John Larsen,ganderson@example.org,Guam,2024-03-15,Standard,593.27
5940,Matthew Vincent,jacksonpatrick@example.net,Thailand,2021-02-02,Basic,421.65
5941,Matthew York,vkelly@example.net,Cambodia,2020-06-03,Standard,1097.22
5942,Michelle Matthews,zweaver@example.com,United Kingdom,2020-05-27,Standard,2960.11
5943,William Johnston,melissabarnett@example.com,Falkland Islands (Malvinas),2020-04-02,Premium,11528.58
5944,Shawn Richmond,thompsonamber@example.net,Kazakhstan,2023-12-22,Basic,108.09
5945,Richard Torres,jeffrey37@example.org,Honduras,2021-02-21,Premium,10368.53
5946,Maria Oliver,huntsamuel@example.org,Slovakia (Slovak Republic),2021-10-28,Standard,162.71
5947,Lindsey Ramos,danielespinoza@example.net,Equatorial Guinea,2024-11-16,Premium,13964.55
5948,Kenneth Smith,sarah27@example.net,Vietnam,2022-03-03,Standard,338.79
5949,Brooke Harris,qramsey@example.org,Ghana,2022-03-09,Standard,664.11
5950,William Moyer,camposronald@example.com,Saint Pierre and Miquelon,2024-07-13,Standard,648.41
5951,Joseph Franklin,davisnicholas@example.com,Tunisia,2021-10-04,Standard,2800.64
5952,Stephen Griffin,janiceanderson@example.com,Tanzania,2020-12-23,Standard,1850.86
5953,Juan Campos,angelarivera@example.net,Northern Mariana Islands,2021-03-29,Standard,1162.58
5954,Lori Turner,connie03@example.net,Mexico,2023-10-03,Premium,13162.14
5955,Joseph Stein,nicholas69@example.org,Mali,2020-05-30,Standard,1839.52
5956,David Lawson,idavies@example.net,Rwanda,2022-11-29,Standard,2281.73
5957,Gary Perez,michellecooper@example.org,Angola,2020-03-01,Standard,2077.4
5958,John Burke,williamsonlaura@example.net,Malta,2023-11-14,Premium,2224.19
5959,Kelli Acevedo,howardzachary@example.net,Spain,2021-10-24,Standard,856.61
5960,Tyrone Spears,lisa12@example.net,Marshall Islands,2024-05-02,Standard,2988.96
5961,William Manning,joshua18@example.org,Cook Islands,2021-06-22,Premium,2239.96
5962,Kristin Rodriguez,tmullins@example.com,Cameroon,2021-12-05,Premium,5083.25
5963,Allison Lang,jeffrey20@example.org,Nepal,2022-01-02,Standard,1235.19
5964,Michael Santos,ramosronald@example.com,Tonga,2022-11-13,Standard,2503.18
5965,Aaron Waters,teresaflores@example.net,Norfolk Island,2024-10-13,Standard,719.01
5966,Janet Brown,philipchavez@example.org,Iceland,2023-05-31,Standard,1662.67
5967,Christopher King,christopher51@example.com,Saint Pierre and Miquelon,2022-01-09,Basic,712.99
5968,Luis Kim,davidsonwilliam@example.net,Cayman Islands,2023-12-09,Standard,1245.34
5969,Deborah Allen,amy17@example.net,Central African Republic,2021-10-12,Standard,204.31
5970,Melanie Garner,wharris@example.com,Bangladesh,2024-08-15,Basic,541.35
5971,Thomas Johnson,xsantiago@example.org,Nepal,2020-05-04,Standard,1332.91
5972,Alexander Swanson,bryanbrianna@example.com,Isle of Man,2023-11-29,Premium,659.13
5973,Rachel Stein,conniebrandt@example.com,Lesotho,2022-10-19,Standard,1093.44
5974,Gary Smith,kennethbright@example.org,Finland,2023-06-09,Basic,121.45
5975,Stephen Hayes,chanamanda@example.org,Italy,2020-04-01,Basic,615.33
5976,Rebecca Newman,lmaynard@example.net,Czech Republic,2020-10-14,Standard,643.43
5977,Jamie Cox,shawngill@example.com,Peru,2022-11-07,Basic,776.31
5978,Alexis Maxwell,cassidyward@example.com,Greenland,2022-06-03,Standard,2300.57
5979,Matthew Fuller,howardwilliams@example.net,Estonia,2024-01-17,Premium,8159.99
5980,Gary Mcclure,wglenn@example.net,Turkey,2022-09-26,Standard,585.25
5981,Christina Stanley,jonesanna@example.net,Lao People's Democratic Republic,2024-04-09,Standard,520.21
5982,Michael Lawson,pbrown@example.net,Mauritius,2022-03-26,Standard,342.39
5983,Nathan Cline,wbrown@example.net,Maldives,2021-02-07,Basic,485.29
5984,Matthew Wong,jeffrey29@example.net,Portugal,2020-07-18,Standard,661.3
5985,Stephanie Allen,lance24@example.org,Cape Verde,2023-06-16,Standard,2614.68
5986,Whitney Green,turnerroger@example.net,Hungary,2020-09-29,Standard,453.84
5987,Stacy Harvey,ryanshannon@example.org,Tuvalu,2020-09-26,Premium,6546.5
5988,Dawn Sandoval,cmartin@example.com,Bosnia and Herzegovina,2023-07-13,Standard,1779.33
5989,Jeremy Bryant,icasey@example.org,Guam,2022-03-31,Basic,0.02
5990,Barbara Ware,calvinburns@example.com,Venezuela,2020-02-12,Standard,2470.02
5991,Brady Harmon,rebeccacarroll@example.org,Indonesia,2024-11-10,Premium,1533.95
5992,Sean Higgins,vjackson@example.net,Panama,2022-05-18,Standard,1096.02
5993,Nathaniel Mills,zmendoza@example.org,Vietnam,2024-05-29,Basic,108.39
5994,Kathryn White,ohudson@example.net,Cocos (Keeling) Islands,2022-07-14,Basic,437.07
5995,Johnny Pearson,rgonzales@example.com,Bosnia and Herzegovina,2022-03-10,Standard,1848.22
5996,Jeremy Little,steve25@example.com,Mauritania,2022-08-24,Standard,2449.76
5997,Christopher Frye,carlabrown@example.org,Slovenia,2024-11-22,Standard,2676.82
5998,Ebony Jones,vallen@example.com,Brunei Darussalam,2022-01-24,Basic,379.74
5999,Karen Wiggins PhD,reedleroy@example.org,Togo,2023-07-04,Basic,524.55
6000,Austin Wilson,bcarson@example.com,Latvia,2022-04-15,Basic,494.02
6001,Vanessa Obrien,clarklaura@example.com,United Arab Emirates,2020-01-03,Standard,2949.05
6002,Emily Spencer,ricardophillips@example.com,Gibraltar,2020-01-21,Premium,14169.06
6003,Sarah Woodward MD,matthewevans@example.com,Korea,2024-03-27,Standard,1719.89
6004,Scott Jones,melinda77@example.org,Djibouti,2021-05-28,Premium,11672.04
6005,Robert Smith,upatel@example.org,Heard Island and McDonald Islands,2022-08-09,Premium,8995.65
6006,Chelsea Jones,laurie35@example.com,Heard Island and McDonald Islands,2024-08-08,Standard,154.93
6007,Thomas Lee,ngolden@example.net,Malaysia,2023-11-27,Standard,369.93
6008,Victoria Hall,oyoung@example.com,Paraguay,2023-05-28,Basic,536.94
6009,Eric Riley,johnsonrichard@example.org,Sao Tome and Principe,2022-06-12,Basic,512.54
6010,Jason West,anneschultz@example.com,Swaziland,2022-12-09,Basic,151.41
6011,Allison Taylor,dylan92@example.org,Benin,2023-10-21,Basic,494.37
6012,Carrie Griffin,dawnconner@example.com,Australia,2022-06-20,Basic,240.23
6013,Matthew Weaver,brianriley@example.org,Macao,2020-01-13,Premium,3728.87
6014,Shaun Davis,lewisedward@example.net,Nicaragua,2020-11-27,Standard,2588.25
6015,Laurie Hoover,garciapamela@example.net,Zambia,2021-03-06,Premium,10085.56
6016,Vanessa Howell,tracy61@example.com,Monaco,2022-04-28,Premium,7965.89
6017,Mrs. Lori Price,dodsonbenjamin@example.net,Timor-Leste,2022-07-05,Premium,7873.18
6018,Sean Murphy,molly80@example.org,Spain,2024-03-03,Basic,74.66
6019,Christina Wilkins,jason36@example.org,United States Virgin Islands,2024-03-02,Basic,10.61
6020,Dennis Lopez,wilsonvalerie@example.com,Morocco,2020-12-27,Basic,665.22
6021,Mark Rios,beckyblake@example.com,Nepal,2021-11-28,Basic,607.36
6022,Ashley Gray,guzmancarl@example.com,French Guiana,2023-04-26,Basic,572.02
6023,Mason Stewart,andrewrandall@example.com,Montserrat,2021-09-13,Premium,14811.06
6024,,santanaveronica@example.org,Italy,2024-02-15,Basic,522.78
6025,Alexis Avila,patricia36@example.org,Nigeria,2023-02-08,Basic,81.11
6026,Daniel Evans,dianajacobson@example.com,Cote d'Ivoire,2021-04-05,Basic,471.8
6027,Aaron Silva,bautistanathan@example.com,Cook Islands,2021-10-23,Premium,8642.79
6028,Victoria Gibbs,jeffrey56@example.net,China,2023-11-09,Premium,4901.54
6029,Megan Bright,linkevin@example.net,Lithuania,2022-09-25,Basic,358.38
6030,Jason Arnold,marcus16@example.net,Saint Martin,2023-08-07,Premium,4655.54
6031,Mitchell Johnson,patricia74@example.org,Belgium,2021-03-10,Standard,1771.9
6032,Krystal Wood,simsjimmy@example.net,Singapore,2024-03-16,Standard,922
6033,Melissa Olsen,rjimenez@example.org,Nigeria,2021-02-12,Premium,8789.14
6034,Victoria Moore,erica68@example.net,Armenia,2021-08-23,Premium,6632.39
6035,Zachary Obrien,brittanyjohnson@example.net,Philippines,2023-11-07,Basic,488.38
6036,Laurie Thomas,timothy39@example.net,Svalbard & Jan Mayen Islands,2020-10-20,Basic,551.29
6037,Amanda Mendoza,shannonharris@example.org,Cape Verde,2022-05-25,Basic,429.5
6038,Walter Tyler,sbradley@example.com,Maldives,2020-01-01,Standard,1773.77
6039,Michael Bryant,evalentine@example.org,Equatorial Guinea,2020-06-14,Standard,1082.32
6040,Miranda Bailey,glassalexis@example.org,Samoa,2021-08-29,Standard,1021.21
6041,Brian Page,cjones@example.org,Argentina,2022-04-19,Standard,2454.63
6042,Kayla Howard,cummingskelli@example.net,Burkina Faso,2022-03-24,Premium,7300.88
6043,Mary Hunter,smithjessica@example.com,Philippines,2024-07-16,Basic,300.93
6044,Fernando Henson,xthomas@example.com,Belgium,2024-12-20,Basic,559.41
6045,Brian Moore,dbrown@example.net,Comoros,2021-04-01,Standard,2310.64
6046,Barbara Thomas,daniel61@example.org,Bhutan,2022-09-29,Standard,2676.26
6047,Elizabeth Montes,wbrady@example.org,Venezuela,2024-04-22,Standard,1533.99
6048,Robin Anderson,ameyers@example.net,Mongolia,2022-07-23,Premium,14169.43
6049,Brandon Park,smithcaleb@example.net,Cote d'Ivoire,2020-03-20,Standard,2991.29
6050,Michael Martinez,yriley@example.com,Heard Island and McDonald Islands,2024-09-01,Standard,553.78
6051,Jeanette Marshall,jacobkelley@example.net,South Georgia and the South Sandwich Islands,2021-07-05,Standard,1368.2
6052,Mrs. Kathy Garcia,kylelong@example.org,China,2020-01-07,Standard,2226.69
6053,Alison Tucker,edwardsjames@example.net,Tokelau,2024-02-07,Basic,298.88
6054,Peggy Smith,adrian42@example.net,Norway,2020-05-13,Standard,1786.23
6055,Joshua Sanders,gravestracy@example.com,France,2022-03-21,Premium,11101.56
6056,Barbara Williams,brandy57@example.net,Malawi,2021-01-23,Premium,3828.3
6057,Nicole Miller,matthew84@example.net,Guinea-Bissau,2020-01-11,Premium,5549.96
6058,Rachel Jackson,oscott@example.com,Burundi,2024-03-15,Standard,1836.08
6059,John Anderson,donald87@example.net,Paraguay,2022-05-30,Basic,237.16
6060,Joseph Alvarado,vancechristina@example.net,Vanuatu,2022-09-21,Basic,351.26
6061,Christopher Edwards,valdezjohn@example.com,Cameroon,2024-11-12,Standard,1690.2
6062,Mario Randall,huertajohn@example.com,Guyana,2024-03-25,Standard,261.2
6063,Sharon Taylor,jeremy30@example.org,Fiji,2022-06-30,Premium,3145.56
6064,Colleen Smith,clarkjuan@example.com,Syrian Arab Republic,2023-07-26,Standard,1509.58
6065,Bradley Wright,rshaw@example.org,Thailand,2022-09-16,Standard,1510.81
6066,Matthew Williamson,patriciachurch@example.org,Western Sahara,2022-05-06,Basic,24.81
6067,Jessica Yang,pross@example.com,New Zealand,2023-11-18,Standard,247.13
6068,Tracy Zuniga,michaelpowers@example.com,Oman,2021-05-12,Standard,1303.37
6069,Angela Lewis,dickersonhannah@example.com,Niger,2022-06-28,Standard,1996.81
6070,Jocelyn Haynes,klee@example.com,Madagascar,2023-02-09,Premium,1435.95
6071,Andrew Wilson,gilbertjustin@example.com,Australia,2023-05-18,Basic,529.21
6072,Priscilla Reid,brandonjones@example.com,Suriname,2020-08-05,Premium,8202.22
6073,Alejandra Campbell,stephaniewood@example.net,Saint Kitts and Nevis,2022-03-06,Premium,3474.56
6074,Matthew Browning,kathrynmiller@example.com,Djibouti,2024-03-02,Premium,2244.96
6075,Jared Davila,reynoldsrichard@example.net,Turkmenistan,2020-02-10,Basic,509.65
6076,Elizabeth Parker,cperkins@example.com,Brazil,2021-10-23,Standard,1509.3
6077,Zachary Roman,priscilla11@example.com,Lithuania,2022-06-25,Standard,306.75
6078,Jody Allen,mcintyretroy@example.com,Oman,2020-06-29,Standard,2065.31
6079,Thomas Morales,richardanderson@example.com,Trinidad and Tobago,2024-12-07,Premium,10207.5
6080,Ryan Morgan,jennifer93@example.com,Bangladesh,2021-06-26,Basic,235.93
6081,Julia Arnold,michelle80@example.com,Oman,2024-03-11,Premium,3542.31
6082,Lori Jones,orice@example.com,Fiji,2021-07-29,Premium,14763.9
6083,Christopher Freeman,kim94@example.org,Falkland Islands (Malvinas),2021-12-11,VIP,469.03
6084,David Lawson,richardpatterson@example.org,France,2020-01-30,Premium,12626.21
6085,Peter Floyd,iwilson@example.net,Belarus,2021-09-28,Premium,4570.1
6086,Joseph Singh,snewman@example.com,Kyrgyz Republic,2020-09-09,Basic,210.23
6087,Jason Compton,dawnbowman@example.net,Maldives,2022-11-27,Standard,1292.48
6088,Stephanie Garcia,ssimpson@example.org,Svalbard & Jan Mayen Islands,2023-06-27,Standard,2537.7
6089,George Burton,matthew79@example.com,Northern Mariana Islands,2024-03-15,Standard,1640.19
6090,Misty Burke,alvarezscott@example.org,Syrian Arab Republic,2023-09-27,Basic,199.25
6091,Mark Rogers,anthonysmith@example.com,Congo,2023-06-19,Premium,13056.86
6092,Timothy Garcia,wjackson@example.net,China,2023-12-18,Premium,12626.1
6093,Clifford Sims,patrick24@example.org,Haiti,2023-03-23,Standard,2124.08
6094,Richard Herman,markmassey@example.com,Latvia,2020-04-04,Standard,2141.42
6095,Joseph Jordan,sandrapowell@example.org,Senegal,2022-07-23,Basic,210.78
6096,Debra Kim,williamtaylor@example.org,Anguilla,2024-09-18,Standard,2380.41
6097,Anthony Jones,kcarter@example.com,Armenia,2024-12-04,Premium,13241.54
6098,James Moore,finleynancy@example.org,Saint Kitts and Nevis,2023-06-12,Standard,2110.59
6099,Joel Williams,ohayes@example.com,Chile,2022-12-26,Standard,1142.77
6100,Anthony Allen,terrinavarro@example.com,Iceland,2024-04-06,Premium,2785.55
6101,Wanda Lee,brianoconnor@example.com,Saint Lucia,2023-09-12,Standard,2463.65
6102,James Carroll,nunezkayla@example.com,United States Virgin Islands,2021-10-25,Premium,2408.92
6103,Dawn Caldwell,jeffwright@example.com,Barbados,2023-07-27,Basic,790.04
6104,Patrick Mcbride,antoniohudson@example.com,Iraq,2023-03-11,Basic,716.01
6105,Elizabeth Meza,lthomas@example.org,Taiwan,2023-12-20,Standard,2398.63
6106,Michael Greer,david67@example.net,Somalia,2023-05-11,Basic,93.18
6107,Kenneth Johnson,josephthompson@example.org,Lithuania,2020-09-06,Basic,425.53
6108,Stephanie Robinson,,Cambodia,2022-06-30,Premium,11849.09
6109,Dawn Velazquez,rita93@example.net,Iran,2024-06-29,Standard,408.81
6110,Mr. Joshua Sanders,tuckerphilip@example.net,Norway,2021-05-31,Standard,2124.53
6111,Sean Cole,rebeccahines@example.net,Azerbaijan,2023-07-21,Premium,12713.26
6112,Arthur Clark,george92@example.org,Marshall Islands,2022-06-18,Standard,1496.32
6113,Thomas Martin,stevenrogers@example.com,France,2020-11-14,Standard,1572.72
6114,Rebecca Sanders,crystalbaker@example.net,Pitcairn Islands,2024-03-26,Basic,626.16
6115,Kimberly Ortiz,megan26@example.org,Indonesia,2021-01-18,Standard,871.64
6116,Holly Welch,stuartwright@example.net,Namibia,2023-08-09,Basic,247.52
6117,Amy Martinez,ellen16@example.net,Switzerland,2024-08-25,Standard,769.92
6118,Amanda Wells,jjones@example.net,Togo,2024-06-30,Premium,10613.76
6119,Peter Banks,joseph19@example.net,Aruba,2024-08-07,Basic,604.13
6120,Deborah Burns,jacksondonna@example.com,Uzbekistan,2020-09-22,Premium,3737.7
6121,Erin Harris,kosborne@example.org,Zambia,2023-04-07,Premium,8681.53
6122,Cody Mullins,xcontreras@example.com,Sri Lanka,2022-12-21,Standard,690.19
6123,Edward Wolf,monica19@example.net,Antigua and Barbuda,2021-11-26,Standard,2649.82
6124,Erica Long,gregorylopez@example.com,Libyan Arab Jamahiriya,2022-06-16,Standard,2073.54
6125,Paige Jones,hromero@example.org,Guatemala,2021-10-22,Premium,11876.04
6126,Carolyn Gibson,sullivankelly@example.org,Serbia,2024-12-18,Standard,1966.02
6127,Spencer Lawson,john41@example.net,Kenya,2022-12-08,Standard,2818.54
6128,Scott Levy,zmiller@example.com,Philippines,2022-10-25,Premium,8141.69
6129,Mr. David Mcintyre,mary83@example.com,Jersey,2024-05-09,Standard,2520.03
6130,Kevin Robinson,brandon33@example.com,Malawi,2022-01-05,Premium,14133.54
6131,Samuel Rodriguez,melissaperry@example.com,Hong Kong,2021-01-24,Standard,497.99
6132,Allison Blackburn,achapman@example.com,Dominican Republic,2022-05-24,Standard,1864.28
6133,Anthony Cain,alutz@example.net,Cook Islands,2020-11-09,Basic,298.91
6134,Mary Smith,nrusso@example.org,Monaco,2023-09-15,Standard,2268.85
6135,Steven Chavez,bakerevelyn@example.org,Spain,2020-09-22,Standard,973.93
6136,Jerry Thompson,bethmccoy@example.net,Ireland,2022-08-28,Standard,1925.61
6137,Michele Howell DVM,jordan76@example.net,Turkey,2023-10-05,Basic,629.46
6138,David Daniel,shelbysimon@example.net,Croatia,2021-12-11,Premium,544.66
6139,Eric Shelton,laurenrobertson@example.net,Switzerland,2021-08-11,Premium,4945.34
6140,Jonathan Mccoy,qmora@example.net,Anguilla,2024-02-03,Standard,2882.92
6141,Katie Potter,bakercolleen@example.org,India,2023-08-06,Premium,3995.08
6142,Jessica Carney,mark22@example.com,Guyana,2023-10-18,Premium,14692.59
6143,Brandy Freeman,hannahpage@example.com,Christmas Island,2021-09-17,Premium,8082.4
6144,Charles Mcbride,john50@example.org,India,2022-07-01,Standard,2737.6
6145,Laura Waters,ashleyvelez@example.com,Guyana,2021-11-25,Standard,2120.96
6146,Michael Foster,hendersonamy@example.org,Singapore,2024-08-04,Standard,2937.5
6147,Sandra Logan,walkerbianca@example.com,Suriname,2021-07-08,Basic,185.87
6148,Tiffany Clements,jmorris@example.net,Morocco,2021-08-23,Standard,184.84
6149,Patrick Knox,rjones@example.org,Malaysia,2024-06-27,Basic,482.11
6150,Thomas Taylor,chavezjames@example.net,British Indian Ocean Territory (Chagos Archipelago),2021-09-24,Basic,244.3
6151,Anita Baker,,Singapore,2022-05-29,Basic,38.71
6152,Daniel Carpenter,wendy16@example.com,Turkmenistan,2022-11-24,Basic,283.27
6153,Jennifer Sawyer,christine91@example.net,Hong Kong,2022-11-29,Standard,402.55
6154,Mrs. Jessica Brown MD,nicholaslucero@example.net,Russian Federation,2023-09-28,Standard,2173.03
6155,Rebecca Parks,jimmy04@example.org,Tuvalu,2020-03-30,Standard,1749.41
6156,Valerie Phillips,yorkeric@example.org,British Indian Ocean Territory (Chagos Archipelago),2023-10-26,Premium,13348.27
6157,John Nelson DVM,herbertgarcia@example.org,Pitcairn Islands,2024-10-27,Standard,200.56
6158,Walter Rodriguez,glee@example.org,Paraguay,2024-10-09,Premium,10346.7
6159,Rebekah Johnston,jonathanharris@example.com,Greece,2022-11-05,Premium,6418.66
6160,Matthew Garza,amber85@example.org,Madagascar,2021-03-09,Basic,498.52
6161,Cynthia Wells,evansjared@example.com,Benin,2024-06-24,Standard,2536.55
6162,Emily Simmons,tracifletcher@example.org,Bahrain,2023-07-25,Standard,2145.62
6163,Tonya Jacobs,englishoscar@example.org,Senegal,2022-12-07,Standard,1837.31
6164,Jeremy Miller,monica33@example.net,North Macedonia,2023-11-21,Standard,439.47
6165,Stephanie Morris,washingtonrobert@example.net,Cambodia,2022-11-17,Basic,423.83
6166,Bridget Sanders,ashleynewman@example.net,Equatorial Guinea,2020-02-09,Standard,2175.07
6167,Juan Williams,michael18@example.com,Montserrat,2020-01-29,Standard,1344.96
6168,Veronica Avila,simmonsgregory@example.com,Nepal,2020-07-17,Standard,842.91
6169,Ashley Turner,jessicamorgan@example.org,Cuba,2020-08-19,Standard,1232.46
6170,Tracy Rodriguez,robertschwartz@example.com,Belgium,2022-11-02,Standard,684.26
6171,Jeffrey Smith,john70@example.com,Sao Tome and Principe,2024-04-04,Basic,257.22
6172,Melissa Young,fmiller@example.net,Eritrea,2020-01-09,Standard,1596.87
6173,Mr. Paul Dickerson,lindathompson@example.com,Somalia,2023-03-26,Standard,759.68
6174,Pamela Turner,alvaradopaul@example.com,Burundi,2024-08-24,Standard,1585.54
6175,Mrs. Victoria Dickerson,christopher62@example.net,Congo,2024-04-28,Standard,1982.76
6176,Peter Rodriguez,joneal@example.net,Korea,2022-10-31,Basic,262.85
6177,Michael Grant,travis40@example.org,New Caledonia,2021-04-12,Basic,737.08
6178,Margaret Cooper,chavezmatthew@example.org,Eritrea,2020-06-30,Standard,2862.99
6179,Brian Rodriguez,amberquinn@example.com,Australia,2024-04-19,Standard,1783.67
6180,Shane Martinez,swoods@example.com,Kazakhstan,2022-03-11,Standard,184.18
6181,Kevin Brown,christopher25@example.net,Sao Tome and Principe,2022-03-31,Premium,1611.68
6182,Harold Gonzalez,robinsonmark@example.com,Central African Republic,2020-03-27,Standard,2242.36
6183,Kelly Lee,edgarharvey@example.com,Libyan Arab Jamahiriya,2023-10-05,Basic,147.56
6184,Stephanie Heath,sarahnichols@example.net,Paraguay,2021-02-19,Standard,124.17
6185,Kent Savage,dmacias@example.com,Egypt,2024-01-26,Premium,6378.06
6186,Kayla Myers,donaldmarquez@example.net,Faroe Islands,2020-02-11,Basic,433.34
6187,Michael Gonzalez,fthompson@example.org,Belarus,2020-09-15,Basic,366.33
6188,Brian Aguirre,michelle59@example.com,Guatemala,2022-11-23,Standard,1432.73
6189,Lisa Schaefer,colemanashley@example.net,Guadeloupe,2024-10-13,Standard,939.75
6190,Mary Lawson,zyoung@example.org,New Caledonia,2023-10-07,Standard,789.38
6191,Julia Hernandez,mark41@example.com,Mozambique,2023-11-23,Basic,551.41
6192,Ross Jensen,christopherprince@example.net,British Indian Ocean Territory (Chagos Archipelago),2024-04-09,Premium,7414.56
6193,Thomas Kelly,jennifer09@example.com,Kyrgyz Republic,2024-02-23,Premium,2480.44
6194,Bridget Browning,troy04@example.org,Yemen,2021-05-18,Standard,208.52
6195,Caitlin Santiago,dfields@example.org,Cook Islands,2024-01-30,Premium,9104.09
6196,Thomas Jordan,brendanchavez@example.net,Turkmenistan,2024-04-06,Standard,232.91
6197,Robert Freeman,estradaaaron@example.org,Indonesia,2022-07-31,Basic,223.65
6198,Heather Montoya,howelljustin@example.com,Chile,2020-10-16,Premium,4314.54
6199,Tracy Ramirez,david17@example.org,Malaysia,2020-08-19,Standard,1258.39
6200,Christian Williams,mackenziemiller@example.net,Cote d'Ivoire,2022-09-28,Basic,705.77
6201,April Richards,bradley14@example.com,Equatorial Guinea,2022-07-08,Standard,2741.12
6202,Sandra Griffin,ericksonyvette@example.com,Brunei Darussalam,2023-08-07,Standard,2602.17
6203,Jonathan Benson,kingsusan@example.com,Guatemala,2024-06-29,Standard,2942.03
6204,Randy Edwards,justin63@example.org,Cote d'Ivoire,2024-08-10,Premium,5019.6
6205,Danielle Roach,nicole65@example.org,Montserrat,2020-10-13,Premium,2894.71
6206,Christine Carter,latoyahansen@example.com,Benin,2021-01-18,Standard,1921.46
6207,Bruce Norton,ystanley@example.com,Panama,2021-08-30,Standard,354.73
6208,Deborah Perkins,michaelgarner@example.org,Tunisia,2023-05-29,Standard,2481.11
6209,Tammy Wilson DDS,ostevenson@example.org,Costa Rica,2020-09-13,Premium,9612.87
6210,Michael Hall,kruegerjade@example.com,Bouvet Island (Bouvetoya),2023-12-01,Basic,348.49
6211,Sabrina Collier,garrettamanda@example.org,Spain,2021-11-01,Premium,7831.09
6212,Alan Hamilton,ashleynixon@example.org,Marshall Islands,2020-10-07,Basic,127.34
6213,Julia Walters,leonarddoris@example.org,Mayotte,2023-08-28,Standard,998.9
6214,Tanya Moore,samanthahawkins@example.com,Morocco,2023-01-10,Standard,817.19
6215,Susan Townsend,laurensantiago@example.com,Korea,2023-10-24,Standard,1784.07
6216,Emily Patton,qcollins@example.org,United Kingdom,2022-03-16,Premium,5828.23
6217,Matthew Lopez,renee72@example.net,India,2021-01-06,Standard,117.1
6218,William Miles,kevinsmith@example.org,Djibouti,2024-10-26,Standard,2747.3
6219,Deborah Dean,perezthomas@example.com,Nigeria,2020-10-13,Premium,3642.32
6220,Frank Lawson,penachristy@example.com,Seychelles,2020-01-02,Standard,2989.42
6221,Joseph Bennett,christinayoung@example.net,Slovenia,2020-04-18,Standard,1969.05
6222,Sandra Johnson,nperez@example.net,Colombia,2023-08-23,Standard,2205.67
6223,Wayne Flores,stacyphillips@example.net,Austria,2021-08-25,Standard,2374.21
6224,Melissa Ray,kboyd@example.net,Chile,2022-01-15,Premium,2745.59
6225,Justin Kelley,jocelyn01@example.org,Pitcairn Islands,2022-01-14,Standard,2824.63
6226,Vicki Lyons,erika44@example.net,Thailand,2023-12-21,Premium,12936.46
6227,Kristopher Smith,brian18@example.com,American Samoa,2022-10-31,Standard,1988.99
6228,Meghan Jackson,nbryant@example.net,Austria,2023-09-13,Standard,1611.17
6229,Richard Goodman,audreyjohnson@example.org,Christmas Island,2021-02-16,Standard,2610.4
6230,Donald Sharp,danielleanderson@example.org,Azerbaijan,2021-12-23,Standard,1977.63
6231,Dr. Sierra Gibson,lisa75@example.com,Turks and Caicos Islands,2021-06-02,Basic,627.83
6232,Brittney Lewis,schneidertroy@example.net,Japan,2022-03-05,Standard,256.9
6233,Tara Garner,jacquelinerobles@example.org,Guernsey,2022-07-11,Basic,648.56
6234,James Kim,davidmartin@example.com,Israel,2024-01-25,Standard,762.74
6235,Samuel Lewis,barbara58@example.org,Northern Mariana Islands,2023-04-20,Standard,2169.75
6236,Holly Sanders,raymond19@example.org,Netherlands Antilles,2020-03-09,Premium,3398.14
6237,Erika George,nancy14@example.com,Haiti,2021-04-02,Standard,126.63
6238,Paige Patterson,karinahodges@example.net,Swaziland,2024-12-24,Standard,766.4
6239,Tyrone Mcconnell,amy47@example.com,Israel,2023-05-21,Basic,626.12
6240,Stephanie Morris,atucker@example.com,British Indian Ocean Territory (Chagos Archipelago),2020-03-17,Standard,1778.22
6241,Shannon Everett,fostercarol@example.net,Isle of Man,2023-05-12,Standard,2891.58
6242,Sharon Jones,brenda05@example.net,Burundi,2024-03-30,Premium,9346.67
6243,Sarah Gutierrez,nicholas97@example.net,Guinea-Bissau,2023-11-12,Premium,1843.42
6244,Nicholas Williams,haley60@example.net,Zambia,2021-02-27,Basic,693.01
6245,Connie Padilla,williamjohnson@example.com,Bosnia and Herzegovina,2020-08-09,Premium,13456.01
6246,Phillip Rivera,anthonymendez@example.org,Grenada,2021-03-23,Premium,13235.17
6247,Cody Rowe,annthompson@example.net,Saint Helena,2024-02-22,Basic,483.2
6248,Michael Reyes,rachaelgray@example.com,Zimbabwe,2023-02-21,Basic,760.66
6249,Stacie Carter,ebaker@example.net,Bermuda,2022-03-30,Standard,2081.52
6250,Brent Chambers,joshua89@example.org,Saint Lucia,2023-10-13,Standard,1363.65
6251,Mrs. Stephanie Fritz,martinshields@example.com,Montserrat,2023-10-10,Basic,311.14
6252,Sara Fleming,hamiltonmichael@example.com,Uzbekistan,2022-06-03,Standard,2844.33
6253,Maria Joseph,dennisbaldwin@example.net,Philippines,2023-01-27,Standard,2363.05
6254,Carlos Smith,joneschristopher@example.net,Gabon,2023-03-11,Standard,207.88
6255,Judith Miranda,millerpatricia@example.com,Dominican Republic,2024-09-30,Basic,334.11
6256,Samuel Cunningham,noblebrian@example.net,Afghanistan,2024-04-06,Basic,589.73
6257,Zachary Morris,greid@example.net,Palau,2020-11-01,Standard,2692.23
6258,Matthew Adams,bradfordmichael@example.com,Haiti,2020-03-14,Premium,10067.76
6259,Christine Bartlett,michael42@example.org,Andorra,2023-06-08,Standard,980.32
6260,Carla Lowe,lisa82@example.net,Niue,2022-04-15,Standard,1001.97
6261,Jennifer Nelson,whitakeramy@example.org,Greece,2021-06-20,Basic,104.82
6262,Michael Collins,victoria19@example.org,Montserrat,2021-07-08,Premium,7225.24
6263,Jacob West,cjarvis@example.net,Hong Kong,2020-12-09,Premium,6473.08
6264,Alyssa Mathews,daniel51@example.org,Svalbard & Jan Mayen Islands,2022-04-08,Basic,562.48
6265,Rachel Hawkins,uabbott@example.com,Namibia,2022-11-22,Standard,358.11
6266,Kimberly Moore,smclaughlin@example.com,Myanmar,2022-02-06,Basic,681.65
6267,Bonnie Taylor,hooverpaul@example.net,Paraguay,2021-07-18,Premium,10001.64
6268,Linda Graham,rosalesdeanna@example.com,Jamaica,2022-02-15,Basic,743.92
6269,Adam Dawson,lisa20@example.net,Serbia,2021-04-29,Premium,8312.58
6270,Holly Willis,vsilva@example.com,Costa Rica,2023-11-03,Premium,8402.82
6271,Lindsay Gilmore,sara63@example.org,Lesotho,2021-03-22,Standard,2488.53
6272,Sean Neal,brittany13@example.net,Mauritius,2024-04-01,Standard,618.09
6273,Stephanie Rice,rodriguezzachary@example.net,Slovenia,2020-02-25,Standard,2610.58
6274,Sarah Becker,lejesus@example.com,New Zealand,2023-02-18,Premium,12147.96
6275,Michael Moore,claytonyoung@example.com,Belgium,2021-09-29,Premium,6817.55
6276,Jessica Caldwell,thomaswesley@example.net,Israel,2020-08-15,Basic,414.59
6277,Patrick Washington,skinnerjenny@example.org,Peru,2022-01-02,Standard,2070.55
6278,Carrie Williams,herbertbrown@example.com,Maldives,2021-04-16,Standard,1481.06
6279,Robert Allen,daniel78@example.net,Bolivia,2024-09-12,Basic,269.49
6280,David Gomez,prattaustin@example.com,Cambodia,2021-06-27,Premium,12921.69
6281,Gina Dean,smithkimberly@example.net,Colombia,2021-10-13,Basic,649.9
6282,Carly Hill,jimenezjasmine@example.net,South Georgia and the South Sandwich Islands,2024-05-01,Standard,2750.22
6283,Sandra Rollins,allentravis@example.com,Cote d'Ivoire,2022-10-10,Standard,1526.3
6284,Danny Preston,francojoanne@example.com,Montserrat,2024-10-05,Premium,1902.2
6285,Michael Fowler,pwalker@example.com,Mali,2024-05-14,Basic,506.75
6286,Jason Martin,brandonfuller@example.com,Togo,2024-01-01,Standard,1203.5
6287,Tyler Barker,stran@example.com,China,2023-06-02,Standard,1082.19
6288,James Hayes,butlerbradley@example.org,Western Sahara,2024-11-17,Basic,726.11
6289,Casey Smith,ureynolds@example.net,North Macedonia,2022-08-26,Standard,206.26
6290,Robert Price,darrenhorton@example.net,Grenada,2022-12-18,Basic,688.27
6291,Scott Garcia,jonathan96@example.net,Uruguay,2021-09-15,Basic,513.99
6292,Victoria Hoover,anthony29@example.org,Tajikistan,2023-10-24,Basic,491.67
6293,Dominique Shepard,michael94@example.net,Nepal,2020-10-21,Basic,171.59
6294,Guy Owens,donnagallagher@example.com,Liechtenstein,2021-02-03,Basic,23.34
6295,Ruben Frey,westmichael@example.org,Montenegro,2024-07-09,Premium,5378.98
6296,Aaron Baker,snguyen@example.com,Eritrea,2020-10-08,Basic,432.58
6297,Michael Cox,zachary45@example.org,Ghana,2022-06-13,Basic,446.06
6298,Stephen Avila,uevans@example.org,Turks and Caicos Islands,2020-08-26,Standard,863.63
6299,Crystal Johnson,tinaalvarez@example.net,French Polynesia,2020-05-31,Standard,2849.04
6300,David Carlson,kimberlywarner@example.net,Yemen,2021-04-08,Basic,793.88
6301,Mr. Daniel Lewis MD,kaitlyndavies@example.net,British Virgin Islands,2020-07-25,Standard,257.74
6302,Mrs. Brittany Scott MD,tara03@example.net,Philippines,2024-01-22,Standard,2213.03
6303,Peter Lopez,otaylor@example.com,United States Minor Outlying Islands,2024-03-12,Standard,1750.74
6304,Jeremy Sloan,ereed@example.org,Western Sahara,2020-11-21,Premium,13458.85
6305,Savannah Young,caitlinmiddleton@example.net,Panama,2022-02-12,Basic,743.07
6306,Stephanie Hurley,jeremywatson@example.org,Afghanistan,2021-11-25,Premium,10771.4
6307,Sydney Lopez,rdiaz@example.net,Uganda,2020-05-27,Standard,375.26
6308,Cassidy Perry,erikmiller@example.net,Fiji,2021-07-03,Basic,652.28
6309,Patricia Wood,acostaangela@example.com,Serbia,2020-07-06,Standard,310.81
6310,Michele Lane,roserhonda@example.net,Niger,2022-04-16,Basic,82.5
6311,Justin Crawford,justindeleon@example.org,Isle of Man,2023-09-06,Premium,4023.53
6312,Curtis Hull,matthew43@example.org,Finland,2024-11-01,Basic,773.27
6313,Jordan Garcia,aanderson@example.com,Australia,2020-10-18,Basic,240.39
6314,Shelby Leonard,jacobhernandez@example.org,Sweden,2023-05-29,Premium,6064.05
6315,Patricia Sweeney,salazarchristopher@example.net,Serbia,2020-11-22,Standard,1362.7
6316,Brian Lee,kellyperez@example.net,Maldives,2023-11-20,Standard,316.78
6317,Mary Hubbard,kevincastillo@example.org,Taiwan,2023-04-21,Standard,2595
6318,Alyssa Tucker,christopherstein@example.com,Lithuania,2021-02-23,Basic,556.94
6319,Kimberly Chapman,williamskevin@example.org,Montenegro,2021-04-28,Standard,811.94
6320,Sara Hopkins DDS,wendycarter@example.net,Guyana,2022-07-04,Standard,1476.31
6321,Andrew Reyes,kellylisa@example.net,Cote d'Ivoire,2023-03-05,Standard,336.48
6322,Timothy Cunningham,whunter@example.org,Japan,2023-12-12,Standard,2984.83
6323,Scott Brown,suarezbrandon@example.com,Falkland Islands (Malvinas),2020-12-31,Basic,254.37
6324,Alex Thomas,hprice@example.net,Tonga,2024-04-19,Premium,13123.36
6325,Brent Taylor,brichardson@example.org,Andorra,2020-09-17,Standard,2032.43
6326,Scott Christensen,thomas43@example.net,Slovakia (Slovak Republic),2023-05-30,Premium,2525.79
6327,Karen Day,mia71@example.net,Puerto Rico,2022-04-02,Basic,360.27
6328,Rebecca Diaz,glennjeremy@example.org,Vanuatu,2024-07-13,Standard,2429.36
6329,Christopher Ballard,jameslee@example.com,Burkina Faso,2024-11-02,Standard,993.21
6330,Brian Taylor,manningjamie@example.net,Benin,2021-07-01,Standard,2897.6
6331,James Hall,coxpatrick@example.com,Peru,2023-04-26,Standard,273.68
6332,Nathan Thompson,ernest29@example.org,Greece,2022-06-26,Basic,668.57
6333,Steve Long,troy31@example.com,Netherlands,2023-04-23,Standard,2648.39
6334,Jacob Lam,clarkmatthew@example.com,San Marino,2021-02-19,Standard,2757.68
6335,Stacy Moore,scottmcneil@example.com,Jordan,2020-08-02,Basic,465.94
6336,Sean Mcgee,garybuck@example.com,Iceland,2020-05-12,Standard,2946.42
6337,Eric Alexander,ramirezmichael@example.com,Wallis and Futuna,2020-07-17,Standard,1623.21
6338,Charles Ramsey,heatherward@example.com,Eritrea,2024-08-27,Standard,2073.43
6339,Brittany Roberts,ypatel@example.com,Denmark,2021-02-10,Premium,3447.17
6340,Mr. Tommy Pena,melissa89@example.com,United States Minor Outlying Islands,2023-01-08,Basic,522.4
6341,Andrea Patterson,baileymeghan@example.org,Tuvalu,2020-06-07,Basic,270.38
6342,Lindsey Lopez,davisjudy@example.net,Yemen,2021-08-31,Basic,335.99
6343,Diana White,davisandrew@example.net,Eritrea,2021-09-18,Basic,190.68
6344,Mark Carr,padillarobert@example.net,Anguilla,2024-04-05,Standard,827.3
6345,Kayla Morgan,patricia83@example.com,Eritrea,2024-06-24,Standard,549.52
6346,Mark West,xandrews@example.net,Liberia,2020-01-14,Standard,2938.17
6347,Gregory Carter,crystalwong@example.org,Saint Martin,2023-05-04,Basic,156.13
6348,Elizabeth Cruz,lauranguyen@example.net,Equatorial Guinea,2022-03-03,Basic,772.55
6349,Kathleen Powers,bryan78@example.net,Tunisia,2021-10-12,Standard,1504.08
6350,Robert House,jesse81@example.com,Marshall Islands,2020-02-19,Standard,2433.35
6351,Scott Richmond,nathan19@example.org,Philippines,2021-09-13,Basic,151.37
6352,Caitlin Campbell,tjones@example.net,Mongolia,2023-11-12,Basic,566.23
6353,Brittany Rogers,scottgarcia@example.org,Saint Kitts and Nevis,2024-01-14,Basic,540.22
6354,Robert Ali,miranda63@example.com,Barbados,2023-02-10,Standard,871.7
6355,Kristin Tucker,hartjohn@example.org,Cyprus,2021-09-11,Standard,1721.79
6356,Alicia Roberts,ghill@example.net,Liberia,2024-01-21,Standard,2202.73
6357,Justin Booker,chad03@example.com,Lithuania,2020-09-30,Standard,2580.94
6358,Troy Hughes,ericblair@example.net,Malta,2024-09-12,Basic,625.87
6359,Deborah Jones,bryantmarissa@example.org,Sao Tome and Principe,2020-09-02,Standard,256.84
6360,Michael Johnson,qgarcia@example.com,Syrian Arab Republic,2021-06-13,Standard,1766.47
6361,Anthony Marshall,thomasmaddox@example.org,Israel,2024-04-24,Standard,2171.15
6362,Rebecca West,tracygutierrez@example.org,Belize,2020-03-04,Standard,2236.78
6363,Wayne Walsh,druiz@example.org,Nepal,2022-11-07,Standard,587.64
6364,Amy Palmer,mitchelllowe@example.com,Hong Kong,2022-10-25,Premium,13197.96
6365,Andrea Smith,smithrenee@example.org,Sudan,2022-04-06,Basic,411.91
6366,Aaron Brown,garciasamantha@example.org,Bulgaria,2022-12-24,Standard,1746.02
6367,Caroline Foster,morganraymond@example.org,Ghana,2027-01-01,Standard,2247.27
6368,Patrick Martinez,juarezpatricia@example.org,Saint Martin,2020-05-31,Standard,276.25
6369,Craig Adams,smithpatrick@example.com,Jordan,2021-02-05,Standard,590.85
6370,Stephanie Cameron,robersondaniel@example.net,Gambia,2022-11-22,Basic,166.16
6371,Rick Bentley,lperez@example.net,Canada,2022-03-20,Basic,11.44
6372,Heidi Bradley,kendra95@example.net,Norfolk Island,2021-03-02,Premium,13431.66
6373,Jeffrey Thomas,villanuevatodd@example.org,Suriname,2021-09-10,Basic,25.03
6374,Scott Buchanan,cstewart@example.org,Romania,2024-01-09,Basic,45.59
6375,Patrick Santana,richardelizabeth@example.org,United States Virgin Islands,2023-07-17,Standard,119.73
6376,Robert Fields,riverasteven@example.com,Niger,2023-12-01,Standard,1460.1
6377,Erin Mcgrath,kellyschmitt@example.net,Seychelles,2020-09-21,Standard,1815.73
6378,Daniel Hanna,jeremykeller@example.net,Gibraltar,2020-07-15,Basic,798.67
6379,Jeremy Hahn,ericmoore@example.com,Bermuda,2022-04-18,Standard,2874.38
6380,Lisa Walsh,youngkimberly@example.com,Korea,2020-11-10,Standard,2609.89
6381,Nicholas Velasquez,kyle22@example.net,Samoa,2023-11-19,Basic,612.95
6382,Adam Barr DDS,morserachel@example.net,Jersey,2024-12-06,Basic,685.6
6383,Michael Rocha,ashleyjohnson@example.org,Yemen,2021-04-10,Standard,2615.12
6384,Lisa Hamilton,megan91@example.net,Armenia,2022-12-22,Basic,89.21
6385,Miguel Martinez,,Tonga,2020-12-31,Premium,9616.49
6386,Ronald Flores,jessica65@example.com,Kyrgyz Republic,2023-09-17,Basic,47.88
6387,Bailey Watts,mrodriguez@example.com,Chad,2023-11-09,Standard,726.71
6388,Paul Lewis,adrianasweeney@example.org,Cameroon,2021-06-16,Premium,6375.04
6389,Paula Shaffer,usimmons@example.com,Saudi Arabia,2024-06-26,Basic,219.86
6390,Lynn Anderson,kayla46@example.net,Gambia,2020-12-28,Standard,958.49
6391,Donald Brown,cortezeric@example.org,Thailand,2021-09-21,Premium,2455.67
6392,James Nguyen,michael38@example.net,China,2022-12-31,Standard,799.19
6393,Mrs. Veronica Torres,jennifer35@example.com,Israel,2024-07-01,Standard,1402.3
6394,Candice Anderson,xcabrera@example.com,Paraguay,2021-08-02,Premium,1052.29
6395,Larry Walters,mcphersontiffany@example.net,Nicaragua,2022-03-17,Standard,971.14
6396,Ashley Hall,efowler@example.net,Belarus,2024-12-30,Basic,229.88
6397,Megan Olson,garcialance@example.org,Brazil,2024-08-10,Basic,683.23
6398,Heather Ingram,fieldsmary@example.org,Bangladesh,2022-10-10,Premium,7123.74
6399,Leon Martin,wilsonamy@example.net,Uruguay,2022-11-06,Standard,1741.04
6400,Andrew Parsons,mharris@example.com,Turkmenistan,2021-03-30,Basic,386.35
6401,Alison Eaton,,Argentina,2024-02-10,Premium,14766.3
6402,Lindsey Gallegos,johnsonbelinda@example.com,French Polynesia,2022-02-11,Standard,2988.26
6403,Andrew Stevens,devonsmith@example.com,Grenada,2022-01-27,Premium,1486.06
6404,Dylan Griffin,jfuller@example.org,Syrian Arab Republic,2022-10-23,Standard,1744.06
6405,Carrie Boyer,monicapacheco@example.com,Saint Pierre and Miquelon,2023-04-12,Premium,13922.54
6406,Martin Miller,christianbrown@example.com,Denmark,2024-10-06,Basic,172.4
6407,Kathryn Castaneda,rriddle@example.org,Ethiopia,2023-04-07,Basic,121.8
6408,Traci Reynolds,dennis30@example.com,Paraguay,2020-12-13,Standard,2477.37
6409,Dawn James MD,williamharris@example.net,Madagascar,2020-01-17,Standard,1080.34
6410,Amy Crawford,hannahbarber@example.com,United States of America,2022-06-14,Standard,1041.94
6411,Anthony Patel,jgreen@example.net,French Guiana,2021-11-15,Premium,13297.99
6412,George Hogan DVM,kowen@example.net,Gambia,2021-05-18,Basic,327.74
6413,Lawrence Gaines,jacobsalinas@example.com,Guatemala,2021-02-16,Standard,2160.17
6414,Allison Curtis,edward00@example.org,French Southern Territories,2021-03-21,Basic,508.36
6415,Lisa Wilson,ugriffin@example.com,Holy See (Vatican City State),2023-05-02,Standard,2483.67
6416,Patrick Banks,scott98@example.com,Hungary,2023-07-30,Premium,1967.89
6417,Vanessa Jordan,melissalewis@example.net,Guadeloupe,2022-06-11,Standard,246.64
6418,Tammy Simon,joanna39@example.com,Tokelau,2020-01-04,Standard,2149.7
6419,Sharon Wood,shawnshort@example.net,San Marino,2022-12-27,Basic,264.88
6420,Christopher Howard,michael70@example.org,Cyprus,2024-09-03,Standard,2365.46
6421,Dr. Autumn Wallace MD,elizabethdiaz@example.org,Isle of Man,2024-08-27,Standard,2936.38
6422,Edward Hart,davidmiller@example.com,Mozambique,2023-08-25,Standard,1465.3
6423,Daniel Simpson,ejones@example.org,Gibraltar,2021-03-27,Standard,2319.17
6424,Stacey Lewis,durhamrobin@example.com,Mauritania,2020-10-30,Basic,655.06
6425,Patty Thompson,emoore@example.org,New Zealand,2023-01-21,Premium,13016.13
6426,Douglas Nunez,melissajordan@example.org,Afghanistan,2023-07-16,Premium,5882.15
6427,Lisa Mahoney,jgrant@example.net,Puerto Rico,2023-12-02,Premium,4325.81
6428,Gary Edwards,ysandoval@example.org,Australia,2023-06-15,Standard,1394.68
6429,Jessica Raymond,barry66@example.net,Nauru,2020-04-18,Standard,548.15
6430,Timothy Anderson,tammy68@example.com,Mongolia,2021-03-19,Premium,1021.32
6431,,jamiecannon@example.org,Benin,2023-05-22,Standard,2638.29
6432,Peter Zimmerman,larry02@example.com,San Marino,2023-05-11,Standard,1011.82
6433,Ariana Williams,baldwinkaren@example.com,Egypt,2020-12-20,Premium,551.43
6434,Michael Singh,michelle29@example.net,Benin,2022-02-23,Basic,330.28
6435,Hector Davis,copelandjessica@example.org,South Georgia and the South Sandwich Islands,2024-08-06,Standard,1765.18
6436,Tina Miller,william54@example.com,Uzbekistan,2021-05-28,Standard,2734.7
6437,Alyssa Marshall,kimberly77@example.com,Uruguay,2020-10-25,Standard,2059.04
6438,Matthew Carter,vunderwood@example.com,Trinidad and Tobago,2022-07-13,Standard,2145.9
6439,Daniel Morales,katherineblackwell@example.org,Togo,2023-04-15,Basic,277.26
6440,Stacy Mccarthy,bernardbryant@example.com,Kyrgyz Republic,2020-10-05,Standard,428.12
6441,Robin Powell,chavezbrian@example.com,Angola,2020-06-22,Standard,2673.13
6442,William Patterson,mayerbarbara@example.net,Guinea-Bissau,2022-03-16,Basic,384.75
6443,Timothy Joseph,dmiller@example.com,Malaysia,2024-06-28,Basic,167.46
6444,Jacqueline Villarreal,derekhines@example.com,Luxembourg,2022-04-13,Basic,248.17
6445,Brian Fletcher,whitejoseph@example.net,Sao Tome and Principe,2022-06-05,Standard,978.69
6446,Christie Graham,zachary35@example.net,Solomon Islands,2024-09-07,Premium,11105.11
6447,Amber Smith,arnoldgina@example.org,United Arab Emirates,2023-01-13,Standard,472.11
6448,Ashley Chen,vargasjennifer@example.net,Norfolk Island,2020-03-17,Standard,1003.29
6449,Karen Knight,angelicachase@example.net,Martinique,2022-05-16,Standard,735.95
6450,Larry Davis,aaron81@example.com,Saint Pierre and Miquelon,2024-07-04,Basic,581.4
6451,Jason Smith,sanfordryan@example.com,Poland,2023-01-26,Standard,1877.24
6452,Nicole Martinez,kevinpatton@example.com,Brunei Darussalam,2020-11-02,Standard,1801.8
6453,Lisa Jackson,meadowsvalerie@example.com,Tunisia,2021-01-20,Standard,930.2
6454,Ricky Miller,ksantana@example.org,Brazil,2023-02-10,Standard,570.1
6455,Chad Mata,brhodes@example.org,Slovenia,2024-07-27,Standard,1751.39
6456,Grace Wright,xhenderson@example.org,Bermuda,2024-06-07,Basic,169.63
6457,Sherry Flores,vgarrett@example.org,Hungary,2024-10-21,Standard,294.57
6458,Brian Jackson,saundersjohnathan@example.net,Congo,2022-01-25,Basic,380.3
6459,Joseph Oneill,justinyoung@example.com,Anguilla,2023-11-29,Standard,484.91
6460,Douglas Smith,lcollins@example.com,Tanzania,2022-02-13,Basic,355.5
6461,Kathy Nguyen,debbie46@example.net,Germany,2021-06-04,Standard,2792.62
6462,David Thomas,yodermichael@example.org,Seychelles,2023-03-14,Basic,562.55
6463,Austin Collins,ibrooks@example.net,Panama,2021-07-28,Basic,616.04
6464,Michael Harvey,onorris@example.net,Liechtenstein,2022-07-06,Standard,911.81
6465,Elaine Wilkerson,perezchristopher@example.com,Samoa,2022-06-09,Standard,114.68
6466,Robert Houston,josephguerra@example.org,Jamaica,2023-05-06,Basic,58.04
6467,Jimmy Merritt,yfisher@example.com,Italy,2023-02-06,Standard,658.39
6468,Tiffany Ayala,omeyers@example.org,Tonga,2023-02-14,Basic,550.98
6469,Lawrence Lewis,ralexander@example.com,Korea,2023-04-30,Basic,50.93
6470,Ryan Johnson,james71@example.net,Sierra Leone,2023-03-09,Basic,314
6471,Kelly Andersen,barrerajeffery@example.com,Argentina,2020-07-09,Standard,2169.1
6472,Danielle Mclaughlin,thomassutton@example.com,Congo,2023-01-24,Standard,2466.64
6473,Tammie Ochoa,clarkelizabeth@example.com,Indonesia,2024-03-26,Basic,669.37
6474,Steven Park,kirbywalter@example.com,Lebanon,2021-08-26,Standard,1127.34
6475,Katie Moran,gfox@example.com,Guernsey,2022-04-13,Premium,9345.09
6476,Lori Swanson,steven97@example.org,Bolivia,2020-01-13,Premium,4004.19
6477,Kyle Ellis,robert90@example.com,Namibia,2021-06-24,Basic,206.69
6478,Teresa Marsh,cole83@example.org,Serbia,2020-08-15,Standard,2500.95
6479,Jose Sanders MD,qweaver@example.net,Montserrat,2022-05-24,Standard,2888.92
6480,Brianna Smith,shericrosby@example.com,Bahamas,2024-07-27,Standard,978.21
6481,Whitney Humphrey,josedavis@example.org,Armenia,2024-11-24,Basic,642.02
6482,Yolanda Brooks,murillojeffrey@example.com,Christmas Island,2022-04-12,Standard,1021.92
6483,Diane Brooks,tbrown@example.net,Sao Tome and Principe,2022-06-16,Basic,189.82
6484,Shari Jones,fernandezkristin@example.net,Pitcairn Islands,2021-12-04,Basic,457.89
6485,Nicole Garza,turnerlogan@example.net,Zimbabwe,2023-12-26,Basic,254.75
6486,Jeremy Jones,yjenkins@example.org,Brazil,2023-04-19,Basic,19.38
6487,Teresa Gonzalez,crystal61@example.com,Saint Helena,2021-06-22,Standard,1888.13
6488,Samuel Cooper,sarahhendricks@example.net,Comoros,2023-09-06,Standard,735.1
6489,Elizabeth Morrow,meyermartin@example.org,Georgia,2022-12-31,Premium,14378.15
6490,Richard Dillon,dalton70@example.org,Iraq,2021-07-28,Basic,504.16
6491,Catherine Sanchez,nsharp@example.org,Costa Rica,2020-12-24,Standard,1955.1
6492,Mark Collins,nicole71@example.net,Montserrat,2022-12-23,Standard,2867.89
6493,Shelby Long,malonekristen@example.com,New Caledonia,2024-07-04,Basic,224.73
6494,Mary Gross,jessica92@example.org,Antigua and Barbuda,2021-09-12,Premium,5962.77
6495,Kathleen Simpson,amber21@example.net,Guam,2024-02-11,Basic,96.77
6496,Stephanie Wang,dennistracy@example.net,Italy,2024-01-03,Premium,3498.96
6497,Danny Hill,batesjessica@example.com,Namibia,2027-01-01,Standard,1945.49
6498,Bobby Mccullough,christopher66@example.org,Liberia,2021-02-21,Standard,1960.59
6499,Gregory Williams,sstewart@example.net,United Arab Emirates,2022-06-15,Standard,900.96
6500,Peggy Graham,scottwatson@example.com,Kyrgyz Republic,2021-11-10,Standard,2288.49
6501,Stephen Ford,camerongarza@example.org,Timor-Leste,2022-04-27,Basic,590.99
6502,Shelby French,wadekaren@example.com,Northern Mariana Islands,2020-02-27,Standard,709.79
6503,Cameron Lucas,vhampton@example.com,Gambia,2020-11-06,Standard,1299.71
6504,Jeremy Mooney,stacy00@example.org,New Caledonia,2024-07-07,Basic,513.84
6505,Kathryn Fischer,shuerta@example.com,Ukraine,2021-05-12,Basic,203.11
6506,Sandra Parker,hopkinsmelissa@example.com,Mauritius,2020-08-09,Premium,10658.82
6507,Samantha Torres,mterry@example.net,Congo,2021-10-05,Basic,616.38
6508,Aimee Griffith,garretttran@example.com,Macao,2022-10-02,Premium,8669.33
6509,Matthew Clark,nathan78@example.com,Solomon Islands,2024-03-11,Standard,2588.95
6510,Erin Thornton,neaton@example.org,Mozambique,2022-11-06,Standard,1331.6
6511,Paul Barnes,andrewwagner@example.org,Bulgaria,2021-12-07,Basic,297.77
6512,Gregory Stevens,greendevin@example.com,India,2024-06-23,Premium,5264.62
6513,David Salinas,armstrongmary@example.com,Heard Island and McDonald Islands,2022-01-07,Premium,667.42
6514,Maria Ramos,mitchellashley@example.net,Jamaica,2023-11-25,Basic,137.75
6515,Charles Sandoval,agonzales@example.org,Moldova,2021-10-22,Premium,7925.52
6516,Michael Shaw,dnixon@example.org,Cambodia,2020-05-11,Standard,1921.41
6517,Joseph Bruce,onelson@example.com,Palau,2020-09-21,Basic,129.17
6518,Linda Massey,qmorrison@example.net,Czech Republic,2020-01-19,Standard,977.37
6519,Lisa Harris,jenniferrose@example.com,Micronesia,2022-02-22,Standard,381.68
6520,Kristen Hogan,michaelmartinez@example.com,Cote d'Ivoire,2021-06-21,Standard,601.26
6521,Michelle Rasmussen,bartlettnicholas@example.org,Samoa,2021-12-23,Basic,560.46
6522,Gary Henry,timothyproctor@example.org,Saint Martin,2024-03-27,Standard,958.67
6523,Brandi Riley,bennettzachary@example.net,Iraq,2023-10-20,Premium,1662.89
6524,Craig Clark,gregory95@example.org,Mauritius,2021-04-26,Standard,1111.83
6525,Christian Ball,bbates@example.org,Martinique,2024-04-20,Standard,2722.13
6526,Anthony Powell,cfigueroa@example.net,Timor-Leste,2021-12-28,Basic,594.49
6527,Jeremy Joseph,ejones@example.net,Aruba,2022-12-02,Standard,491.09
6528,Kenneth Baker,ymason@example.net,Ukraine,2022-05-25,Premium,10014.34
6529,Claudia Ward,qramirez@example.com,Cayman Islands,2020-01-10,Standard,326.33
6530,Brenda Wilson,johnramirez@example.net,Puerto Rico,2024-09-06,Premium,12804.81
6531,Cole Bell,kimberly19@example.net,Swaziland,2020-12-31,Standard,2133.71
6532,James Lewis,andrew35@example.com,Cocos (Keeling) Islands,2020-11-25,Basic,147.08
6533,Jamie Harris,thomas26@example.net,Reunion,2021-12-27,Basic,190.1
6534,Amanda Marshall,megan85@example.net,Singapore,2023-01-01,Premium,8354.62
6535,Alejandra Riley,rhamilton@example.net,Montenegro,2022-02-02,Standard,1893.71
6536,Michael Adams,hannah51@example.com,Nicaragua,2023-01-01,Premium,10400.58
6537,Jonathan Mcdonald,melvinlawson@example.com,Faroe Islands,2023-09-05,Premium,10699.12
6538,Dustin Norton,victoriarandall@example.net,Mongolia,2020-05-06,Standard,548.33
6539,Mike Freeman,jbryant@example.org,Cambodia,2022-10-08,Standard,459.71
6540,Elizabeth Solomon,avilamario@example.org,Dominica,2023-05-21,Basic,383.53
6541,Alexandra Crawford,stevecox@example.org,Togo,2023-08-03,Basic,773.88
6542,Sarah Ballard,sgallagher@example.com,Puerto Rico,2021-12-07,Standard,1929.35
6543,Selena Holt,daniel53@example.net,Honduras,2023-08-23,Basic,560.71
6544,Megan Wilson,eblack@example.org,Senegal,2020-06-10,Standard,663
6545,Amanda Peterson,brownrichard@example.net,Poland,2022-12-18,Standard,1197.48
6546,Gregory Moreno,sarah39@example.net,Cayman Islands,2021-06-06,Basic,620.98
6547,Sharon Scott,sherry52@example.org,Cocos (Keeling) Islands,2024-04-28,Premium,13902.86
6548,Eric Kaufman,joshua13@example.net,Spain,2024-09-20,Standard,594.98
6549,Laura Rios,mmorales@example.org,Cote d'Ivoire,2023-03-28,Basic,662.83
6550,Cynthia Miller,lsilva@example.org,Liberia,2020-04-20,Standard,935.83
6551,Oscar Nunez,tharper@example.org,American Samoa,2020-11-14,Basic,782.9
6552,Samantha Clark,curtisbryce@example.org,Maldives,2022-11-30,Standard,640.62
6553,Doris Bush,brownmaria@example.org,Poland,2021-03-11,Basic,694.08
6554,Robert Perez,chadedwards@example.net,Kazakhstan,2021-11-15,Premium,9924.72
6555,Renee Aguilar,ktaylor@example.org,Albania,2021-05-08,Premium,9659.93
6556,Chelsea Mitchell,drew85@example.org,Gibraltar,2024-09-08,Standard,980.35
6557,Anthony Walls,duncanedward@example.com,Austria,2022-03-28,Basic,607.41
6558,Nicholas Gomez,nnguyen@example.net,Bangladesh,2024-01-10,Premium,14037.47
6559,Denise Ali,amyshepard@example.com,Guinea,2021-06-16,Basic,402.27
6560,Judy Dean MD,dmay@example.net,Zambia,2022-05-19,Standard,1039.09
6561,Jordan Torres,zjohnson@example.com,Cape Verde,2021-03-01,Standard,2989.93
6562,Scott House,bassphilip@example.org,Myanmar,2021-05-06,Standard,2934.04
6563,Ellen Sims,wardmichele@example.org,Tajikistan,2020-02-28,Premium,14348.74
6564,Penny Osborne,sallywilliams@example.com,Niue,2022-08-25,Basic,284.92
6565,James Huff,anthony59@example.org,Syrian Arab Republic,2023-06-08,Standard,1941.12
6566,Heather Watson,fpatterson@example.net,Uganda,2024-04-01,Standard,2179.49
6567,Samantha Alvarez,brandymcintosh@example.com,Libyan Arab Jamahiriya,2022-11-02,Standard,1943.9
6568,Joel Walter,bushmark@example.org,Belize,2023-08-05,Standard,2571.75
6569,Pamela Knight,bmorton@example.net,British Virgin Islands,2020-11-09,Standard,2562.65
6570,Jesus Knox,tyler42@example.com,Peru,2021-12-17,Basic,146.73
6571,Carol Garcia,andersondeborah@example.net,Burkina Faso,2021-06-07,Standard,2180.3
6572,Jerry Braun,pattonstacy@example.org,Albania,2020-12-31,Standard,2275.38
6573,Victoria Sanchez,mitchell23@example.com,Martinique,2023-07-06,Standard,896.58
6574,Rebecca Clark,mrobinson@example.net,Turkmenistan,2024-07-06,Standard,262.6
6575,Jeremy Schultz,robert68@example.com,Isle of Man,2021-05-03,Standard,2638.49
6576,Amanda Barrett,samantha00@example.org,Saint Barthelemy,2022-07-16,Standard,2917.25
6577,Justin Sandoval,amymurphy@example.com,Tonga,2022-10-07,Standard,1520.87
6578,Susan Castaneda,jeffrey85@example.com,Mauritius,2024-04-16,Basic,690.71
6579,Mark Ali,toliver@example.com,Niger,2021-07-24,Basic,736.94
6580,Tamara Lloyd,baileykatherine@example.net,Solomon Islands,2021-01-25,Basic,453.48
6581,Tina Nelson,mdavis@example.net,Nepal,2021-05-14,Basic,465.31
6582,Brian Davis,dillonrichard@example.com,Israel,2021-12-12,Standard,2373.62
6583,Susan Myers,kelly55@example.org,Singapore,2021-12-14,Basic,81.5
6584,Melinda Robinson,xcoleman@example.net,Niger,2021-03-14,Premium,11130.24
6585,Lisa Williams,joshualivingston@example.org,Djibouti,2024-04-10,Standard,1947.24
6586,Kristina Davenport,jackpatterson@example.com,Malawi,2024-10-06,Standard,513.49
6587,Lisa Rodriguez,ydavis@example.org,Mexico,2022-09-18,Premium,2191.17
6588,Jennifer Joseph,hopkinskaren@example.org,Benin,2023-03-21,Basic,242.82
6589,Angela Gonzalez,michaelwilson@example.org,Yemen,2021-05-23,Basic,390
6590,Aaron Washington,thomas44@example.com,Switzerland,2020-02-27,Standard,1031.93
6591,Cheryl Jackson,jeremyoliver@example.net,Bouvet Island (Bouvetoya),2022-08-26,Standard,996.18
6592,Mr. Leonard Stanton,kgrant@example.com,Mali,2020-06-27,Standard,1977.95
6593,Mary Mills,doris13@example.net,Romania,2023-10-04,Standard,514.91
6594,Melissa Becker,alexis74@example.com,Falkland Islands (Malvinas),2021-06-12,Basic,435.84
6595,Jesse Bishop,autumnbarnes@example.net,Libyan Arab Jamahiriya,2023-02-14,Basic,664.11
6596,Glenn Washington,cruzwilliam@example.org,Saint Vincent and the Grenadines,2023-10-08,Standard,1469.08
6597,Chase Martinez,harperjorge@example.com,Belarus,2024-10-10,Standard,2516.65
6598,Tiffany Martinez,wooddavid@example.com,Dominica,2023-07-23,Standard,2051.38
6599,David Jones,fkirk@example.net,Korea,2024-09-29,Premium,1369.12
6600,Ronnie Contreras,catherine14@example.com,Greece,2022-08-21,Standard,941.1
6601,David Norris,megan01@example.com,Hong Kong,2024-12-21,Premium,6227.66
6602,Desiree Everett,graysierra@example.org,Guernsey,2021-08-07,Premium,14287.94
6603,Crystal Alvarez,adrian91@example.org,Ethiopia,2021-09-24,Standard,1670.51
6604,John Jones,tuckeraudrey@example.com,Norway,2021-01-16,Premium,14872.66
6605,Tyler Berger,collinsmichael@example.com,Myanmar,2022-06-24,Basic,167.13
6606,Marisa Murphy,amymathews@example.com,Mexico,2023-02-04,Premium,14422.77
6607,Shane Thompson,esimmons@example.net,Australia,2022-05-09,Basic,38.3
6608,Daisy Meyer,reyesamber@example.net,Burundi,2021-09-06,Standard,1350.95
6609,Michelle Werner,morrowcassandra@example.com,Vanuatu,2023-05-05,Premium,12373.52
6610,Eric Giles,john03@example.org,Panama,2021-03-15,Premium,3689.36
6611,Michael Green,craigchristina@example.net,Belize,2020-01-10,Basic,28.94
6612,Karen Clark,thompsondanielle@example.com,Dominican Republic,2024-02-06,Standard,2794.56
6613,Brenda Lutz,gabrielcasey@example.org,Syrian Arab Republic,2023-03-23,Standard,2821.77
6614,Scott Brown,dustinbanks@example.org,Greenland,2020-03-18,Premium,1568.52
6615,Debbie Hall,markthomas@example.com,Saudi Arabia,2020-01-27,Basic,665.07
6616,Susan Green,brianleon@example.com,Tokelau,2024-05-13,Premium,9119.15
6617,Tyler Mcdonald,kaylabridges@example.org,Congo,2020-11-12,Standard,1901.31
6618,Hannah Mendez,aphillips@example.org,North Macedonia,2020-03-06,Basic,494.28
6619,Antonio Johnson,qmoore@example.org,Reunion,2022-03-16,Standard,1931.42
6620,David Lyons,rangelpaul@example.org,Somalia,2022-10-14,Standard,2907.51
6621,Lucas Davis,ryanbarnes@example.net,Australia,2023-02-02,Basic,416.4
6622,Vanessa Moore,sandra26@example.org,Armenia,2024-12-23,Standard,366.22
6623,Joshua Brewer,garymeyer@example.org,Guyana,2020-08-29,Premium,10945.09
6624,Lisa Gilbert,sandra45@example.net,Mongolia,2020-09-01,Standard,2947.69
6625,Gabriel Davidson,michelle52@example.net,Faroe Islands,2020-11-22,Premium,1921.56
6626,Judy Sanders,curtis88@example.net,Tuvalu,2022-03-07,Basic,282.44
6627,Felicia Graham,ronnierussell@example.com,Sierra Leone,2024-04-13,Standard,2990.13
6628,Daniel Moss,jacksoncourtney@example.org,Czech Republic,2021-12-04,Standard,2091.09
6629,Tasha Sheppard,nkelly@example.net,Singapore,2024-11-27,Standard,1077.52
6630,Deborah Jones,jillian35@example.com,Philippines,2020-08-03,Standard,240.82
6631,Erin Mueller,anne83@example.net,Jamaica,2023-03-29,VIP,2050.94
6632,Tracy Hoffman,michaelwatson@example.com,Cuba,2023-04-08,Premium,1333.7
6633,Scott Hurley,sarahmorgan@example.org,Guinea,2020-03-03,Basic,722.27
6634,Craig Mercer,bfisher@example.com,Zambia,2021-09-04,Standard,2497.77
6635,Laura Cunningham,teresascott@example.org,Guinea-Bissau,2021-06-16,Basic,387.7
6636,Frank Snow,gardnerelizabeth@example.org,Argentina,2022-11-15,Standard,2979.27
6637,Sabrina Martin,baldwinjason@example.com,Haiti,2022-04-04,Premium,14313.21
6638,Brent Li,derekhernandez@example.com,United States Minor Outlying Islands,2023-08-12,Basic,57.27
6639,Dennis Martinez,roberthall@example.org,Isle of Man,2021-11-04,Basic,24.89
6640,Nicole Wilson,luis71@example.com,Oman,2021-01-22,Standard,2616.96
6641,Frank Davenport,cfreeman@example.com,Mexico,2023-04-20,Premium,3075.95
6642,Amanda Gallegos,sheltondanielle@example.net,Bolivia,2023-06-22,Basic,779.35
6643,Jay Evans,rebeccamccarthy@example.com,Comoros,2023-09-09,Standard,751.33
6644,Ricky Perry,clarkjennifer@example.net,Mongolia,2024-10-12,Standard,1976.33
6645,Angelica Walter,sean97@example.org,Christmas Island,2023-09-16,Standard,111.65
6646,Joshua Gomez,matthew78@example.net,Latvia,2023-05-05,Premium,10487.31
6647,Richard Soto,suareznatasha@example.com,Japan,2024-03-07,Premium,13569.12
6648,William Aguilar,deankathleen@example.net,Jersey,2021-02-08,Premium,12658.35
6649,Veronica Greene,alexander86@example.com,Wallis and Futuna,2022-03-15,Basic,606.04
6650,Jenna Duncan,elizabethsampson@example.net,Oman,2024-07-11,Standard,578.23
6651,Steven Carroll,hnelson@example.org,Dominica,2023-08-03,Standard,2155.9
6652,Angela Dominguez,johnsonkeith@example.com,Guadeloupe,2021-10-20,Basic,258.66
6653,Ryan Murphy,cescobar@example.org,Grenada,2024-11-01,Standard,1074.86
6654,Christopher Wells,williambriggs@example.net,Iran,2023-07-21,Standard,615.42
6655,Jeffrey Reynolds,lisa43@example.org,Benin,2024-10-08,Standard,2090.06
6656,Thomas Brown,wgomez@example.org,Gambia,2022-08-04,Standard,1599.87
6657,Dawn Murray,rgross@example.com,San Marino,2022-11-02,Standard,1370.35
6658,Albert Gomez,murillokendra@example.com,Greenland,2023-03-18,Basic,622.67
6659,Amanda Knapp,amy97@example.net,Comoros,2023-10-15,Basic,459.69
6660,Sharon Evans MD,jacobgreen@example.com,Seychelles,2023-04-02,Standard,1362.58
6661,Patrick Jackson,iwilliams@example.net,Senegal,2020-11-22,Standard,247.93
6662,Marcus Hunt,flemingbrandon@example.net,Tunisia,2022-09-05,Basic,533.38
6663,,stewartlauren@example.com,Samoa,2020-07-26,Premium,12972.16
6664,Aaron Cobb,alexis13@example.net,Ethiopia,2021-01-08,Basic,649.88
6665,Don Martin,ystout@example.com,Equatorial Guinea,2020-08-22,Standard,2556.68
6666,Clayton Lara,shannon54@example.net,Cyprus,2022-08-22,Basic,536.64
6667,Nancy White,jason60@example.com,Brunei Darussalam,2020-03-13,Basic,592.62
6668,Joshua Miller,jean42@example.com,Peru,2020-09-15,Standard,2987.84
6669,Kenneth Miles,vrice@example.net,Colombia,2024-12-18,Premium,4051.33
6670,Robert Cowan,andrewgarcia@example.net,Mexico,2020-03-15,Basic,478.19
6671,Christian Logan,qprice@example.org,Slovakia (Slovak Republic),2022-07-25,Standard,1948.91
6672,Amanda Brock,martincathy@example.com,Namibia,2022-01-28,Standard,1800.57
6673,Lisa Craig,michelle15@example.net,Belarus,2021-02-07,Standard,305.62
6674,Glenn Lewis,gonzalesderek@example.com,Ukraine,2023-12-10,Standard,1377.79
6675,Jonathan Wells,whines@example.net,Kuwait,2022-08-05,Standard,1152.01
6676,Jacob Mcdonald,jerry30@example.org,Cook Islands,2024-04-20,Premium,7804.94
6677,Charlotte Tapia,wnelson@example.com,United States Virgin Islands,2021-02-12,Standard,750.1
6678,Cheryl Escobar,leblancmichael@example.net,Israel,2020-02-09,Basic,370.92
6679,Lisa Benitez,eric66@example.org,Benin,2022-04-05,Premium,10862.5
6680,Stephen Smith,sheadawn@example.net,Western Sahara,2021-12-29,Standard,1874.45
6681,Keith Wright,lori53@example.net,Hong Kong,2024-09-07,Standard,2578.84
6682,Brandon Morales,tkeith@example.org,Greenland,2024-05-27,Basic,192.98
6683,Timothy Nguyen,zacharyfowler@example.org,Burundi,2021-09-19,Standard,2577.97
6684,Melissa Rivas,jessica97@example.net,Montenegro,2020-02-02,Basic,263.3
6685,David Allison,teresa75@example.net,Dominican Republic,2021-07-24,Standard,559.34
6686,Mrs. Casey Caldwell DDS,bphillips@example.com,Benin,2021-09-26,Standard,2109.72
6687,Timothy Landry,morrisblake@example.com,Eritrea,2023-05-22,Basic,141.39
6688,Kathryn Smith,awu@example.org,Iran,2021-05-26,Basic,402.71
6689,Jonathan Smith,debraduncan@example.com,Bosnia and Herzegovina,2021-08-27,Standard,881.84
6690,Megan Martinez,aharris@example.com,Chad,2023-10-03,Standard,2193.91
6691,Christian Jones,qvalentine@example.net,Germany,2023-01-07,Standard,1270.94
6692,Christina Tucker,bcarr@example.com,Palestinian Territory,2022-04-24,Premium,5713.05
6693,John Foley,paulpalmer@example.net,Congo,2024-11-02,Basic,266.11
6694,Richard Vazquez,jeffreyfreeman@example.net,Saint Pierre and Miquelon,2020-09-22,Basic,703.4
6695,Michelle Avery,gallegosaaron@example.net,Zambia,2021-09-13,Standard,2879.07
6696,Scott Martinez,vincentmichael@example.com,Saint Pierre and Miquelon,2020-07-05,Standard,411.74
6697,Jay Martinez,ystevenson@example.org,Mayotte,2023-12-19,Standard,1858.29
6698,Travis Villegas,raymondfuentes@example.net,Turkmenistan,2021-10-23,Premium,12648.7
6699,Christopher Shaw,jennifer14@example.org,Sao Tome and Principe,2024-06-23,Basic,112.88
6700,Thomas Reyes,christina93@example.org,Saint Martin,2020-09-19,Standard,1922.3
6701,Travis Rose,pruittwilliam@example.org,Jamaica,2020-12-17,Standard,1969.06
6702,Cheryl Cervantes,justingoodman@example.com,Saint Pierre and Miquelon,2021-06-18,Standard,2479.69
6703,Monica Juarez,millerbrandon@example.com,Croatia,2023-08-05,Basic,675.6
6704,Ryan Taylor,morgangarrett@example.com,Northern Mariana Islands,2020-05-20,Premium,1044.99
6705,Erin Brennan,bensondonald@example.net,Cape Verde,2023-01-08,Standard,2929.29
6706,Mrs. Brittany Gonzalez,johnfitzgerald@example.org,Cyprus,2024-06-30,Standard,2035.62
6707,Joshua Lowe,garciadavid@example.org,Niue,2023-04-02,Premium,12418.88
6708,Lisa Crawford,pcalhoun@example.net,Swaziland,2024-12-03,Standard,228.66
6709,Lindsay Gonzales,cprice@example.net,Swaziland,2023-08-02,Standard,160.32
6710,James Walters,ian96@example.com,Greenland,2020-01-07,Premium,7052.65
6711,David Green,rmorgan@example.org,Anguilla,2023-03-25,Premium,7481.34
6712,Brittney Johnson,parkererica@example.net,North Macedonia,2023-02-12,Basic,541.7
6713,Keith Sims,lthomas@example.net,Malaysia,2023-07-21,Standard,223.44
6714,Daniel Malone,john39@example.org,French Guiana,2022-04-01,Standard,755.88
6715,Lauren Dunn,haynescynthia@example.net,Isle of Man,2022-03-04,Standard,1103.01
6716,Cory Garrett,lutzkaren@example.com,Montserrat,2024-12-18,Basic,259.81
6717,Amy Campbell,melaniejackson@example.org,Sweden,2023-02-18,Basic,789.71
6718,Carol Hansen,thomasabigail@example.net,Estonia,2020-10-06,Basic,184.37
6719,Ashley Bowers,craigbrittany@example.net,Ireland,2022-09-12,Standard,221.94
6720,Denise Brown,tina16@example.org,Bulgaria,2023-03-27,Standard,292.77
6721,Brian Burns,timothy41@example.org,Ecuador,2021-09-16,Standard,1941.99
6722,Timothy Thompson,carolyn15@example.org,Guyana,2023-08-02,Standard,2072.47
6723,Rebecca Clark,christopher63@example.com,Lithuania,2020-03-08,Standard,2956.18
6724,Wendy Wilson,kristin46@example.com,Swaziland,2021-02-25,Premium,8596.44
6725,Renee Rodriguez,georgelozano@example.org,Somalia,2023-12-15,Standard,576.09
6726,Patty Clay,caseadrienne@example.net,Tokelau,2024-11-06,Standard,1274.79
6727,Bryan Garcia,alicia10@example.org,France,2023-12-25,Premium,11448.59
6728,Carlos Cannon,john59@example.com,Malawi,2021-09-05,Standard,2267.96
6729,Kevin Davis,suzanne81@example.org,Puerto Rico,2021-11-25,Basic,12.92
6730,Jeffrey Burnett,ysimpson@example.com,Australia,2022-06-07,Standard,608.1
6731,Brandon Hoffman,stevenkemp@example.net,Moldova,2021-09-27,Basic,677.61
6732,John Wise,imullen@example.org,Timor-Leste,2020-04-01,Standard,940.34
6733,Sarah Schmidt,victor70@example.com,Benin,2024-09-25,Basic,283.34
6734,Robert Harmon,thomas08@example.org,Colombia,2020-08-03,Basic,61.83
6735,Mrs. Anna Wilson MD,mary24@example.net,Turks and Caicos Islands,2024-03-28,Premium,5067.61
6736,Sandra Turner,andrewwolf@example.com,Hong Kong,2024-11-23,Basic,746.45
6737,Kim Chapman,laurahart@example.org,French Southern Territories,2021-06-08,Premium,8708.55
6738,Sara Smith,spearsbrittany@example.com,Malta,2023-06-01,Standard,1478.94
6739,Lisa Wright,adrian41@example.net,Haiti,2023-03-18,Basic,549.02
6740,Brandon Soto,anthonyparsons@example.com,Barbados,2023-06-09,Standard,130.51
6741,James Spears,zjennings@example.net,Saint Martin,2024-06-04,Standard,1167.09
6742,Jason Hogan,lauradickson@example.net,Mali,2024-07-16,Standard,1124.49
6743,Joseph Tate DVM,huntamanda@example.net,India,2024-03-15,Premium,10436.6
6744,Courtney Campbell,brian57@example.org,Thailand,2022-01-12,Premium,5952.26
6745,Kathleen Murray,gibbskimberly@example.com,Timor-Leste,2021-01-11,Premium,1420.24
6746,Vincent Hernandez,russellstephanie@example.com,Myanmar,2021-11-13,Premium,6541.3
6747,Elizabeth Rodriguez,michellejones@example.net,Antarctica (the territory South of 60 deg S),2021-10-17,Standard,2581.21
6748,Anthony Pham,hhinton@example.com,Ecuador,2020-09-30,Standard,1070.08
6749,Brandi Wolfe,kristin93@example.com,Malaysia,2022-05-04,Standard,2085.13
6750,Molly Livingston,romankevin@example.org,Slovakia (Slovak Republic),2024-10-21,Standard,2292.84
6751,Holly Bryant,mariestewart@example.com,Hungary,2024-05-08,Premium,3964.55
6752,Melissa Garcia,ystewart@example.com,Kuwait,2024-09-27,Standard,1745.14
6753,Jimmy Sparks,maddoxlynn@example.org,Argentina,2022-01-14,Basic,80.61
6754,Alicia Boyd,schwartzconnie@example.net,Congo,2020-03-15,Basic,293.27
6755,Laura Henry,lindahenson@example.org,Guyana,2024-06-20,Standard,2511.91
6756,Gina Reed,bmiller@example.net,Rwanda,2023-05-31,Premium,4217.86
6757,Victoria Young,monica98@example.net,Eritrea,2023-10-06,Basic,179.43
6758,Sara Butler,not-an-email,North Macedonia,2023-09-30,Basic,4.84
6759,Tina Walton,james22@example.net,Netherlands,2023-04-23,Standard,1798.12
6760,Sarah Fernandez,davidparrish@example.net,Portugal,2020-04-09,Standard,1541.73
6761,Michael Robinson,alecsmith@example.org,Australia,2024-11-07,Premium,594.94
6762,Timothy Golden,angela90@example.org,Uganda,2021-05-09,Standard,1747.23
6763,Shawn Reynolds,hernandezmichael@example.net,Liechtenstein,2020-11-17,Basic,54.84
6764,Patrick Owen,bishopcheryl@example.org,Pitcairn Islands,2024-02-02,Standard,2235.78
6765,Nancy Elliott,peter69@example.org,Slovakia (Slovak Republic),2021-10-09,Standard,1490.13
6766,Laura Rodriguez,kaylafisher@example.com,Marshall Islands,2023-03-05,Standard,240.19
6767,Chelsea Anderson,smiller@example.org,Iceland,2024-08-17,Basic,381.95
6768,Megan Alvarez,gibsonjenna@example.com,Colombia,2024-08-14,Standard,1258.86
6769,Michelle Becker,howardjoseph@example.net,Norfolk Island,2021-05-17,Basic,676.46
6770,Tammy Stephens,powersjoseph@example.net,Burundi,2024-04-22,Standard,2209.06
6771,Ronnie Norton,vmorgan@example.org,Gibraltar,2020-10-31,Standard,460.55
6772,Derek Kirby,stephensstephanie@example.net,Tunisia,2024-02-24,Standard,2306.66
6773,Kimberly Hopkins,lramos@example.net,Heard Island and McDonald Islands,2021-12-13,Standard,2615.73
6774,Ashley Eaton,morajames@example.com,Bahamas,2021-08-22,Basic,296.19
6775,Donald Espinoza,nancy01@example.org,Falkland Islands (Malvinas),2021-12-30,Standard,1301.7
6776,Robyn Clarke,jason28@example.net,Serbia,2020-04-09,Standard,2294.65
6777,Taylor Collins,peter47@example.net,Jordan,2022-02-14,Standard,2314.54
6778,Christina Howard,lmcintosh@example.org,Isle of Man,2022-07-04,Standard,202.29
6779,Karen Perez,masonashley@example.org,Gambia,2022-06-11,Standard,1734.46
6780,Edward Sanders,linda32@example.org,San Marino,2020-11-19,Basic,308.25
6781,Amanda Sexton,kenneth96@example.net,Italy,2022-12-24,Standard,2891.41
6782,Joe Robbins,brianorr@example.net,Venezuela,2023-05-27,Standard,2013.6
6783,Marc Neal,randy61@example.com,Andorra,2020-06-03,Standard,1672.86
6784,Jacqueline Davis,lewismary@example.com,Saint Lucia,2022-02-01,Premium,13735.98
6785,Emily Steele,caseykrause@example.net,Niue,2024-11-14,Standard,2429.22
6786,Brenda Johnson,lchang@example.net,Guam,2023-05-14,Standard,974.4
6787,Alexander Brown,kenneth15@example.com,Thailand,2021-09-15,Standard,504.35
6788,Patricia Frazier,landrynicholas@example.com,Ukraine,2023-09-21,Basic,599.82
6789,Jake Moore,andrewwilson@example.com,Mauritius,2027-01-01,Basic,720.19
6790,Samantha Hoffman,floresstephen@example.org,Samoa,2024-05-29,Basic,93.27
6791,John Long,levyelizabeth@example.org,Albania,2021-09-15,Standard,418.82
6792,Claire Vance,april93@example.org,Denmark,2024-02-25,Standard,1487.35
6793,Stephanie Olson,robert79@example.com,Vietnam,2024-02-03,Basic,387.4
6794,Sean Nguyen,joshuaponce@example.com,Madagascar,2023-05-31,Standard,1085.74
6795,Jason Rowland,clayscott@example.com,Trinidad and Tobago,2023-10-16,Standard,2016.55
6796,Donna Mcguire,erica78@example.com,India,2023-06-03,Standard,1790.39
6797,Holly Rowe,joshuawest@example.org,Estonia,2022-06-05,Basic,564.59
6798,Michael Abbott,christopher52@example.org,Papua New Guinea,2022-08-23,Premium,6344.04
6799,Vanessa Clark,millersteven@example.net,India,2020-04-13,Standard,1658.62
6800,Xavier Jones,anita77@example.com,French Southern Territories,2020-05-05,Premium,10990.11
6801,Jason Gonzalez,ehopkins@example.org,Congo,2022-06-05,Standard,508.18
6802,Joshua Phelps,tylerrusso@example.com,Azerbaijan,2021-06-30,Standard,2744.34
6803,Mary Wagner,tkim@example.com,Saint Lucia,2020-01-30,Standard,1893.46
6804,Tiffany Rivera,ortegamaureen@example.com,Martinique,2024-04-27,Standard,2381.16
6805,Jennifer Thomas,sullivanjose@example.com,Greenland,2020-09-25,Basic,455.41
6806,Nathan Mathews,reedchristopher@example.org,French Polynesia,2024-11-05,Basic,195.35
6807,Megan Hall,courtneyshaw@example.com,Nigeria,2023-02-25,Standard,2752.32
6808,Paul Dennis,gedwards@example.net,El Salvador,2023-03-13,Basic,552.12
6809,Jason Brown,snyderlauren@example.net,Guernsey,2024-02-08,Standard,2759.68
6810,Lisa Ford,forbeslisa@example.com,Heard Island and McDonald Islands,2020-02-17,Basic,602.94
6811,Carmen Hughes,rojasjose@example.com,Zimbabwe,2020-04-20,Premium,14818.63
6812,Frances Watts,jennifer87@example.org,Uruguay,2022-01-04,Standard,2192.87
6813,James Allen,shepardhector@example.com,Saint Barthelemy,2021-04-18,Standard,2835.18
6814,Daniel Miller,brownchristopher@example.com,Netherlands Antilles,2024-02-17,Premium,1073.89
6815,Amanda Hubbard,scott55@example.com,Kiribati,2022-07-22,Standard,1220.4
6816,Danielle Parks,edwardwhite@example.net,Bangladesh,2023-11-15,Premium,13101.59
6817,Zachary Mccarthy,piercemadeline@example.org,Israel,2024-02-12,Standard,2502.99
6818,Robert Riddle,michaelpalmer@example.org,Malta,2024-05-24,Premium,11798.41
6819,Kyle Hess,kclark@example.com,Uganda,2022-06-11,Premium,4800.01
6820,Don Rogers,thomaslester@example.org,Lao People's Democratic Republic,2023-12-22,Basic,325.22
6821,Charles Melendez,hsweeney@example.com,Guernsey,2024-01-28,Standard,2508.72
6822,Vanessa Barber,graysarah@example.org,Montserrat,2020-07-29,Basic,516.81
6823,Joseph Beltran,bthomas@example.com,Iraq,2020-09-09,Standard,813.63
6824,Erin Huang,rthompson@example.com,Senegal,2023-01-24,Premium,9418.02
6825,Terry Booker,thomasalyssa@example.com,South Africa,2024-12-20,Standard,2986.28
6826,Timothy Riley,stephenwillis@example.net,Montenegro,2022-04-10,Standard,2602.9
6827,Leah Davis,thomasbenjamin@example.org,Guam,2020-03-22,Premium,12222.61
6828,Victoria Brewer,christian68@example.com,Antigua and Barbuda,2022-08-18,Basic,131.6
6829,Ryan Espinoza,frederick37@example.org,Afghanistan,2022-09-26,Standard,1928.89
6830,Shannon Hayes,nwatson@example.org,Sao Tome and Principe,2020-07-04,Basic,581.43
6831,Christopher Maynard,pjohnson@example.com,Senegal,2023-08-07,Standard,682.79
6832,Katrina Mitchell,ronaldfriedman@example.net,Georgia,2020-04-06,Standard,1658.08
6833,Zachary Robinson,montoyaveronica@example.org,Cuba,2024-05-26,Standard,1329.75
6834,Ms. Mary Gomez,john67@example.org,Azerbaijan,2020-04-24,Basic,385.66
6835,Kimberly Medina,olivernicole@example.com,Serbia,2023-05-06,Standard,1015.46
6836,Tyler Barnes,dillonharris@example.org,Pitcairn Islands,2024-08-11,Premium,2945.69
6837,Angela Kelly,sheri89@example.net,Congo,2023-03-29,Premium,2263.32
6838,Caroline Harris,rstephens@example.org,Brunei Darussalam,2020-01-14,Standard,2277.51
6839,Patricia Mcdonald,dhayes@example.com,Luxembourg,2022-05-02,Basic,158.98
6840,Michele Cross,meaganevans@example.net,Svalbard & Jan Mayen Islands,2022-03-23,Basic,746.42
6841,Noah Herring,destiny71@example.org,Djibouti,2020-03-16,Basic,91.49
6842,Jacqueline Fischer,fmcbride@example.org,Brazil,2023-12-09,Basic,215.17
6843,Bianca Moore,logan63@example.net,Yemen,2021-07-31,Basic,553.95
6844,Jeffery Mitchell,jeanneaguirre@example.net,American Samoa,2024-03-31,Standard,2842.08
6845,Gregory Shelton,heatherwells@example.org,Taiwan,2024-03-28,Standard,2348.69
6846,Mark Obrien,htorres@example.net,Albania,2020-05-19,Premium,1607.97
6847,Joshua Gonzales,sarahblack@example.net,Antarctica (the territory South of 60 deg S),2023-01-12,Standard,2276.94
6848,Jeffrey Perry DDS,ashley70@example.com,Pakistan,2021-09-07,Standard,2161.93
6849,Emily Page,chandlerfelicia@example.org,Mongolia,2020-08-18,Standard,685.63
6850,Mary Roth,juliecarney@example.org,Guatemala,2020-01-04,Basic,622.86
6851,Colin Cook,jacksonpamela@example.org,Turkmenistan,2020-10-04,Basic,261.1
6852,Katie Smith,yubilly@example.org,Christmas Island,2020-08-18,Standard,633.28
6853,Anthony Young,bradwillis@example.net,Saint Barthelemy,2022-11-24,Basic,669.3
6854,William Williams,carterpatrick@example.com,Brazil,2020-07-22,Standard,277.89
6855,Alexis Davis,lboyer@example.com,Sudan,2020-05-06,Premium,10543.72
6856,Harold Cunningham,mackrebecca@example.org,Montenegro,2022-09-06,Standard,267.01
6857,James Nguyen,orobertson@example.net,Macao,2021-09-21,Standard,1068.79
6858,Mitchell Maxwell,stevengillespie@example.org,Jamaica,2023-03-03,Standard,2517.28
6859,Ronald Bailey,haleyyoder@example.com,American Samoa,2023-10-30,Standard,2402.32
6860,Walter Gonzalez,dmueller@example.net,Puerto Rico,2023-12-28,Premium,6280.62
6861,Brittany Velez,guerrerosherry@example.net,Suriname,2021-10-23,Standard,1926.95
6862,Randall Paul,ymerritt@example.net,Israel,2024-02-11,Basic,302.95
6863,James Reid,robert14@example.org,Rwanda,2022-04-03,Premium,1468.87
6864,Alejandra Smith,hooddaniel@example.com,Estonia,2020-05-27,Standard,829.06
6865,Jordan Burns,smiththomas@example.net,Sudan,2022-08-28,Standard,2789.83
6866,Tyler Thomas,jeffreysimmons@example.org,Norway,2021-07-01,Standard,2999.82
6867,Shelby Clark,josephwilliams@example.com,Falkland Islands (Malvinas),2020-06-11,Standard,2834.03
6868,Johnny Wood,blutz@example.org,Armenia,2020-09-19,Premium,10744.83
6869,Amber Smith,carmen18@example.com,Central African Republic,2023-04-07,Standard,2868.59
6870,Debra Franklin,cindygarrett@example.org,Gabon,2022-06-29,Standard,2169.71
6871,Laura Mitchell,ralphchapman@example.net,Iceland,2023-02-13,Standard,707.63
6872,Stephanie Miller,tara55@example.net,Malta,2022-12-20,Standard,808.89
6873,Albert Castillo,dbarton@example.com,Bolivia,2023-04-05,Standard,723.61
6874,Christy Hicks,jillarnold@example.org,Liechtenstein,2024-07-23,Standard,193.69
6875,Patrick Campbell,paul50@example.org,Papua New Guinea,2023-08-14,Standard,1493.61
6876,Joshua Sanchez,jennifer41@example.net,Wallis and Futuna,2021-05-01,Standard,1207.7
6877,Luis Martin,usingh@example.com,Aruba,2022-08-24,Premium,6569.32
6878,Scott Chung,fwright@example.net,Argentina,2024-09-05,Standard,2678.25
6879,Jay Lee,reedkristy@example.net,Libyan Arab Jamahiriya,2023-02-20,Standard,1619.96
6880,John Hall,fergusonnatalie@example.org,Oman,2022-12-22,Premium,2822.84
6881,Julie Barnes,hamiltonandrew@example.org,Madagascar,2024-04-17,Premium,13073.92
6882,Robert Smith,patrick11@example.net,Tokelau,2021-05-10,Standard,2361.88
6883,Krista Anderson,mccarthyvalerie@example.com,Macao,2023-11-17,Standard,2736.16
6884,Daniel Hart,andrewsnyder@example.org,Congo,2022-03-28,Basic,655.34
6885,Christina Rosario,waltervargas@example.net,Bhutan,2020-11-30,Basic,484.74
6886,Jennifer Hopkins,deborah86@example.org,El Salvador,2020-07-23,Basic,639.07
6887,Mary Lindsey,qmayer@example.net,Chile,2021-12-15,Standard,364.89
6888,Jason Wilcox,matthewcooper@example.org,Austria,2024-01-16,Standard,751.37
6889,Robert Bailey,beckjean@example.com,Heard Island and McDonald Islands,2023-04-14,Standard,829.73
6890,William Sanchez,christina08@example.net,Guernsey,2022-01-24,Standard,415.92
6891,Donna Grant,samanthaenglish@example.org,Kazakhstan,2020-07-10,Standard,1571.67
6892,Carla Chavez,nhunter@example.com,Australia,2023-02-22,Standard,549.47
6893,Russell Sims Jr.,mcmillanchristopher@example.net,Lebanon,2024-11-13,Premium,1399.22
6894,William Hayes,wilsonjeremy@example.org,China,2022-12-07,Standard,1210.82
6895,Thomas Wiggins,tjones@example.com,Korea,2024-06-29,Premium,13405.72
6896,Deborah Wells,shawdanielle@example.org,Andorra,2023-12-18,Premium,4055.9
6897,Alyssa Smith,perezbrian@example.net,Northern Mariana Islands,2021-05-31,Basic,713.41
6898,Bruce Summers,scottalan@example.org,Saint Lucia,2024-04-19,Premium,9299.79
6899,Danielle Cobb,danielguerrero@example.net,Tonga,2020-10-05,Standard,813.91
6900,Angela Hernandez,rcrosby@example.com,Egypt,2024-11-29,Basic,55.18
6901,Michelle Sampson,nicholas84@example.com,Monaco,2021-11-16,Standard,1523.7
6902,Annette Mckee,jamiesanders@example.com,Niger,2024-03-20,Standard,1104.72
6903,Emily Henson,cartersteven@example.net,British Indian Ocean Territory (Chagos Archipelago),2024-08-05,Standard,287.41
6904,Melissa Lynch,glennkristina@example.org,Western Sahara,2020-04-10,Standard,363.08
6905,Bonnie Reese,robert97@example.net,North Macedonia,2024-09-16,Standard,2914.16
6906,Lauren Stephens,taylorrichard@example.net,Nicaragua,2020-12-01,Basic,225.12
6907,Janice Singleton,jessicaspence@example.com,Peru,2023-08-22,Basic,15.53
6908,Ryan Cain,yhorton@example.com,Korea,2024-02-01,Basic,257.45
6909,Raven House,mwatson@example.com,Kenya,2022-10-15,Basic,148.03
6910,Emma Kerr,ehenry@example.org,Puerto Rico,2024-07-13,Standard,923.67
6911,Renee Hunter,barreralouis@example.net,Suriname,2023-01-28,Basic,97.11
6912,Casey Rios,kimberlyyoung@example.org,Mongolia,2024-02-19,Standard,254.23
6913,John Campbell,housejennifer@example.com,Luxembourg,2021-10-31,Standard,1273.9
6914,Jennifer Morgan,griffindeanna@example.net,United Kingdom,2024-10-30,Basic,526.3
6915,Deborah Powell,eric73@example.org,Bangladesh,2021-05-08,Basic,176.14
6916,Aaron Cook,lbecker@example.org,South Georgia and the South Sandwich Islands,2020-08-20,Basic,367.98
6917,Kelly Smith,tonyarowe@example.org,Namibia,2023-03-25,Standard,950.42
6918,Hannah Waters,wsanders@example.org,Azerbaijan,2023-05-18,Standard,2665.44
6919,Kimberly Jimenez,gonzalesjessica@example.net,Bangladesh,2020-02-21,Standard,1699.52
6920,Megan Bowers,butlerjacob@example.net,Pakistan,2023-11-28,Standard,1431.71
6921,Patrick Walker,kelly19@example.com,Georgia,2022-10-19,Basic,585.33
6922,Jordan Little,amber67@example.org,Bouvet Island (Bouvetoya),2023-02-05,Basic,107.96
6923,Nicole Moore,maria63@example.com,Cook Islands,2022-01-29,Standard,1519.27
6924,Ronald Dickson,bookerjohn@example.com,Venezuela,2024-04-06,Standard,2812.5
6925,Michael Benson,lmaynard@example.com,Algeria,2021-04-04,Standard,189.08
6926,Jamie Castro,melaniewatson@example.com,Jamaica,2024-10-11,Premium,6074.97
6927,Arthur Glenn,dixondavid@example.org,Albania,2021-05-30,Standard,1664.83
6928,Gavin Bishop,,United States of America,2022-08-19,Basic,657.91
6929,Lisa Peck,hernandezchristian@example.org,Moldova,2021-09-16,Standard,1905.2
6930,Jennifer Edwards,samanthacruz@example.net,Bermuda,2020-09-14,Basic,754.08
6931,Edward Mays,qnolan@example.org,Fiji,2023-01-02,Standard,129.25
6932,Tony Diaz,christopher23@example.org,Vietnam,2024-12-25,Basic,778.05
6933,Mrs. Angela Leon,julie15@example.net,Isle of Man,2022-10-19,Standard,1657.16
6934,Alexander Gonzalez,jessejenkins@example.com,Malawi,2020-08-11,Standard,814.47
6935,Alec Griffin,jose52@example.com,Tanzania,2020-12-22,Standard,207.38
6936,Amy Knight,zdiaz@example.com,Kyrgyz Republic,2023-01-12,Basic,190.67
6937,James Graham,orichard@example.net,Lesotho,2022-10-27,Basic,732.49
6938,Mr. Rodney Clark,parkermatthew@example.com,Yemen,2021-07-03,Standard,1792.53
6939,Kimberly Hamilton,cohenleslie@example.com,United States Virgin Islands,2021-03-22,Premium,10302.22
6940,Alan Baker,jessica18@example.com,Armenia,2023-07-17,Standard,1237.64
6941,Jamie Clark,carolynscott@example.net,Iraq,2024-08-24,Basic,85.62
6942,Richard Harris,cmiller@example.com,Niger,2020-01-26,Standard,1430.54
6943,Ashley Thompson,tiffany38@example.com,Saudi Arabia,2020-08-31,Standard,821.4
6944,Alexander Bishop,johnstoneric@example.org,Guyana,2024-09-15,Standard,2125.12
6945,Larry Chaney,johnlowe@example.org,Palestinian Territory,2020-08-25,Standard,2729.68
6946,Travis Myers,brandi32@example.net,Japan,2024-02-19,Basic,234.79
6947,Paul Wilson,jeanetteirwin@example.net,Botswana,2020-04-07,Basic,486.39
6948,Randy Kent,aaronjohnson@example.org,Trinidad and Tobago,2024-08-28,Basic,406.73
6949,Joseph Hunt,josephwilson@example.com,Montserrat,2021-06-13,Basic,190.97
6950,Jerry Martinez,kennedychloe@example.org,Dominica,2023-11-23,Basic,650.06
6951,William Nguyen,wrightjason@example.org,Belize,2021-03-27,Standard,2418.16
6952,Danielle Reynolds,tball@example.com,Guinea,2023-04-02,Basic,684.58
6953,Madeline Wise,andrewsdale@example.com,Papua New Guinea,2020-04-12,Premium,1032.66
6954,Peter Patterson Jr.,chrissantos@example.com,France,2023-02-01,Standard,963.47
6955,Christopher Lowery,ilee@example.net,Libyan Arab Jamahiriya,2024-04-06,Basic,501.57
6956,Joseph Castaneda,dawn73@example.org,Saint Barthelemy,2024-05-23,Standard,2681.16
6957,Terrance Rubio,philipreese@example.org,Guam,2023-05-30,Standard,1563.71
6958,Edward Kidd,ipugh@example.com,Lesotho,2021-12-03,Standard,2601.52
6959,Adam Scott,heather76@example.com,Croatia,2020-06-29,Standard,1194.75
6960,Blake Cooper,elizabeth06@example.net,Gibraltar,2023-10-24,Basic,18.1
6961,Gregory Thompson,crystaladams@example.com,Panama,2020-09-07,Standard,2380.43
6962,Crystal Acosta,raybrenda@example.com,Uruguay,2024-05-27,Premium,7012.83
6963,Joshua Terry,zwebb@example.com,Lithuania,2020-02-03,Standard,692.5
6964,Joshua Martinez,elizabeth06@example.com,Christmas Island,2022-09-24,Standard,1295.09
6965,Micheal Garcia,lmcmillan@example.org,French Southern Territories,2024-05-10,Premium,3553.26
6966,Ross Wallace,greenmichelle@example.net,Vanuatu,2020-10-25,Standard,2554.47
6967,Douglas Wright,russellbailey@example.net,Tunisia,2021-04-21,Standard,2462.7
6968,Vanessa Young,karen82@example.net,Austria,2021-10-24,Premium,7371.55
6969,Kristin Williams,andrewwells@example.net,Timor-Leste,2023-12-30,Standard,1148.43
6970,Jonathan Hurst,whitneycarpenter@example.org,Guinea-Bissau,2020-05-09,Standard,558.99
6971,Brian Lucas,katrina35@example.net,Eritrea,2020-06-26,Basic,729.12
6972,Bradley Williams Jr.,brianachung@example.org,Chad,2023-06-21,Standard,2312.92
6973,Alexander Pope,garyharper@example.org,Tanzania,2020-07-22,Standard,2599.41
6974,John Daugherty,masonsalazar@example.net,Papua New Guinea,2023-11-23,Basic,621.33
6975,Daniel Reynolds,hallmary@example.com,Australia,2022-05-03,Standard,2171.4
6976,Savannah Mcdonald,smithtimothy@example.net,Bosnia and Herzegovina,2022-11-04,Premium,6531.34
6977,Richard Williams MD,eddie60@example.net,Malawi,2022-03-06,Basic,564.46
6978,Kristina Richards,stephaniewilliams@example.com,Brazil,2020-05-09,Premium,10964.08
6979,Angela Lopez,chendricks@example.org,Montserrat,2021-05-06,Basic,763.15
6980,Michelle Levy,becky11@example.com,Bouvet Island (Bouvetoya),2021-02-12,Basic,42.01
6981,Kevin Brown,gphillips@example.net,Liechtenstein,2022-09-29,Basic,774.78
6982,Calvin Cooper,fischerdustin@example.net,Morocco,2023-09-06,Basic,247.32
6983,Douglas Norris,kathleen29@example.net,Portugal,2022-07-14,Standard,2496.67
6984,Thomas Simmons,lisadennis@example.net,Portugal,2024-07-25,Basic,595.29
6985,Gina Oliver,linda19@example.com,Kazakhstan,2024-09-04,Standard,1996.77
6986,Mary Williams,mmercer@example.org,Saint Vincent and the Grenadines,2024-10-08,Standard,1535.15
6987,Natasha Williams,jacob63@example.com,Nigeria,2020-11-02,Standard,1294.29
6988,Mario Harrison,josephrosario@example.net,Benin,2023-05-19,Premium,5210.86
6989,Joseph Griffith,hfisher@example.net,Pakistan,2023-10-01,Premium,5981.12
6990,Daniel Owens,vrodriguez@example.com,Cameroon,2020-05-30,Premium,12146.33
6991,Yvette Rodriguez,cheryl91@example.net,Cameroon,2020-02-24,Premium,14639.7
6992,Jasmine Powers,david33@example.com,Palau,2024-09-23,Standard,698.93
6993,Eric Wilson,christophermccormick@example.com,Angola,2022-11-30,Basic,460.6
6994,Natasha Graves DDS,zamoramargaret@example.org,Ukraine,2022-11-10,Standard,610.54
6995,Justin White,joe65@example.com,Uruguay,2021-08-18,Basic,290.21
6996,Morgan Miller,maytony@example.net,Panama,2022-11-28,Basic,753.93
6997,Gabriel Ewing,reedmonique@example.com,Mozambique,2024-03-08,Basic,667.97
6998,Rachel Stafford,josephmorrison@example.com,Martinique,2021-04-11,Standard,2700.88
6999,Christine Villegas,christina08@example.org,New Caledonia,2022-09-27,Basic,171.74
7000,Amanda Smith,richard81@example.net,Mauritania,2023-09-06,Basic,208.3
7001,Chelsea Mata,christopherruiz@example.org,Iceland,2023-10-09,Basic,60.66
7002,Donna Farmer,jasminegriffin@example.org,Guadeloupe,2024-11-09,Basic,93.67
7003,Laura Johnson,hramirez@example.org,Bahamas,2020-01-17,Standard,2352.99
7004,Brian Johnston,xhanson@example.org,Andorra,2024-11-22,Standard,2264.51
7005,Wendy Jacobs,fernandezmark@example.net,Luxembourg,2023-06-07,Basic,391.15
7006,Devon Vaughn,brittneymiller@example.com,Trinidad and Tobago,2020-10-19,Standard,2538.21
7007,Jessica Quinn,jonathan93@example.com,Uruguay,2021-07-13,Basic,154.21
7008,Jordan Mcguire,gholmes@example.net,British Virgin Islands,2021-08-23,Premium,658.71
7009,Mark Salinas,tholder@example.net,Paraguay,2024-03-28,Premium,4760.25
7010,Anthony George,fullerjeffery@example.com,Niue,2023-02-11,Standard,2604.65
7011,Barbara Rodgers,johnhiggins@example.com,Grenada,2022-04-14,Premium,2697.85
7012,Kimberly Miller,martinscott@example.com,Bolivia,2021-06-01,Basic,768.36
7013,Sarah Gardner,rbright@example.com,Brunei Darussalam,2022-10-30,Premium,10432.85
7014,John Logan,brownmolly@example.org,Spain,2024-10-28,Basic,742.71
7015,Lisa Keith,tyler25@example.com,French Southern Territories,2024-04-16,Standard,1434.99
7016,Kimberly Salinas,zcarroll@example.com,Benin,2020-10-22,Basic,163.33
7017,Amy Berry,wallercarl@example.net,Romania,2024-02-07,Standard,2394.42
7018,Michael Matthews,cooksarah@example.com,Georgia,2022-05-24,Premium,12751.45
7019,Jenny Banks,duane16@example.com,Egypt,2020-12-08,Premium,6147.8
7020,Samantha Bryant,lauracherry@example.net,Australia,2020-01-08,Standard,2982.8
7021,Jamie Paul,jkelly@example.com,Norway,2020-03-12,Basic,236.96
7022,Adrian Bridges,monroekatie@example.com,Namibia,2022-12-12,Basic,311.2
7023,Alexa Morse,kristen11@example.org,Fiji,2023-05-04,Standard,1398.04
7024,Anthony Kennedy,ryanmurphy@example.net,South Georgia and the South Sandwich Islands,2021-08-12,Standard,1389.01
7025,Nancy Williams,carrollvictoria@example.com,British Indian Ocean Territory (Chagos Archipelago),2021-10-29,Premium,7235.34
7026,Jennifer Jackson,michaelmckee@example.org,Belize,2022-07-15,Standard,1596.73
7027,Mark West,gcooper@example.org,Taiwan,2021-06-24,Standard,257.84
7028,Bethany Booker,leediana@example.com,Wallis and Futuna,2020-02-21,Standard,1176.32
7029,Jesse Bruce,millervanessa@example.net,Brunei Darussalam,2021-06-14,Standard,2393.41
7030,Matthew Abbott,williamsmark@example.net,Czech Republic,2024-06-04,Basic,88.12
7031,Ronald Booth,truiz@example.org,Slovakia (Slovak Republic),2024-04-03,Premium,9266.52
7032,Joshua Wise,jeffrey11@example.com,Iraq,2022-06-23,Standard,1495.45
7033,Jonathon Morris,vthompson@example.net,Turkmenistan,2023-01-11,Standard,2992.06
7034,Corey Rodriguez,amy33@example.com,France,2023-06-28,Premium,1898.87
7035,Ashley Hernandez,hking@example.com,Sao Tome and Principe,2020-05-31,Premium,7929.39
7036,James Banks,jenniferclark@example.org,Central African Republic,2022-07-30,Standard,1730.9
7037,Peter Arnold,owenscody@example.org,Trinidad and Tobago,2024-09-19,Premium,9756.19
7038,Sandra Colon DVM,matthew41@example.org,Yemen,2020-11-01,Basic,35.47
7039,Holly White,sydneyschwartz@example.com,American Samoa,2023-05-08,Basic,530.53
7040,Angela Andrews,watkinskevin@example.net,Russian Federation,2023-09-16,Basic,264.34
7041,Jacob Wells,ldoyle@example.net,Honduras,2020-01-31,Standard,2503.46
7042,Dakota Hayes,pereztheresa@example.net,Lesotho,2024-12-11,Premium,8323.27
7043,Barbara Petty,wpeterson@example.net,Saint Helena,2020-02-08,Premium,12536.31
7044,Christine Smith,jacksonspence@example.org,Djibouti,2024-12-14,Standard,500.13
7045,Joanna Powell,ncollins@example.net,Saint Lucia,2024-09-27,Basic,464.69
7046,Robert Blanchard,sabrina99@example.net,Korea,2022-12-15,Basic,522.36
7047,Caitlin Jones,stewartsusan@example.net,Central African Republic,2021-08-10,Standard,1526.89
7048,Ryan Roberson,jessicafisher@example.com,Japan,2024-09-14,Standard,324.41
7049,Beth Walters,lunaclarence@example.net,Tokelau,2022-01-07,Standard,2384.6
7050,Mrs. Angela Salazar MD,philip05@example.org,Oman,2022-05-25,Standard,1139.97
7051,Emily Peterson,iroach@example.com,Russian Federation,2022-06-17,Basic,242.59
7052,Alex Kelley,jason22@example.com,Sierra Leone,2020-02-19,Standard,2078.23
7053,Kendra Mckenzie,joannsmith@example.com,Somalia,2023-11-19,Standard,1190.3
7054,Eric Rice,vasquezwendy@example.net,Svalbard & Jan Mayen Islands,2020-06-06,Standard,486.08
7055,Jessica Ford,sydney28@example.net,Bolivia,2023-08-02,Premium,2551.95
7056,David Jones,matthew34@example.com,Eritrea,2022-05-19,Standard,416.21
7057,Melanie Pitts,averyrichard@example.net,Malawi,2022-08-10,Basic,126.4
7058,Robert Stephens,grantdustin@example.org,Norway,2023-06-28,Premium,2744.54
7059,Meghan Walters,joshua48@example.com,Malta,2024-05-26,Standard,226.42
7060,Maurice Osborne,kevin51@example.net,Estonia,2022-12-18,Standard,195.68
7061,Mark Ford,scottnicolas@example.org,Lesotho,2020-07-18,Premium,5793.88
7062,Dale Riley,jimmy82@example.com,Iraq,2022-02-27,Premium,8396.98
7063,Mary Wilson,jasonburke@example.com,Estonia,2021-09-14,Standard,1360.65
7064,Thomas Walsh,paularamsey@example.org,Taiwan,2024-12-20,Premium,8852.85
7065,Christopher Maynard,cbauer@example.net,Tokelau,2022-06-24,Standard,1501.22
7066,Amy Oliver,phoffman@example.net,New Zealand,2024-08-06,Basic,624.9
7067,Dawn Hansen,brentmendoza@example.org,Mongolia,2023-09-16,Basic,509.77
7068,Kyle Hodges,anamoore@example.net,Mongolia,2022-09-29,Basic,746
7069,Katrina Griffith,alexander39@example.net,Gabon,2024-07-17,Standard,2712.73
7070,Teresa Morgan,benjamin81@example.com,Bhutan,2020-01-02,Basic,398.15
7071,Deborah Anderson,randall62@example.org,Latvia,2021-05-09,Standard,1405.17
7072,Michelle Long,emilyhutchinson@example.org,Georgia,2023-01-13,Standard,856.66
7073,Jonathan Martinez,joseph56@example.com,Belize,2024-04-07,Standard,2840.86
7074,Shannon Watkins,pcooper@example.org,Bangladesh,2020-04-30,Standard,1909.24
7075,James Lewis,marc45@example.org,Benin,2022-01-21,Basic,232.65
7076,Charles Jones,anita31@example.org,Austria,2024-05-14,Standard,906.2
7077,Sherri Sanchez,andrewknight@example.org,Palau,2022-08-14,Standard,770.01
7078,Brittany Williams,natalie76@example.com,United States Virgin Islands,2021-09-05,Basic,398.38
7079,Jessica Wilkins,mharrell@example.net,Mexico,2021-01-25,Premium,13202.91
7080,Christopher Zimmerman,rroberts@example.org,Papua New Guinea,2024-09-06,Basic,396.08
7081,Tony Alvarado,swalker@example.com,Mozambique,2023-12-23,Basic,489.35
7082,Cathy Wade,brittany12@example.org,Cuba,2021-09-29,Basic,489.81
7083,Thomas Williams,matthewking@example.org,Jersey,2022-04-04,Basic,428.48
7084,Jasmine Perkins,ebrown@example.net,Greenland,2023-06-03,Standard,177.59
7085,Elizabeth Johnson,adamsgregory@example.org,Barbados,2024-11-27,Standard,2923.95
7086,Debbie Pham,tina21@example.com,Sudan,2020-05-18,Basic,596.99
7087,Nancy Banks,natasha55@example.org,Cape Verde,2020-02-24,Basic,271.62
7088,Tim Mitchell,alexander83@example.net,India,2024-09-28,Standard,1651.35
7089,Christopher Galloway,kimberly93@example.net,Canada,2021-10-22,Premium,13679.56
7090,Samantha Walters,gwalter@example.net,Marshall Islands,2021-08-11,Standard,934.43
7091,Andre Chen,shelia28@example.com,Finland,2023-08-14,Standard,607.66
7092,Morgan Johnson,donnafrancis@example.com,Bosnia and Herzegovina,2023-06-21,Standard,405.23
7093,Shawna Cannon,ocalderon@example.net,Kenya,2024-02-12,Basic,423.56
7094,Mark Crawford,janice00@example.net,Turks and Caicos Islands,2020-10-11,Basic,675.63
7095,Sarah Brown,carrieramos@example.net,Monaco,2020-11-12,Standard,1905.78
7096,Angela Galvan,michelle24@example.net,Saudi Arabia,2024-12-30,Standard,1647.45
7097,Douglas Williams,saundersvictor@example.org,Eritrea,2024-03-14,Standard,284.86
7098,Jose Todd,kfreeman@example.com,Tanzania,2023-12-08,Standard,2447.25
7099,Erica Pugh,denniswilson@example.net,Cook Islands,2022-07-30,Standard,1635.67
7100,Randall Johnson,sandersalexandra@example.net,American Samoa,2023-10-17,Premium,833.31
7101,John Powell,jerrynorman@example.net,Venezuela,2023-07-09,Standard,1172.17
7102,Kaitlin Davidson,torresrebecca@example.net,Sudan,2021-01-04,Standard,2829.54
7103,Pamela Wu,dillon67@example.com,Fiji,2023-10-16,Standard,1579.27
7104,George Osborne,samantha67@example.net,Guam,2023-03-12,Premium,7582.18
7105,Christine Ramos,zphillips@example.org,Palau,2024-11-21,Standard,1038.53
7106,Mrs. Tina Trujillo,briana52@example.com,Barbados,2023-11-26,Premium,1870.61
7107,Autumn Boyd,travis25@example.com,Northern Mariana Islands,2024-08-31,Standard,1054.15
7108,Nicholas Harris,christopher11@example.org,Chad,2023-05-21,Standard,1044.22
7109,Regina Hawkins,heatherglover@example.net,Papua New Guinea,2020-02-01,Standard,803.93
7110,Debra Brown,figueroabrandon@example.org,Oman,2022-04-10,Premium,13864.69
7111,Eric Scott,carneyglenda@example.net,Jordan,2024-07-20,Basic,792.87
7112,Kevin Shepherd,jacobmason@example.org,Saint Vincent and the Grenadines,2024-03-27,Standard,2897.19
7113,David Lara,josechan@example.net,Algeria,2023-09-22,Standard,1203.73
7114,Allison Jimenez,stevenschneider@example.com,Kiribati,2021-07-28,Standard,2124.95
7115,Corey Benson,markwhite@example.com,Philippines,2021-03-17,Basic,795.11
7116,Travis Hughes,sotomadison@example.net,French Guiana,2020-01-29,Basic,8.67
7117,Jeffrey Garrett,webbholly@example.net,Kuwait,2022-12-29,Standard,2039.23
7118,Richard Ayala,cortezalexandra@example.com,Anguilla,2022-08-29,Standard,2751.02
7119,Jennifer Schwartz,mariaturner@example.net,Falkland Islands (Malvinas),2024-07-16,Standard,1831.21
7120,Kevin Bautista,dunnashley@example.net,Angola,2023-03-22,Standard,971.04
7121,Tiffany Ball,pedro98@example.org,Zimbabwe,2024-05-06,Standard,2274.13
7122,Eric Smith,shannongonzalez@example.net,Bulgaria,2022-12-15,Premium,7976.08
7123,Kristen Velez,christine41@example.net,Turkey,2024-10-02,Basic,55.69
7124,Elaine Proctor,bakerstanley@example.org,Guatemala,2023-11-25,Basic,268.3
7125,John Jacobs,bshannon@example.com,Angola,2020-04-01,Standard,1037.99
7126,Patricia Shields,francesthomas@example.net,Andorra,2024-10-19,Basic,497.48
7127,Mark Wheeler,fishertimothy@example.net,Burundi,2024-05-04,Standard,2816.21
7128,Jennifer Welch,adamhernandez@example.org,Zambia,2022-08-07,Standard,572.04
7129,Carl Kelley,nhanson@example.com,Svalbard & Jan Mayen Islands,2021-01-11,Basic,689.9
7130,Claire Maddox,jenniferhernandez@example.org,Lithuania,2021-06-30,Standard,2031.99
7131,Eric Taylor,roachnicole@example.org,Maldives,2020-12-08,Standard,1245.21
7132,Joseph Newman,kingamy@example.net,Nepal,2022-09-19,Standard,1292.81
7133,Timothy Jackson,wayneacosta@example.com,Saudi Arabia,2023-10-24,Premium,10230.6
7134,Jennifer Guzman,gmiller@example.net,Bhutan,2024-09-04,Standard,2794.39
7135,Jennifer Thomas,allenjeremy@example.net,Ghana,2024-05-08,Standard,1686.32
7136,Melanie White,melvin54@example.com,Kiribati,2024-11-11,Standard,1868.68
7137,John Klein,veronica99@example.com,Spain,2023-01-04,Premium,12667.95
7138,David Kerr,christina73@example.org,Cuba,2023-04-14,Standard,2011.31
7139,Jose Shaffer DDS,kristakim@example.com,Tanzania,2024-03-22,Basic,753.94
7140,Nicholas Walton,rossadam@example.net,Slovenia,2020-07-28,Premium,10083.55
7141,April Tapia,bsanchez@example.net,Papua New Guinea,2022-10-23,Standard,1331.74
7142,Philip Best,bonnie77@example.org,Saint Lucia,2024-05-08,Basic,379.77
7143,Nancy Mcdonald,jeremycook@example.org,Macao,2022-12-05,Basic,621.12
7144,Ralph Lawrence,lopezamanda@example.net,Nauru,2023-06-12,Premium,1637.65
7145,Donna Leonard,samuel47@example.com,Serbia,2021-04-09,Basic,615.89
7146,Logan Ford,hernandezerica@example.org,Kyrgyz Republic,2022-01-14,Basic,793.79
7147,Jennifer Ramirez,suarezlauren@example.com,Cayman Islands,2020-08-31,Standard,867.94
7148,Matthew Webster,ronald73@example.com,Canada,2020-01-22,Basic,371.88
7149,John Acosta,brownsean@example.net,Greenland,2020-01-18,Basic,21.54
7150,James Stevens,timothy51@example.org,Tuvalu,2021-02-11,Standard,1664.67
7151,Mike Delacruz,heather98@example.net,Armenia,2024-06-19,Standard,1306.58
7152,Katherine Martinez,ffreeman@example.net,Ukraine,2023-04-01,Basic,295.9
7153,Michelle Williams,patricktiffany@example.net,Thailand,2022-10-25,Basic,382.02
7154,Michael Cross,castrojeffrey@example.org,Ukraine,2024-12-05,Standard,2414.4
7155,Renee Martinez,jasmine03@example.net,Niue,2024-03-08,Basic,664.15
7156,Richard Hall,leemike@example.org,Bosnia and Herzegovina,2021-06-08,Basic,658.96
7157,Danielle Fitzgerald,hernandezjennifer@example.com,South Africa,2023-05-04,Basic,524.68
7158,Rebecca Nelson,wiseamber@example.net,Haiti,2021-05-04,Basic,545.61
7159,Virginia Ford,heathermay@example.org,Tunisia,2022-07-29,Premium,11719.81
7160,Kelly Howell,rebeccayoung@example.net,Panama,2022-03-19,Premium,4949.84
7161,Kimberly Clark,sotorobert@example.org,Falkland Islands (Malvinas),2021-12-02,Standard,2971.44
7162,Sandra Hoffman,rebeccatate@example.net,Bahrain,2022-06-03,Standard,618.16
7163,Lauren Gentry,amy70@example.com,Pakistan,2024-11-21,Standard,512.38
7164,Logan Medina,qbradford@example.com,Sweden,2020-09-26,Basic,798.49
7165,Austin Gardner,williamsmatthew@example.net,Chad,2020-10-29,Basic,152.19
7166,Wesley Morris,vperez@example.org,Madagascar,2020-10-19,Standard,2114.88
7167,Kelly Taylor,gregory30@example.org,Central African Republic,2024-10-18,Basic,421.65
7168,Karen Cherry,toddescobar@example.com,Cayman Islands,2023-10-19,Premium,14748.7
7169,Gregg Cisneros,uosborne@example.net,Cameroon,2022-07-09,Standard,1900.38
7170,Sean Haynes,justinchandler@example.com,Tonga,2020-03-12,Premium,9293.81
7171,Christopher Murray,laura72@example.com,Kazakhstan,2022-01-11,Standard,2708.38
7172,Matthew Hicks,richard53@example.net,Uzbekistan,2021-08-09,Standard,1703.36
7173,James Cross,wmitchell@example.org,Nicaragua,2022-02-19,Basic,70.69
7174,Joshua Green,mharrington@example.net,Liechtenstein,2021-03-26,Standard,410.64
7175,Michael Sherman,nkramer@example.org,Mongolia,2022-05-16,Standard,825.9
7176,Jonathan Walton,umack@example.org,Saudi Arabia,2024-06-27,Premium,13651.58
7177,April Gillespie,milleralexander@example.org,Liberia,2024-10-11,Premium,14767.06
7178,Kaitlin Young,braunapril@example.org,Saint Martin,2020-08-07,Basic,666.68
7179,John Wright,dshelton@example.org,United States Minor Outlying Islands,2020-01-27,Basic,68.85
7180,Evan Quinn,weberjerry@example.net,Canada,2020-07-31,Standard,2429.97
7181,William Scott,morgan45@example.net,Finland,2021-12-14,Standard,860.32
7182,Susan Valentine,fstone@example.net,Netherlands Antilles,2020-05-22,Standard,2423.62
7183,Donna Robles,enielsen@example.com,Georgia,2022-09-12,Standard,2326.19
7184,Timothy Grant,kcarroll@example.net,Eritrea,2024-07-16,Standard,2680.69
7185,Aaron Ingram,robinsonroy@example.net,Trinidad and Tobago,2024-07-17,Premium,11804.36
7186,Jesse Miller,loganle@example.org,United States Minor Outlying Islands,2022-10-19,Standard,1098.14
7187,Johnathan Villarreal,melliott@example.org,Christmas Island,2023-06-27,Standard,2071.25
7188,Angela Potts,rachelrobinson@example.net,Solomon Islands,2023-12-05,Standard,1767.01
7189,Holly Mendoza,thompsonrebecca@example.org,Chile,2020-07-16,Premium,7311.8
7190,Nicole Fitzgerald,jamesbarnes@example.net,Tonga,2024-12-17,Standard,1895.82
7191,David Chambers,nicoleporter@example.org,Saint Kitts and Nevis,2020-08-15,Standard,855.48
7192,Sharon Kelly,brianbaker@example.org,Aruba,2022-07-20,Standard,1058.06
7193,Andrea Moore,hernandeztimothy@example.net,Indonesia,2020-10-21,Standard,1237.12
7194,Jessica Lindsey,bpalmer@example.org,Bhutan,2024-11-23,Standard,2070.28
7195,Kyle Adams DDS,nancyalvarez@example.org,Croatia,2020-07-16,Basic,711.84
7196,Dr. Michael Bautista,alyssa41@example.net,Nepal,2022-11-02,Basic,606.15
7197,Kathleen Mendez,hawkinslisa@example.org,Nigeria,2020-09-23,Premium,5653.91
7198,Jordan Pollard,ybell@example.net,Guadeloupe,2020-05-27,Basic,569.53
7199,Kelly Williams,wryan@example.net,Guatemala,2021-12-26,Basic,402.75
7200,Susan Abbott,brian10@example.com,Haiti,2020-10-21,Standard,1021.53
7201,Kimberly Zimmerman,vmartin@example.com,Solomon Islands,2021-03-15,Standard,2991.72
7202,Michelle Williams,matthewwright@example.net,Sudan,2020-04-28,Standard,2795.16
7203,Christopher Hubbard,rjackson@example.com,Philippines,2023-04-18,Premium,3414.87
7204,Rhonda Noble,wrightalexander@example.net,Ghana,2023-09-27,Basic,790.82
7205,Erin Harrington,jrasmussen@example.org,Niger,2024-07-17,Standard,2901.62
7206,Michael Meyer,moyerluis@example.org,Ireland,2023-02-26,Standard,223.48
7207,Aaron Simmons,nfischer@example.com,American Samoa,2023-11-04,Standard,2064.02
7208,Laura Gates,stevenssteven@example.org,Chile,2020-11-12,Premium,13654.11
7209,Misty Porter,amanda36@example.org,France,2020-10-25,Premium,5097.92
7210,Patricia Torres,sheltonian@example.org,United States Minor Outlying Islands,2020-11-17,Standard,1805.71
7211,Heidi Cook,julie48@example.com,Barbados,2023-04-15,Standard,2419.03
7212,Mrs. Catherine Martinez,marymarquez@example.org,Russian Federation,2024-12-31,Basic,738.85
7213,Ryan Young,raven17@example.com,Turkey,2022-06-09,Standard,2644.38
7214,Kayla Sullivan,ihowell@example.net,Aruba,2023-05-18,Standard,1570.43
7215,David Stuart,ysmith@example.com,Denmark,2022-12-18,Basic,567.65
7216,Michael Tucker,christophermartin@example.org,Turkmenistan,2020-08-14,Premium,9221.39
7217,Kimberly Holloway,randy14@example.com,Pitcairn Islands,2022-06-04,Standard,897.47
7218,Jennifer Miranda,hrogers@example.net,Rwanda,2022-06-05,Basic,627.36
7219,Katelyn Shea,james79@example.net,Papua New Guinea,2024-12-18,Standard,1156.14
7220,Joshua Dixon,simmonsrobert@example.net,Aruba,2024-02-07,Premium,13952.62
7221,Erin Garcia,tmitchell@example.net,Lebanon,2021-05-28,Standard,411.93
7222,Christopher Wells,wmcknight@example.com,French Polynesia,2021-11-06,Premium,2914.66
7223,Dustin Woods,joan88@example.net,Comoros,2023-11-12,Standard,331.6
7224,Rick Hensley,karen32@example.com,Romania,2022-06-22,Premium,10916.98
7225,Bradley Moyer,ronald27@example.com,Austria,2023-06-13,Standard,1693.46
7226,Tara Cooper,fernandezlynn@example.org,Korea,2023-12-23,Premium,13453.55
7227,Ms. Allison Grant,raymond16@example.net,Senegal,2023-06-15,Premium,6989.93
7228,Tara Howe,rossgina@example.net,Georgia,2024-10-09,Standard,358.47
7229,Christina Martin,scook@example.net,Cote d'Ivoire,2023-04-04,Premium,10035.43
7230,Christina Pham,desireebaker@example.org,Pakistan,2021-02-26,Basic,324.63
7231,Samuel Dixon,walterboyle@example.net,China,2021-08-17,Standard,2033.53
7232,Teresa Roman,ngraham@example.com,Luxembourg,2023-06-05,Standard,1855.57
7233,Sydney Mack,bradleyandrew@example.net,Venezuela,2020-05-16,Premium,4645.77
7234,Andrew Harris,julieross@example.org,Lao People's Democratic Republic,2020-10-15,Standard,1195.8
7235,Katie Dixon,thogan@example.net,Nigeria,2024-12-14,Standard,2078.45
7236,Lauren Jones,stephanieneal@example.com,Guatemala,2024-02-15,Basic,515.95
7237,Scott Lynch,sarah25@example.org,Senegal,2024-10-08,Standard,1559.29
7238,Casey Mcdowell,wardjames@example.org,Korea,2023-05-12,Standard,214.93
7239,Kevin Snow,hmcgee@example.com,Chad,2021-10-14,Standard,506.88
7240,Larry Buchanan,alyssarodriguez@example.net,Australia,2021-01-02,Basic,51.2
7241,Kara Fleming,gonzaleskaren@example.com,Gambia,2024-08-15,Standard,2384.42
7242,Joshua Phillips,hbaker@example.com,Samoa,2021-08-06,Standard,433.88
7243,Jesus Blake,codyanderson@example.org,Cyprus,2024-07-11,Basic,99.41
7244,Fernando Fleming,carmen62@example.org,Taiwan,2020-07-22,Basic,215.86
7245,Benjamin Johnson DDS,shaungarcia@example.org,Hong Kong,2024-08-30,Standard,140.49
7246,Nicholas Ortiz,krice@example.net,Colombia,2021-01-04,Basic,221.2
7247,Chelsey Robbins,stephanieanderson@example.net,India,2024-06-02,Basic,269.19
7248,Robert Roberts,xlewis@example.com,Uruguay,2024-12-25,Premium,3563.26
7249,Melvin Smith,carlburke@example.net,Sudan,2021-09-14,Basic,183.49
7250,Tim Vargas,david35@example.net,Haiti,2022-06-24,Standard,1722.97
7251,Adam Ayala,kdiaz@example.net,Libyan Arab Jamahiriya,2021-03-19,Standard,2700.84
7252,Rickey Hanson,tara59@example.net,Bolivia,2022-01-01,Standard,2790.97
7253,Charles Spears,taylordanielle@example.org,Madagascar,2021-05-06,Basic,172.56
7254,Karen Welch,wrightjulie@example.com,Angola,2023-07-26,Standard,1474.31
7255,Terri Jones,ballardadam@example.com,Ireland,2024-05-28,Standard,2415
7256,Lisa Gomez,williamsbruce@example.com,Micronesia,2021-07-12,Premium,923.02
7257,Elijah Reed,,Cocos (Keeling) Islands,2020-05-31,Standard,1037.36
7258,Anthony Francis,lindsay41@example.com,Benin,2023-04-25,Basic,384.8
7259,Victor Reyes,carolinethomas@example.org,Qatar,2022-04-18,Basic,291.83
7260,Maria Webster,owensalbert@example.com,El Salvador,2021-08-13,Premium,10278.26
7261,Maria Thomas,matthewwarren@example.net,Comoros,2020-03-03,Basic,195.27
7262,Mackenzie Johnston,steven00@example.com,Mali,2022-12-23,Basic,34.91
7263,Adam Avery,panderson@example.org,Guyana,2024-11-28,Standard,1527.69
7264,Joshua Stevens,jason32@example.net,Svalbard & Jan Mayen Islands,2024-04-12,Premium,9471.59
7265,Robert Cline,brian34@example.net,Cote d'Ivoire,2021-10-06,Standard,1894.93
7266,Steven Frazier,paulahall@example.org,Barbados,2022-06-11,Premium,9591.1
7267,Travis Scott,,Egypt,2022-05-16,Standard,1646.45
7268,Rebecca Levine,rachel18@example.com,Puerto Rico,2020-01-28,Standard,1556.11
7269,Daniel Simpson,cervantesdavid@example.org,Falkland Islands (Malvinas),2024-03-24,Basic,596.71
7270,Cindy Johnson,silvabrian@example.net,Namibia,2020-06-24,Standard,783.99
7271,Dana King,dterry@example.net,Marshall Islands,2022-01-12,Basic,642.53
7272,Sherry Powell,eric52@example.com,Kazakhstan,2020-04-09,Basic,692.11
7273,Guy Rogers,sskinner@example.com,Cambodia,2023-06-17,Premium,10469.41
7274,Kathleen Peterson,morrisondwayne@example.com,Bulgaria,2021-03-15,Standard,114.36
7275,Samantha Collins,devin22@example.org,Jamaica,2023-10-27,Basic,371.86
7276,Louis Vance,jamesconner@example.com,New Caledonia,2023-08-10,Basic,633.99
7277,Angela Roberts,simonjackie@example.net,Ghana,2024-02-01,Standard,1118.12
7278,Jonathan Dean,thompsonbrent@example.net,Ecuador,2021-12-19,Standard,2538.28
7279,Michelle Lewis,karenvang@example.com,Guadeloupe,2023-03-22,Standard,642.78
7280,Christina Simon,crystaldurham@example.com,Pakistan,2020-03-11,Basic,329.7
7281,Antonio Schroeder,iflores@example.com,Malawi,2022-08-31,Basic,4.09
7282,Stephen Jordan,kevin69@example.net,Bangladesh,2022-12-25,Premium,8839.64
7283,Mark Spencer,brobinson@example.net,Ecuador,2022-07-15,Premium,9635.03
7284,Nicole Mcintosh,gillespieelizabeth@example.net,Puerto Rico,2021-11-22,Premium,13651.12
7285,Emily Lin,rickymcdonald@example.org,Nigeria,2023-04-17,Basic,443.66
7286,Erik Stewart,linda07@example.com,Sri Lanka,2022-03-16,Basic,370.23
7287,Kimberly Hart,mpope@example.com,Turks and Caicos Islands,2023-04-03,Basic,634.49
7288,Jacob Rose,browncharles@example.net,Kazakhstan,2020-08-04,Premium,13335.34
7289,Leslie Mckee,danielnicole@example.net,Croatia,2022-01-18,Standard,2848.03
7290,Heather Sullivan,jacob60@example.com,Northern Mariana Islands,2024-01-22,Premium,7286.41
7291,Andrea Davis,abutler@example.com,Ethiopia,2021-10-07,Standard,588.19
7292,Phillip Dickerson,jessicarowe@example.net,Svalbard & Jan Mayen Islands,2023-04-06,Standard,2932.74
7293,Michelle Miller,schwartzelizabeth@example.org,Luxembourg,2023-11-06,Basic,209.33
7294,Amanda Cabrera,iharrington@example.com,Zambia,2022-11-26,Premium,12177.93
7295,Marcus Taylor,johnjohnson@example.org,Tokelau,2024-01-11,Standard,2854.06
7296,Louis Hines,nguyenjennifer@example.org,Turkey,2022-12-07,Basic,615.98
7297,Chad Landry,lucasjoshua@example.com,Cote d'Ivoire,2023-02-12,Standard,1685.29
7298,Andrea Jones,ugill@example.com,Tunisia,2024-05-21,Premium,8000.97
7299,Austin Medina,michaelfleming@example.com,Uzbekistan,2021-03-23,Basic,84.01
7300,Manuel Rodriguez,walkercody@example.com,French Guiana,2023-10-15,Standard,256.69
7301,April Galvan,denise05@example.com,Puerto Rico,2024-05-23,Standard,2757.26
7302,Steven Jenkins,jrodriguez@example.net,Hungary,2024-12-02,Standard,2871.42
7303,Lorraine Nelson,hkelley@example.org,Benin,2020-10-24,Basic,215.44
7304,Gary Mcconnell,karencampbell@example.net,Algeria,2020-04-23,Standard,2714.47
7305,Sandra Norman,qduran@example.net,Turks and Caicos Islands,2021-09-18,Standard,1409.16
7306,William Hill,brian22@example.com,Saint Helena,2020-06-12,Standard,1089.74
7307,Mr. Aaron Davis,hendersonryan@example.com,Brunei Darussalam,2022-08-26,Premium,8012.1
7308,Jerry Lee,jonathan45@example.org,Rwanda,2024-05-26,Basic,232.3
7309,Amanda Alexander,danielle10@example.net,Congo,2021-04-27,Premium,2130.47
7310,Daniel Hill,maryburns@example.org,Pitcairn Islands,2022-08-15,Standard,2220.49
7311,Dawn Rivera,whitney23@example.com,Dominican Republic,2021-06-21,Standard,1842.06
7312,Michael Cunningham,gmeyer@example.net,Pakistan,2023-02-03,Standard,1369.75
7313,Stephanie Martin,,Colombia,2022-11-21,Standard,289.6
7314,Catherine Villa,debra90@example.org,Denmark,2021-06-21,Standard,2846.39
7315,Katherine Rodriguez,veaton@example.net,Turkmenistan,2020-07-30,Standard,1538.17
7316,Michael Henry MD,ianmiller@example.net,Tuvalu,2022-01-31,Premium,5948.62
7317,Caitlin Cummings,johnsonkevin@example.net,Canada,2023-01-05,Basic,636.94
7318,Wesley Anderson,lopezerica@example.net,Lesotho,2024-12-09,Basic,76.61
7319,Kristen Watson,michaeljohnson@example.org,Brunei Darussalam,2020-10-20,Standard,1505.44
7320,Matthew Jenkins,richardperry@example.com,Northern Mariana Islands,2023-01-16,Standard,2400.72
7321,Jennifer Morgan,tcross@example.net,Barbados,2024-12-15,Premium,11292.45
7322,Karen Neal,melissa13@example.net,Norway,2024-12-27,Premium,13041.47
7323,Elizabeth Edwards,john29@example.com,Luxembourg,2022-02-18,Standard,1183.43
7324,John Stewart MD,amberdavis@example.net,Mayotte,2022-07-07,Basic,514.62
7325,Jennifer Sanders,lauracochran@example.net,Belgium,2020-01-31,Basic,182.03
7326,David Rodriguez,kennethleon@example.com,Albania,2023-10-01,Standard,1559.82
7327,Megan Green,jonesemily@example.net,Eritrea,2024-03-26,Basic,173.08
7328,Terri Patterson,vanessa65@example.org,Cocos (Keeling) Islands,2020-07-26,Standard,2657.39
7329,Jessica Sutton,theresa07@example.com,Spain,2020-06-02,Standard,2452.91
7330,Brian Palmer,sharon62@example.net,Cuba,2020-09-21,Standard,1180.53
7331,Melvin Nguyen,daniel82@example.org,Romania,2020-10-14,Standard,2739.95
7332,Cindy Brown,tony05@example.net,Japan,2023-04-27,Basic,624.72
7333,William Fuentes,rmiller@example.net,United States Virgin Islands,2024-10-12,Standard,857.33
7334,Colleen Ayala,jonathan46@example.com,South Georgia and the South Sandwich Islands,2024-02-17,Standard,1148.86
7335,Janice Dennis,williamhernandez@example.net,Chad,2024-12-09,Standard,2353.98
7336,Ashlee Mitchell,sarasosa@example.com,Northern Mariana Islands,2023-08-31,Basic,632.04
7337,Caitlin Williams,christophergross@example.net,India,2023-03-15,Standard,771.71
7338,Kayla West,nina47@example.net,Jordan,2023-09-14,Standard,938.35
7339,Sydney Gonzalez,ellisamanda@example.org,Iraq,2024-11-22,Premium,8530.98
7340,Danielle Wilson,phillipmorrison@example.net,Belize,2024-09-17,Basic,603.56
7341,Pamela Parks,cooperjennifer@example.net,Peru,2023-01-23,Standard,2781.06
7342,Tristan Smith,chris19@example.net,Myanmar,2022-12-30,Standard,2619.47
7343,Stephen Guzman,diane11@example.com,France,2024-05-10,Basic,707.77
7344,Bobby Anderson,scollins@example.com,Belgium,2021-04-22,Premium,4850.57
7345,Dr. Kelly Murphy,debrajohnson@example.org,Australia,2020-05-07,Standard,2568.58
7346,Haley Vega,reginahawkins@example.org,Argentina,2022-03-16,Standard,1039.66
7347,Matthew Aguilar,jonathanjohnson@example.org,Tuvalu,2021-01-19,Standard,2039.1
7348,Brittany Sims,elizabeth99@example.net,South Georgia and the South Sandwich Islands,2021-06-15,Standard,2999.06
7349,Judith White,craigrogers@example.net,Barbados,2023-07-03,Standard,2133.08
7350,Jeffrey Ramos,adamserica@example.org,Saint Pierre and Miquelon,2020-08-27,Premium,8140.85
7351,Samantha Cole,kaufmanmarco@example.net,Aruba,2020-03-16,Premium,11372.95
7352,Jasmine Hernandez,jeffreyward@example.net,Fiji,2022-01-20,Premium,8545.13
7353,Kathryn Washington,medinalauren@example.com,Serbia,2021-02-09,Basic,595.08
7354,Melissa Campbell,christopheryoung@example.net,Hong Kong,2023-12-28,Standard,2956.85
7355,Lance Day,zwilliams@example.org,Kyrgyz Republic,2024-05-26,Standard,293.72
7356,Geoffrey Myers,patrickrodriguez@example.net,South Africa,2024-01-21,Standard,2360.78
7357,Kara Zimmerman,bgarcia@example.org,Taiwan,2024-06-30,Basic,71.83
7358,Diana Oconnor,william00@example.net,Jersey,2023-04-02,Premium,9279.59
7359,Bruce Bennett,wyatt85@example.com,Saint Helena,2020-10-13,Standard,671.86
7360,Jeffrey Henderson,angela67@example.com,Malta,2023-10-03,Standard,1361.24
7361,Crystal Taylor,zmiranda@example.org,New Zealand,2022-09-06,Standard,1298.14
7362,Darrell Myers,baxterashley@example.org,Brunei Darussalam,2022-09-18,Basic,700.8
7363,Alex Mueller,ojoyce@example.com,Saint Helena,2022-06-02,Basic,617.24
7364,Martin Vang,michellefranco@example.net,Comoros,2020-11-04,Basic,622.47
7365,Kimberly Cole,craigshannon@example.com,Barbados,2023-04-24,Premium,8322.43
7366,Erica Beard,bryantstephanie@example.org,Portugal,2022-03-29,Premium,2726.66
7367,David Gutierrez,mark56@example.com,Cyprus,2024-02-16,Premium,8209.14
7368,Nicole Clark,theresaarnold@example.org,Cote d'Ivoire,2020-12-22,Basic,179.74
7369,Brenda Keller,nicoleclark@example.org,United Kingdom,2021-09-05,Basic,492.97
7370,Pedro Davis,travisbrady@example.net,Mexico,2024-01-13,Basic,45.26
7371,Stephanie Turner,thart@example.net,Cuba,2022-07-28,Standard,2589.44
7372,Mr. Peter Thompson II,kbass@example.net,Cuba,2021-10-15,Basic,221.96
7373,Lori Erickson,carla12@example.net,Bulgaria,2022-08-15,Standard,372.02
7374,Melanie Anderson,pamelajones@example.org,Kenya,2023-08-07,Basic,744.43
7375,Dustin Ware,mmccarthy@example.net,Belgium,2024-08-21,Standard,1525.54
7376,Angela Perez,amandagonzalez@example.com,Mozambique,2022-03-31,Premium,8762.54
7377,Erik Allen,kendrahoffman@example.org,Dominican Republic,2024-06-16,Premium,11016.64
7378,Melissa Klein,sheilahart@example.org,United States Virgin Islands,2021-10-25,Basic,11.67
7379,Jesus Wang,sherylsullivan@example.com,Saint Helena,2024-01-13,Standard,647.58
7380,Diane Nunez,obriennicole@example.com,Benin,2020-10-23,Standard,1942.49
7381,Michelle Herrera,breweralexander@example.net,Zimbabwe,2021-12-18,Standard,284.56
7382,Donna Villanueva,frankyoung@example.net,Niger,2024-06-15,Standard,2572.13
7383,Jonathan Joseph PhD,dawnthomas@example.org,United States of America,2021-12-03,Basic,61.3
7384,Whitney Hansen,sellerstimothy@example.org,Cameroon,2024-02-06,Premium,2576.81
7385,Brenda Jacobson,vevans@example.com,Maldives,2023-06-10,Premium,2162.71
7386,Andrew Weber,joseph08@example.net,Costa Rica,2021-10-01,Basic,606.63
7387,Todd Wright,john42@example.com,Netherlands Antilles,2022-09-05,Standard,1291.22
7388,Anna Crawford,ana77@example.org,Cape Verde,2022-07-09,Premium,11011.74
7389,Carlos Santiago,christophermorrison@example.com,Kazakhstan,2022-04-21,Premium,13137.21
7390,Linda Davis,danielle97@example.net,Romania,2021-06-19,Standard,1996.5
7391,Tanya Allen,rachel02@example.com,Cambodia,2020-08-15,Standard,1665.63
7392,Frank Mcdaniel,danielstark@example.org,Jamaica,2021-09-25,Premium,4262
7393,Elaine Huang,dmcguire@example.com,Syrian Arab Republic,2023-10-22,Standard,1363.25
7394,Kimberly Perry,ohowe@example.net,Kazakhstan,2024-12-04,Basic,717.42
7395,Kristine Butler,turnerkayla@example.com,Haiti,2024-01-26,Basic,428.63
7396,Kimberly Davis,barkerpamela@example.org,Australia,2024-11-21,Basic,584
7397,Kelsey Gould,samantha23@example.org,Iceland,2020-10-07,Standard,365.55
7398,Brian Gutierrez,megannguyen@example.org,Ghana,2022-11-11,Standard,2862.01
7399,Stephanie Guerra,gallowaykyle@example.com,Western Sahara,2021-05-12,Basic,715.25
7400,Jacob Barnes,brooksbradley@example.com,Norway,2022-04-14,Basic,524.48
7401,Natalie Barrett,wellssabrina@example.com,Brunei Darussalam,2024-02-22,Standard,1309.45
7402,Olivia Mendoza,prestonmaria@example.net,Mayotte,2020-07-11,Standard,667.96
7403,Erin Martinez,eugenewiggins@example.net,Tunisia,2024-05-21,Standard,2173.76
7404,Brian Hall,marcpearson@example.org,Pitcairn Islands,2020-11-06,Standard,187.06
7405,Amy Castillo,jsmith@example.org,Sweden,2023-09-11,Standard,1404.78
7406,Joshua Gonzalez,kimtaylor@example.net,Belize,2024-10-31,Premium,7601.49
7407,Sandra Wood,englishsheila@example.net,Cook Islands,2023-05-15,Basic,68.49
7408,Zachary Farrell,cody14@example.org,Guam,2021-07-01,Standard,1805.9
7409,Colleen Reeves,espinozadeborah@example.net,Montserrat,2021-02-23,Standard,1909.81
7410,Eric Reed,shaun46@example.net,French Polynesia,2021-09-21,Standard,1711.73
7411,Christina Hall,lisa30@example.net,Papua New Guinea,2020-12-20,Basic,369.32
7412,Mia Kelley,masonmichael@example.net,Guernsey,2021-01-31,Basic,246.45
7413,Aaron Marks,carrieward@example.net,Panama,2024-08-26,Premium,11660.71
7414,Paul Lara,cheryl94@example.org,Kenya,2021-03-13,Standard,134.53
7415,Cynthia Jones,heidijames@example.com,Guadeloupe,2021-04-01,Standard,1640.15
7416,Juan Dillon,foleypatricia@example.org,Northern Mariana Islands,2021-05-06,VIP,380.92
7417,Jacqueline Stephens,karla92@example.com,Nepal,2024-10-06,Standard,2546.61
7418,Daniel Lopez,randy18@example.org,Pitcairn Islands,2024-09-13,Basic,601.28
7419,Todd Garcia,kwilson@example.org,Brazil,2024-12-04,Standard,1343.83
7420,Amanda Chavez,joshuasmith@example.com,Solomon Islands,2022-07-28,Premium,1030.26
7421,Michael Fisher,garciaanthony@example.net,Spain,2021-10-20,Premium,6745.34
7422,Patricia Dickerson,ttrujillo@example.net,Saint Kitts and Nevis,2024-02-10,Premium,5154.03
7423,Christina Davis,jeffrey39@example.com,Tonga,2022-06-14,Standard,2287
7424,Christina Snyder,david86@example.org,South Africa,2023-01-13,Standard,1616.85
7425,Matthew Scott,hurstdanielle@example.org,Antigua and Barbuda,2023-06-30,Basic,737.32
7426,Kenneth Snyder,benjamin02@example.org,Monaco,2020-09-30,Premium,2136.32
7427,Paul Smith,pwatson@example.com,Romania,2022-01-15,Basic,353.98
7428,Debbie Taylor,michaelfuller@example.net,Argentina,2024-11-06,Premium,14226.04
7429,Caitlin Hamilton,danielturner@example.org,Tunisia,2021-11-04,Standard,1278.18
7430,Kayla Jones,shelbyfletcher@example.com,Liechtenstein,2024-07-29,Basic,640.02
7431,Kevin Lopez,vsalazar@example.org,Niger,2021-05-17,Basic,66.19
7432,Sabrina Smith,maria57@example.org,Somalia,2020-06-13,Standard,1132.27
7433,Henry Moran,alexrobinson@example.net,Faroe Islands,2023-07-08,Basic,7.46
7434,Heidi Bradley,hannahblack@example.com,French Guiana,2023-01-19,Premium,7970.04
7435,Michael Knox,danielbaker@example.org,Cambodia,2020-03-20,Premium,12947.46
7436,Crystal Smith,gibbslaura@example.org,New Caledonia,2024-11-17,Standard,774.16
7437,Brian Evans,kcooper@example.com,Mauritania,2022-08-24,Premium,2985.43
7438,Carol Christian,johnnytorres@example.net,Western Sahara,2022-08-22,Standard,863.45
7439,Todd Cook,sara75@example.com,Angola,2022-03-15,Standard,2993.56
7440,Brittany Perez,allisonferguson@example.org,Uzbekistan,2024-08-13,Basic,194.05
7441,David Bryant,perkinsmark@example.net,Mauritania,2020-07-03,Basic,307.09
7442,Alyssa Perez,reginamartinez@example.com,Czech Republic,2021-01-22,Basic,356.69
7443,Edward Ferguson,abriggs@example.org,Senegal,2023-06-07,Basic,118.17
7444,Michelle Rowe,nthompson@example.org,Cook Islands,2020-06-12,Premium,6660
7445,Pamela Goodwin,nbrown@example.com,Dominican Republic,2023-04-04,Premium,12751.55
7446,Brenda Rasmussen,anthony65@example.com,Mexico,2021-03-06,Standard,2279.49
7447,Christopher Richardson,martinjennifer@example.org,British Indian Ocean Territory (Chagos Archipelago),2021-02-07,Standard,1354.63
7448,Brett Gomez,jennifer05@example.net,Pitcairn Islands,2022-09-06,Standard,2509.86
7449,Dawn Hopkins,thomasfreeman@example.com,United Kingdom,2024-09-10,Standard,2673.42
7450,Laurie Green,,Singapore,2020-10-30,Standard,242.32
7451,Sheila Bowen,kennethjohnson@example.org,Turks and Caicos Islands,2023-06-15,Standard,502.55
7452,Dustin Ortiz,jaygreen@example.org,South Africa,2024-08-14,Standard,2455.09
7453,Kaitlyn Jackson,marc63@example.com,Norfolk Island,2022-10-14,Standard,2463.73
7454,Stephanie Wilson,steven71@example.net,Azerbaijan,2020-02-02,Standard,1793.81
7455,Suzanne Cunningham,karenbrewer@example.org,Niger,2021-02-22,Basic,619.37
7456,Jennifer Taylor,jacqueline41@example.net,Afghanistan,2020-02-04,Standard,394.52
7457,Sarah White,nathan59@example.net,Sao Tome and Principe,2020-12-05,Basic,265.6
7458,Whitney Smith,oharrell@example.com,Switzerland,2022-09-13,Basic,607.33
7459,Crystal Roberts,nathanielgould@example.com,Bouvet Island (Bouvetoya),2022-11-17,Premium,7232.01
7460,Edgar Sanchez,alyssa04@example.org,Sierra Leone,2024-04-07,Standard,2298.03
7461,Kimberly Small,edwardjones@example.org,Iraq,2022-07-30,Standard,2098.68
7462,Francisco Bright,thomas49@example.org,Indonesia,2024-08-01,Standard,1033.77
7463,Darren Dougherty,rossabigail@example.com,Aruba,2022-09-01,Premium,3834.97
7464,Roy Vargas,josephbautista@example.net,Turkey,2022-04-26,Basic,366.73
7465,Diana Trujillo,michaeloliver@example.com,Trinidad and Tobago,2024-10-01,Basic,645.8
7466,Robert Harmon,edward62@example.com,Korea,2021-03-25,Premium,9343.8
7467,Tina Ryan,sarahnavarro@example.org,Benin,2024-12-10,Standard,419.76
7468,Austin Davis,lgonzales@example.org,British Indian Ocean Territory (Chagos Archipelago),2023-03-02,Premium,521.17
7469,Maria Banks,ltravis@example.com,Sudan,2021-08-17,Basic,433.85
7470,Derek Mendoza,andrewramirez@example.org,Uganda,2023-12-12,Standard,2801.5
7471,Tyler Simon,dchapman@example.net,Bolivia,2022-12-10,Premium,3612.84
7472,Brenda Ross,john60@example.com,Cyprus,2022-09-08,Basic,558.78
7473,William Lawrence,jaredrobinson@example.net,Moldova,2022-06-25,Standard,290.04
7474,Angela Porter,elizabethdiaz@example.com,Cyprus,2023-07-04,Standard,2111.59
7475,Angela Gordon,wspencer@example.org,Saint Vincent and the Grenadines,2021-02-04,Standard,838.11
7476,James Ponce,vkim@example.net,Peru,2021-01-23,Standard,191.1
7477,Anthony Kirk,linda00@example.net,French Polynesia,2021-02-21,Standard,2222.02
7478,Michael Bryant,brendafarrell@example.com,Singapore,2023-02-20,Standard,768.43
7479,Sarah Garcia DVM,rebeccapark@example.net,Western Sahara,2022-01-08,Standard,2309.89
7480,Jeremy Clay,ashleyfernandez@example.com,Djibouti,2023-12-18,Basic,327.81
7481,Sonia Oconnor,bchavez@example.org,Nigeria,2022-03-10,Standard,912.54
7482,David Watson,aallen@example.org,Somalia,2020-05-04,Basic,132.34
7483,Heather Smith,curtisjoshua@example.net,Congo,2021-05-07,Standard,2471.46
7484,Crystal Mason,davisstephen@example.org,South Africa,2024-10-17,Basic,62.7
7485,Bonnie Cochran,fharper@example.com,Timor-Leste,2022-01-02,Standard,873.97
7486,Lauren Shaw,hmartinez@example.org,Holy See (Vatican City State),2022-07-27,Basic,25.69
7487,Barry Simmons,clayandrea@example.org,Bulgaria,2024-08-22,Standard,470
7488,Kristina Thomas,erinphillips@example.com,Jersey,2021-08-11,Premium,3729.61
7489,Michael Nguyen,xhale@example.net,Jersey,2024-01-08,Premium,6428.91
7490,Willie Sweeney,teresa04@example.org,Mayotte,2021-08-19,Premium,7292.42
7491,Christina Webster,jamesnovak@example.net,Mali,2024-12-08,Basic,296
7492,Marcus Joseph,kimwu@example.org,Korea,2022-08-08,Basic,398.68
7493,David Grant,swallace@example.org,Kenya,2022-10-19,Basic,771.55
7494,Ethan Tran,stephanie70@example.net,Suriname,2022-02-02,Premium,1480.79
7495,Elizabeth Moore,ryancharles@example.com,Portugal,2021-05-15,Basic,154.92
7496,Charles Sampson,qlove@example.com,Bouvet Island (Bouvetoya),2022-12-06,Basic,300.35
7497,Sarah Jones,cortiz@example.com,Djibouti,2024-03-26,Standard,2303.45
7498,Ashley Blackburn,middletonsamantha@example.net,Latvia,2022-09-25,Standard,2935.42
7499,James Barnett,whitealexander@example.net,Uruguay,2024-03-21,Standard,845.24
7500,Michael Parker,jeffjackson@example.org,Guam,2022-06-20,Premium,11977.84
7501,Charles Morrison,martinjordan@example.com,Palau,2023-12-12,Standard,1572.74
7502,Charlene Garrett,joyceshannon@example.org,Guyana,2021-02-08,Basic,677.37
7503,Robert Hoover,daniel39@example.com,Grenada,2020-10-19,Premium,8576.18
7504,Christopher Neal,wallaceperry@example.com,Saint Barthelemy,2022-01-07,Standard,446.7
7505,Connie Turner,anthony92@example.com,Cameroon,2023-06-25,Standard,2960.22
7506,Lisa Olson,uhernandez@example.net,Saint Kitts and Nevis,2020-04-12,Basic,143.12
7507,Steven Mitchell,melissasullivan@example.com,Dominica,2024-08-20,Basic,403.75
7508,Katrina Valentine,shawn99@example.org,Israel,2021-09-05,Basic,299.58
7509,Monica Payne,jeffreybridges@example.org,Bahamas,2022-02-19,Standard,671.05
7510,Kenneth Simpson,walkerrobert@example.com,Mauritius,2020-06-26,Standard,1531
7511,Amy Horne,irobertson@example.org,Comoros,2022-09-24,Standard,2414.76
7512,Brenda Pham,cwilliamson@example.com,Comoros,2022-03-12,Standard,1004.19
7513,Kimberly Porter,ballwilliam@example.net,Guam,2021-07-17,Premium,4600.75
7514,Philip Yu,ddavidson@example.org,Montenegro,2024-09-13,Standard,1060.77
7515,Julia Gill,kingchristopher@example.net,Zimbabwe,2023-12-03,Basic,672.39
7516,Carmen Velez,pdaniel@example.net,Tuvalu,2024-09-30,Standard,1019.21
7517,Eric Glover,kathy32@example.org,Antigua and Barbuda,2024-06-12,Basic,673.81
7518,Melissa Vega,ydiaz@example.org,Qatar,2021-12-23,Standard,349.66
7519,Cheryl Walker,nwarren@example.org,French Southern Territories,2024-06-25,Standard,1641.51
7520,Stephanie Brown,samuel46@example.com,Germany,2021-06-22,Premium,12519.11
7521,Katelyn Jackson,christopher41@example.com,Turkmenistan,2023-06-17,Premium,7601.79
7522,Jesus Lee,thompsonjeremy@example.org,Saint Lucia,2022-10-28,Standard,2890.14
7523,Laura Moore,spatrick@example.com,Brazil,2023-12-19,Standard,2362.19
7524,Anthony Murphy,jasminewilliams@example.com,United States of America,2020-07-31,Premium,2342.01
7525,William Martinez,nmoore@example.com,Azerbaijan,2020-09-12,Premium,8374.8
7526,Russell Henry,jose32@example.com,Congo,2023-08-31,Standard,867.47
7527,Abigail Nash,brockmartha@example.org,United States Minor Outlying Islands,2022-01-14,Basic,703.53
7528,Theresa Molina MD,bradleyhernandez@example.org,Serbia,2022-09-19,Basic,377.75
7529,Shawn Johnson,kristin03@example.net,Malaysia,2021-03-05,Standard,264.16
7530,Alan Martin,james62@example.net,Kuwait,2020-01-13,Premium,9673.24
7531,Donald Martinez,margaret97@example.net,Poland,2021-11-17,Premium,6325.74
7532,Kimberly Rogers DDS,pweber@example.org,Hong Kong,2023-05-23,Premium,4020.32
7533,Amanda Duffy,mpalmer@example.net,Saint Barthelemy,2022-07-04,Standard,982.07
7534,Timothy Ochoa,gaysarah@example.net,Taiwan,2023-08-01,Premium,1573.17
7535,Tara Mueller,nicolegarcia@example.net,Swaziland,2021-04-30,Standard,1663.5
7536,Erin Miller,cooklisa@example.com,Saint Barthelemy,2022-01-18,Basic,772.5
7537,Gail Wallace,clarkcharles@example.org,New Caledonia,2023-01-04,Standard,704.13
7538,Joshua Wilkinson,,Micronesia,2022-12-17,Basic,665.75
7539,Erika White,uharvey@example.net,Syrian Arab Republic,2020-11-16,Premium,14409.53
7540,Vincent Williams,marcus88@example.com,Netherlands Antilles,2021-06-16,Standard,1043.41
7541,Samantha Herring,hughesbrent@example.org,Mozambique,2024-01-29,Basic,703.16
7542,Karen Rice,christy84@example.com,Tanzania,2024-07-19,Standard,2605.58
7543,Andrew Kramer,duncanmichael@example.com,Australia,2020-06-07,Standard,2564.62
7544,Mathew Garcia,lopezaaron@example.com,Lao People's Democratic Republic,2020-03-12,Basic,577.04
7545,Mr. Tyler Shaw Jr.,andrewbooker@example.org,Costa Rica,2021-03-23,Standard,1521.29
7546,James Escobar,jbrown@example.net,Lithuania,2021-09-02,Standard,1955.75
7547,Heather Fernandez,thorntondouglas@example.net,Kiribati,2020-11-16,Standard,2362.25
7548,Ashley Walker,jeffrey32@example.net,Guinea-Bissau,2024-09-19,Premium,6713.26
7549,Kristina Harrington,torreschristian@example.org,Libyan Arab Jamahiriya,2021-06-27,Premium,3195.13
7550,Chad Anderson,davismary@example.com,Gabon,2023-03-25,Premium,6647.16
7551,Emily Knapp,alexis46@example.net,Barbados,2024-01-29,Basic,485.27
7552,Michael Price,beardtroy@example.org,Tuvalu,2023-12-16,Standard,2371.42
7553,Mr. Ryan Burns,shepardcynthia@example.com,Wallis and Futuna,2024-01-13,Standard,1202.42
7554,Eric Dodson,brianwilliams@example.net,Christmas Island,2022-07-20,Standard,2253.37
7555,Rachel Smith,sandra12@example.org,Kenya,2020-01-23,Standard,2937.96
7556,Tina Mccarty,rachelavila@example.org,Iran,2020-06-20,Basic,758.7
7557,George Holloway,mooreallen@example.org,Belize,2020-05-01,Standard,2664.41
7558,Kendra Graham,cpatterson@example.com,Hungary,2024-05-27,Standard,1582.06
7559,Steven Rasmussen,patrickclark@example.org,Antigua and Barbuda,2022-08-30,Basic,656.07
7560,Kelly Davis,james99@example.net,Nepal,2022-06-28,Basic,226.61
7561,Joseph Potts,joneskevin@example.org,Vanuatu,2024-11-04,Basic,160.7
7562,Sonya Brown,thomasunderwood@example.net,Bulgaria,2024-04-01,Standard,2649.41
7563,James Medina,christophercosta@example.com,Fiji,2021-08-22,Premium,12726.56
7564,Raymond Romero,johnayala@example.net,Congo,2022-09-15,Standard,1530.11
7565,Sandra Reynolds,terri77@example.org,Yemen,2024-11-03,Standard,2787.68
7566,Johnathan Scott,cassandrabanks@example.org,Djibouti,2023-01-16,Basic,334.57
7567,Travis House,holmesgina@example.net,France,2021-12-10,Premium,1819.21
7568,Hunter Chapman,rhondaking@example.com,Anguilla,2021-02-06,Standard,1810.94
7569,Mikayla Russell,elizabeth26@example.org,United States of America,2024-08-30,Basic,496.56
7570,Jessica Aguilar,joshuawalker@example.net,Peru,2023-01-21,Basic,29.73
7571,Brooke Morgan,lopezmichelle@example.org,Belize,2023-04-25,Standard,2696.71
7572,Debra Graham,jessica04@example.org,Ethiopia,2020-02-20,Basic,556.4
7573,Charles Byrd,nicholas61@example.com,Azerbaijan,2021-11-19,Premium,1582.23
7574,Edward Johnson,gonzaleskevin@example.com,Uganda,2020-07-26,Standard,569.39
7575,Michael Nixon,kimberly31@example.org,Nicaragua,2024-06-01,Premium,10984.75
7576,Nicole Clark,tim69@example.org,Lithuania,2024-01-14,Basic,510.92
7577,John French,kelsey24@example.org,Liberia,2021-01-04,Basic,687.1
7578,Rachel Jones,xbowman@example.org,Burkina Faso,2023-03-16,Premium,5335.15
7579,Kathy Simmons,mooremary@example.net,New Zealand,2020-03-16,Premium,6668.69
7580,Kristen West,donna81@example.net,Georgia,2021-08-11,Standard,2970.06
7581,Amanda Mann,thompsonstephen@example.com,Bermuda,2020-04-24,Standard,1686.01
7582,Elizabeth Johnson,mkennedy@example.org,Gibraltar,2022-10-10,Basic,647.68
7583,Taylor Gordon,abigail06@example.org,Falkland Islands (Malvinas),2022-10-20,Premium,6378.31
7584,Tom Hughes,ogilbert@example.net,Slovenia,2020-11-21,Basic,513.09
7585,Nancy Stafford,spearsanthony@example.com,Bouvet Island (Bouvetoya),2021-04-29,Standard,547.96
7586,Carl Johnson,wmason@example.com,Kyrgyz Republic,2024-12-10,Standard,1410.88
7587,Aimee Fisher,bduarte@example.net,Canada,2024-06-19,Premium,11020.2
7588,Cheryl Martinez,rosskayla@example.net,Monaco,2024-07-12,Basic,491.02
7589,Robert Fernandez,sierra23@example.com,French Polynesia,2023-06-02,Standard,642.91
7590,Holly Velazquez,briannasmith@example.com,Mayotte,2021-04-14,Standard,1185.22
7591,Robin Robinson,mary52@example.com,Svalbard & Jan Mayen Islands,2023-10-23,Standard,2444.58
7592,Gina Williams,maria10@example.net,Iran,2021-04-11,Basic,576.56
7593,Pamela Smith,laneashley@example.net,Eritrea,2024-05-24,Basic,136.87
7594,Mark Delgado,rogersalisha@example.net,Egypt,2024-03-05,Basic,247.98
7595,Travis Serrano,jacksondaniel@example.net,San Marino,2023-11-06,Standard,574.29
7596,Wesley Meyers,lisalynch@example.net,Cocos (Keeling) Islands,2023-11-05,Basic,116.48
7597,Sarah Scott,bbarr@example.net,Namibia,2021-10-05,Standard,640.67
7598,Anna Reeves,blevinssavannah@example.com,Eritrea,2021-11-30,Basic,63.12
7599,Kristen Lopez,vpratt@example.org,Germany,2024-12-05,Standard,2639.24
7600,Daniel Fry,xgill@example.com,Finland,2021-07-25,Standard,263.95
7601,Diane Haynes,brianphillips@example.org,Jersey,2023-01-08,Basic,450.4
7602,Julie Burgess,lisa66@example.net,Tonga,2022-10-31,Basic,424.67
7603,Randall Mahoney,ehart@example.com,Uruguay,2020-12-17,Standard,149.99
7604,William Parker,woodwilliam@example.com,Israel,2022-07-12,Standard,237.61
7605,Raymond Stanton,kcantu@example.net,Zambia,2024-03-18,Basic,774.65
7606,Sarah Glenn,kaitlyn73@example.org,Korea,2022-07-22,Basic,326.38
7607,Joshua Johnson,ugeorge@example.net,Reunion,2024-09-04,Basic,785.65
7608,Vernon Crawford,rodriguezbriana@example.net,Japan,2022-05-12,Premium,11797.14
7609,Sheena Torres,laura21@example.com,French Guiana,2023-06-29,Standard,1563.73
7610,Marissa Edwards,james86@example.net,French Polynesia,2023-11-07,Basic,718.33
7611,Sarah Barker,contrerasnicole@example.com,Botswana,2024-05-14,Basic,525.36
7612,Jacqueline Macdonald,yolanda73@example.net,Tonga,2022-11-27,Basic,630.04
7613,Mark Love,hday@example.org,Guatemala,2020-06-30,Standard,2864.48
7614,Angela Banks,veronicaburton@example.org,Slovenia,2022-01-12,Standard,2965.22
7615,Dr. Daniel Jacobson,xdawson@example.net,Finland,2024-08-11,Standard,743.96
7616,Kathryn Stanton,dlong@example.net,Puerto Rico,2022-12-08,Basic,619.92
7617,Kevin Ortiz,okelly@example.com,Argentina,2023-08-18,Standard,1773.6
7618,Ashley Schultz,wbarton@example.org,Benin,2021-08-11,Standard,351.44
7619,Emily Sampson,lori06@example.org,Cape Verde,2020-12-29,Basic,767.27
7620,Kevin Mercado,ryanperry@example.com,Uzbekistan,2024-01-15,Basic,75.38
7621,Dr. Jesse Branch,jasonpacheco@example.org,Hong Kong,2022-01-07,Standard,2596.43
7622,Vanessa Gonzalez,lhogan@example.com,Congo,2023-08-29,Basic,87.6
7623,Jonathan Jones,paigewilliams@example.com,Moldova,2022-09-19,Premium,6182.13
7624,Joan Henderson,esparzatammy@example.net,Benin,2021-03-26,Premium,12633.02
7625,Misty Harrison,joneschristine@example.net,Croatia,2020-10-18,Standard,497.19
7626,Patricia Goodman,gina41@example.com,Falkland Islands (Malvinas),2022-06-20,Premium,4217.38
7627,John Rodriguez,smithdanielle@example.net,India,2022-01-22,Basic,31.41
7628,Christopher Rivera,brendangreen@example.com,Latvia,2022-05-03,Basic,504.8
7629,Katrina Ross,christine22@example.org,Tonga,2024-11-14,Premium,11822.63
7630,Amy Hammond,jennifer97@example.net,Korea,2020-02-16,Basic,587.08
7631,Brian Nelson,millerdominique@example.org,Cote d'Ivoire,2020-11-12,Standard,557.37
7632,Theresa Smith,jkey@example.com,Thailand,2024-04-30,Basic,482.07
7633,Andrea Porter,mary66@example.net,Latvia,2023-11-24,Basic,412.6
7634,Alyssa Stanley,lloydcheryl@example.org,British Virgin Islands,2023-11-27,Standard,479.33
7635,Jeffrey Rodriguez,billyprice@example.com,Madagascar,2021-10-28,Premium,9285.51
7636,Stephen Drake,adkinsemily@example.net,Bhutan,2020-06-29,Premium,7715.31
7637,Jason Gardner,deckerrobert@example.com,Reunion,2024-08-25,Standard,2518.14
7638,Philip Hernandez,danielsmichelle@example.net,Antarctica (the territory South of 60 deg S),2024-08-25,Basic,579
7639,David Smith,angel96@example.org,Netherlands,2021-03-27,Standard,2114.37
7640,Kari Lee,alyssa14@example.com,Albania,2024-11-29,Standard,367.85
7641,Victoria Hansen,heather40@example.net,Lao People's Democratic Republic,2023-11-16,Premium,12330.1
7642,Shannon Schaefer,larry17@example.com,Honduras,2020-05-21,Basic,288.56
7643,James Guerra,olopez@example.org,Dominica,2022-07-17,Standard,442.92
7644,Catherine Brooks,starkstephanie@example.net,Liberia,2024-08-15,Basic,159.03
7645,Angela Gallagher,leahmyers@example.net,Romania,2024-05-02,Standard,2557.68
7646,Justin Hernandez,sgregory@example.com,Palestinian Territory,2023-11-13,Standard,2614.87
7647,Brian Walker,sarahbrown@example.org,Faroe Islands,2020-01-09,Premium,6036.13
7648,Jordan Foster,mmonroe@example.org,Netherlands Antilles,2020-06-30,Standard,1974.52
7649,Alexandra Anderson,milleranna@example.net,Bahamas,2021-10-11,Standard,793.14
7650,Caitlin Perez,hubbardsamuel@example.com,Guernsey,2024-08-05,Basic,480.27
7651,Katherine Lopez,daniel86@example.com,Saint Lucia,2021-06-25,Basic,597.82
7652,David Mathis,david19@example.com,Sri Lanka,2020-09-19,Standard,469.82
7653,Wanda Fuller,erikbaker@example.org,Portugal,2022-02-28,Standard,367.57
7654,Dawn Vincent,lovericardo@example.org,Timor-Leste,2024-12-31,Premium,10437.39
7655,Mark Steele,briangarza@example.com,Reunion,2022-04-20,Standard,848.17
7656,Sabrina Hughes,kaitlyncastro@example.com,Spain,2023-11-20,Basic,203.86
7657,Melissa Wilson,gregoryjones@example.org,Russian Federation,2021-02-22,Basic,504.38
7658,Mr. James Brown,chris20@example.net,Northern Mariana Islands,2022-12-25,Basic,576.42
7659,Jason Morton,acase@example.net,Lithuania,2020-10-18,Premium,3029.77
7660,Christina Walker,scott32@example.com,Cape Verde,2022-11-26,Standard,2780.02
7661,Stacy Vazquez,steven36@example.com,Montenegro,2024-02-14,Standard,1739.19
7662,Lauren Stewart,vasquezjacob@example.com,Tajikistan,2020-10-31,Basic,736
7663,Laura Guzman,jeanette99@example.net,Saudi Arabia,2022-08-18,Standard,586.93
7664,Susan Mosley,chandlerdouglas@example.org,Pakistan,2024-07-25,Basic,190.88
7665,Karen White MD,reyeschristopher@example.net,Lebanon,2022-09-30,Premium,5388.88
7666,Jonathan Hernandez,christian26@example.org,Bhutan,2023-01-04,Standard,2219.56
7667,Daniel Dunn,andrewglover@example.net,Benin,2023-07-04,Basic,212.87
7668,Darrell Martinez,amandadecker@example.com,Tajikistan,2022-08-12,Standard,1292.01
7669,Gary Kirby,byrdjasmine@example.net,Nepal,2020-12-03,Standard,2376.91
7670,Anthony Short,hallsteven@example.net,Mauritius,2023-06-16,Standard,1171.73
7671,Rose Rice,donald38@example.com,Paraguay,2020-07-17,Basic,282.62
7672,Steven Harmon,smithsheena@example.net,Saint Vincent and the Grenadines,2020-07-10,Premium,9641.83
7673,Jeffery Moore,vwalter@example.org,New Caledonia,2021-06-03,Basic,703.73
7674,Kendra Richardson,john99@example.org,Comoros,2023-10-20,Standard,2889.63
7675,Erica Parker,perezmichelle@example.com,Niue,2020-08-19,Standard,2652.6
7676,Danielle Chambers,lindsey19@example.com,El Salvador,2022-08-25,Standard,860.03
7677,Christopher Walker,jonathan25@example.net,Moldova,2023-01-14,Standard,1664.22
7678,Tiffany Mcguire,smithalicia@example.org,North Macedonia,2022-10-19,Basic,614.96
7679,Jill Barajas,uhill@example.org,Belgium,2022-01-05,Basic,228.27
7680,Russell Hartman,zmitchell@example.net,Algeria,2023-11-13,Basic,708.69
7681,Joan Taylor,john77@example.com,Dominica,2020-02-13,Basic,758.59
7682,Olivia Payne,ibauer@example.org,Heard Island and McDonald Islands,2024-06-16,Standard,1427.17
7683,Donald Warren,smithsamantha@example.org,South Africa,2024-01-22,Standard,2376.24
7684,Brian Lawson,sscott@example.com,Mozambique,2024-12-09,Basic,522.55
7685,Christina Barnes,drakemonica@example.net,Guatemala,2024-06-17,Premium,12715.25
7686,Angel Roberts,reevesandrew@example.org,Norfolk Island,2022-02-28,Basic,611.31
7687,Donald Wilson,kroberts@example.org,Dominican Republic,2020-07-20,Standard,2991.72
7688,Jamie Friedman,hornshirley@example.org,Brazil,2022-12-05,Standard,823.44
7689,Devon Holmes,frank52@example.com,Togo,2020-10-01,Standard,1031.27
7690,Thomas Marshall,bryanespinoza@example.net,Spain,2023-03-18,Standard,1427.75
7691,Zachary Gaines,townsendtimothy@example.org,Guam,2022-03-18,Premium,5351.05
7692,Kristy Harris,tamara59@example.net,Sweden,2021-09-11,Standard,1192.8
7693,Dr. Vanessa Wilson MD,bergersarah@example.net,Nepal,2021-06-13,Standard,215.6
7694,Derrick Anderson,joshuabradley@example.com,Guinea-Bissau,2020-04-13,Standard,2202.27
7695,Luis Arnold,dianecrawford@example.com,Liberia,2020-02-15,Standard,161.52
7696,Olivia Parker,gchase@example.net,Mexico,2021-07-22,Standard,336.3
7697,Brenda Singleton,bramsey@example.com,Israel,2020-04-10,Standard,239.82
7698,Henry Gross,abigailsmith@example.org,Western Sahara,2020-12-23,Basic,756.92
7699,Jeffrey Harper,joyce44@example.org,Israel,2023-01-19,Premium,6213.35
7700,Tyler Vargas,edward32@example.net,Comoros,2022-11-04,Standard,1644.87
7701,David Oneill,jonesdeborah@example.net,Liechtenstein,2022-08-10,Premium,10676.76
7702,Matthew Bradley,jessicamora@example.org,Puerto Rico,2020-07-25,Standard,2911.81
7703,Hector Patterson,seth23@example.net,Japan,2021-07-04,Standard,542.54
7704,Jennifer Williams,gjones@example.org,Western Sahara,2020-08-26,Standard,1923.12
7705,Monica Bradford,dbyrd@example.net,Isle of Man,2021-04-27,Standard,465.55
7706,Theresa Johnson,julie18@example.com,Aruba,2020-10-04,Standard,2044.4
7707,Johnny Freeman,barry18@example.net,Gabon,2024-03-19,Premium,3657.19
7708,Sandra Brown,ianbird@example.com,Guinea,2023-02-04,Standard,2487.22
7709,Thomas Walker,robertpetersen@example.net,Albania,2022-08-23,Standard,1064.47
7710,Sherri Walker,monicaluna@example.org,Luxembourg,2020-07-11,Standard,2242.72
7711,Mary Cooke,wilsonangela@example.net,Montserrat,2024-03-09,Standard,1840.21
7712,Alexander Graves,smithshawn@example.net,Andorra,2023-01-26,Basic,549.02
7713,Martin Miller,omurillo@example.net,Italy,2021-04-30,Standard,2635.39
7714,Michelle Bennett,tiffanyrobinson@example.net,Equatorial Guinea,2023-03-27,Standard,1749.43
7715,Patrick Zimmerman,gpowell@example.net,Guadeloupe,2020-09-04,Standard,2321.66
7716,Christina Moody,rlindsey@example.com,Madagascar,2022-01-03,Premium,4258.98
7717,Frederick Powell,tammyabbott@example.org,Egypt,2024-04-13,Standard,911.95
7718,Adam Walker,nelsoncory@example.net,Iraq,2023-10-19,Basic,384.3
7719,Brittany Mitchell,michaelmcgee@example.org,British Indian Ocean Territory (Chagos Archipelago),2021-04-29,Basic,502.13
7720,Madeline Aguirre,watkinsalexander@example.org,Botswana,2023-09-12,Standard,348.5
7721,Kevin Anderson,gbeck@example.org,Mauritania,2024-09-09,Premium,12271.91
7722,Matthew Davis MD,pmckenzie@example.org,Korea,2022-03-26,Basic,797.41
7723,Andrew Green,daniellewells@example.com,Romania,2021-12-06,Premium,1745.92
7724,David Brooks,michellebell@example.com,Japan,2022-05-02,Standard,1161.94
7725,Beth Becker,stephen66@example.org,Azerbaijan,2022-03-29,Basic,58.74
7726,Elizabeth Meadows,johnstonrobin@example.org,Oman,2022-06-14,Standard,2606.35
7727,Brian Perez,woodkenneth@example.net,Solomon Islands,2024-10-04,Premium,6533.68
7728,Lisa Sellers,brownstephanie@example.net,Spain,2022-09-11,Standard,1251.84
7729,Jeffrey Arnold,rhart@example.net,Faroe Islands,2024-09-22,Standard,1604.74
7730,Emily Gray,xrosario@example.com,Japan,2020-02-21,Premium,7395.85
7731,Pamela Martin,andre15@example.org,Christmas Island,2020-10-17,Standard,2010.16
7732,Sonya Johnson,howardtimothy@example.org,Nauru,2021-09-23,Standard,1291.99
7733,Debra Johnson,juliestevens@example.org,Armenia,2022-08-03,Standard,2666.62
7734,Courtney Thompson,holmesderrick@example.org,Peru,2022-11-10,Standard,1155.27
7735,Martha Ford,hclark@example.net,Saint Barthelemy,2023-10-22,Basic,692.72
7736,Jeremy Clark,fperez@example.org,Northern Mariana Islands,2021-12-28,Standard,1138.47
7737,Nicolas Mason,fking@example.net,United States of America,2022-11-17,Basic,640.65
7738,Heather Manning,rebecca25@example.net,Ghana,2022-03-13,Standard,1816.41
7739,Rhonda Morris,david41@example.com,Egypt,2023-04-30,Premium,7324.61
7740,Anthony Allen,smartinez@example.org,Afghanistan,2024-09-02,Standard,1489.18
7741,Ms. Kristin Sullivan,simmonsjose@example.org,Vanuatu,2021-06-28,Standard,672.18
7742,Elizabeth Moore,bradleyerica@example.net,Congo,2020-03-19,Standard,1666
7743,Jonathan Lyons,garciastephanie@example.org,Marshall Islands,2022-08-16,Basic,362.87
7744,Shawna Harris,abigail54@example.com,Albania,2020-12-07,Basic,226.65
7745,Stephanie Guerrero,tanyamorrison@example.com,Dominican Republic,2023-08-13,Basic,380.09
7746,Dr. Thomas Wells,franklinmichael@example.com,Mexico,2020-02-08,Standard,1974.18
7747,Erik Kelly,joshuaduarte@example.org,Kuwait,2023-07-31,Standard,2351.93
7748,Dennis Henry,martinezjoshua@example.net,Guadeloupe,2021-09-09,Standard,523.56
7749,Mark Patterson,oscarwalker@example.org,Cape Verde,2020-03-01,Standard,2811.04
7750,Barbara Adams,karen80@example.net,Niue,2020-06-15,Basic,737.33
7751,Peggy Roberts,fosterjacob@example.com,North Macedonia,2023-07-15,Basic,335.95
7752,Alicia Henderson,mbuck@example.com,Netherlands,2022-01-12,Standard,2568
7753,James Brown,trevor39@example.org,Eritrea,2024-03-23,Basic,93.69
7754,Mark Lee,lindalee@example.net,Niue,2022-08-27,Basic,91.9
7755,Christine Wolfe DDS,petersdavid@example.org,Cuba,2022-09-14,Standard,2364.22
7756,Kaitlin Mcfarland,beasleystacey@example.net,Luxembourg,2020-08-27,Basic,481.52
7757,Kristin Mueller,trevinohayley@example.net,Singapore,2021-04-19,Premium,2850.06
7758,Sylvia Steele,batkins@example.net,Panama,2021-07-01,Premium,2290.22
7759,Tara Carson,hamiltonantonio@example.net,Croatia,2024-06-16,Standard,2669
7760,Joseph Beck,staylor@example.net,San Marino,2023-09-16,Standard,1640.13
7761,Ryan Adams,kevin93@example.com,Honduras,2023-07-01,Standard,921.07
7762,Kellie Boyd,gdouglas@example.com,Egypt,2023-11-12,Basic,468.53
7763,Robyn Mathews,tiffanygriffith@example.org,Bermuda,2024-05-12,Standard,354.31
7764,Gabrielle Hall,adriana96@example.org,Tonga,2022-03-11,Standard,1513.36
7765,Dan Larsen,martindaniel@example.net,New Caledonia,2023-03-09,Standard,250.17
7766,Matthew Moyer,hbrown@example.com,Denmark,2024-03-27,Premium,7418.04
7767,Erica Diaz,brandon18@example.org,Sweden,2022-06-07,Basic,632.06
7768,Stephanie Charles,fwalls@example.com,Cayman Islands,2024-05-14,Standard,1531
7769,Jason Phillips,robertwoods@example.net,Afghanistan,2024-11-29,Basic,678.82
7770,Lori Lyons,smithbilly@example.net,Tuvalu,2020-11-09,Standard,544.09
7771,Sean English,harrismarc@example.net,Lesotho,2020-03-08,Premium,2301.99
7772,Troy Fox,sherry42@example.com,Canada,2021-05-20,Premium,7155.63
7773,Patrick Davis MD,smithkimberly@example.com,China,2021-10-07,Premium,12493.22
7774,Jennifer Cruz DVM,qgonzalez@example.org,Thailand,2023-02-23,Basic,369.07
7775,Juan Jones,johnsonmariah@example.org,Uzbekistan,2020-02-11,Standard,1827.99
7776,David Johnson,larashane@example.com,Somalia,2024-11-08,Standard,1852.79
7777,Tyrone Ewing,nathanielperkins@example.com,Mayotte,2023-02-16,Standard,651.34
7778,Edward Davis,walter21@example.com,Saint Pierre and Miquelon,2020-11-16,Basic,461.3
7779,Richard King,christianmckinney@example.com,Azerbaijan,2022-06-13,Standard,693.65
7780,Stacey Mcgrath,khawkins@example.net,Benin,2023-08-10,Basic,387.21
7781,John Kim,swarren@example.net,Paraguay,2020-10-04,Basic,351.01
7782,Lori Lester,chenpatrick@example.org,Portugal,2021-10-12,Standard,744.18
7783,Robin Hayes,christopher55@example.org,Nauru,2024-02-04,Standard,1029.45
7784,Shane Clark,morrisonadrienne@example.org,Cyprus,2020-09-14,Standard,2619.86
7785,Kayla Bush,reneepayne@example.net,Cape Verde,2024-12-08,Standard,394.8
7786,Eduardo Griffin DDS,kevin46@example.org,Sri Lanka,2024-01-11,Basic,70.25
7787,Janet Castillo,kyork@example.org,Egypt,2021-07-03,Standard,904.41
7788,Adrian Rush,david21@example.net,Marshall Islands,2022-06-19,Basic,658.74
7789,Stephen Richards,martinronald@example.net,Monaco,2021-02-13,Standard,2572.85
7790,Janet Romero,jesseyoung@example.com,Bolivia,2022-06-07,Standard,413.78
7791,Matthew Murphy,geraldcortez@example.net,Pitcairn Islands,2020-09-27,Basic,613.68
7792,Heidi Smith,harrisonamy@example.org,Azerbaijan,2024-11-07,Standard,2222.44
7793,Sally Chaney,mariaramirez@example.org,Thailand,2023-04-22,Premium,7319.39
7794,Mr. Brett Miller,stacygonzales@example.com,Zambia,2024-09-13,Standard,531.78
7795,Greg Hill,michelle17@example.org,Saudi Arabia,2023-09-23,Standard,2464.15
7796,Abigail Russell,mary76@example.com,Kiribati,2022-06-26,Basic,687.63
7797,Tina Watson,fishersarah@example.com,Grenada,2021-05-13,Standard,2223.68
7798,Tanya Gibbs,kristahughes@example.org,Belarus,2022-06-11,Basic,197.56
7799,Jessica Macdonald,toneill@example.com,United States Minor Outlying Islands,2020-12-17,Standard,1800.15
7800,Sheryl Thompson,catherinemercer@example.net,South Georgia and the South Sandwich Islands,2021-02-25,Standard,1323.08
7801,Curtis Garcia,umccarthy@example.org,Hungary,2022-01-18,Premium,11539.76
7802,Dylan Wilcox,caseyjoseph@example.org,Antarctica (the territory South of 60 deg S),2020-10-21,Basic,425.72
7803,Molly Holmes,ortegacatherine@example.org,Andorra,2022-03-22,Standard,649
7804,Sheri Hodges,ssteele@example.net,Nauru,2022-08-08,Standard,799.31
7805,Mark Ford,kmurphy@example.net,Belgium,2020-07-10,Standard,2570.52
7806,Brian Wilkerson,brayelizabeth@example.net,Kuwait,2023-06-19,Standard,613.92
7807,Angela West,heather16@example.com,Bangladesh,2022-11-15,Basic,630.48
7808,Frank Kennedy,zjordan@example.net,Martinique,2024-01-24,Standard,2463.24
7809,Nicholas Pierce,harrisangela@example.com,Cameroon,2021-07-30,Basic,281.47
7810,Holly Salazar,jonesmichelle@example.com,Venezuela,2022-11-28,Premium,11679.8
7811,Mary Bentley,lpalmer@example.net,Guam,2022-08-02,Premium,3717.03
7812,Joshua Davidson,jameskrista@example.com,Tanzania,2022-05-26,Standard,1266.92
7813,Christina Dixon,hansenluke@example.net,El Salvador,2020-08-20,Basic,404.28
7814,Jennifer Jenkins,stephen16@example.net,Ghana,2022-04-16,Standard,2702.93
7815,Charles Davis,kathleenmitchell@example.org,Poland,2021-05-16,Standard,925.95
7816,Craig Valdez,wmatthews@example.com,Bhutan,2022-01-21,Standard,2890.81
7817,Robin Reid,steven01@example.com,Mexico,2021-11-16,Standard,132.24
7818,Hannah Garrett,jessicawilkerson@example.org,China,2021-03-18,Standard,2564.48
7819,Philip Stokes,bradleymedina@example.com,Saint Martin,2021-04-10,Basic,545.71
7820,Travis Williams,berrynancy@example.org,Saint Pierre and Miquelon,2024-10-09,Standard,1282.18
7821,Brianna Elliott,edwardnorman@example.net,Slovenia,2024-10-13,Standard,2512.8
7822,Heather Ramos MD,ramseyandrea@example.com,Cook Islands,2022-09-20,Standard,2667.49
7823,Jeremy Gonzales,laurawilliams@example.com,Kyrgyz Republic,2022-01-31,Standard,2617.19
7824,Donald Perkins,coxbarbara@example.org,Andorra,2020-07-06,Standard,1890.31
7825,Franklin Allen,nicholas08@example.net,Maldives,2023-12-07,Basic,86.79
7826,Mitchell Castro,anneblack@example.com,Uzbekistan,2020-02-28,Standard,232.05
7827,Diana Riley,lfreeman@example.com,Burkina Faso,2022-12-22,Basic,341.21
7828,Manuel Miller,pattersonstacey@example.org,Korea,2024-09-29,Premium,10876.43
7829,Kelly Ayers,adamsrenee@example.org,Afghanistan,2024-08-17,Basic,634.54
7830,Nicholas Pineda,veronicalane@example.net,Uruguay,2020-01-04,Premium,7489.51
7831,Katherine Wang,ealvarez@example.com,Papua New Guinea,2020-08-23,Basic,416.72
7832,Patrick Parks,justin10@example.org,Niger,2024-08-14,Standard,2387.52
7833,Roberta Davis,wendyruiz@example.com,Svalbard & Jan Mayen Islands,2021-07-27,Premium,8047.81
7834,Kevin Duarte,mackenzie42@example.com,Anguilla,2023-02-24,Standard,2849.91
7835,Kayla Rodriguez,raymondbruce@example.com,Comoros,2024-10-04,Standard,2687.93
7836,Jesus Turner,nicolerandolph@example.net,Gambia,2022-06-24,Standard,204.63
7837,Richard Gibbs,sandrawalsh@example.net,Tuvalu,2020-08-05,Standard,2743.82
7838,Rhonda Sanders,yvette19@example.com,Fiji,2023-04-16,Basic,719.42
7839,Melanie Clarke,qrios@example.net,Turkmenistan,2024-02-19,Basic,377.68
7840,Colton Gibbs,qwaller@example.org,Svalbard & Jan Mayen Islands,2022-06-05,Standard,2450.49
7841,Eric Ramirez,sdavis@example.net,Reunion,2020-11-09,Basic,749.73
7842,Eileen Hughes,robin66@example.org,United States Minor Outlying Islands,2021-09-04,Standard,826.98
7843,Gregory Miller,zbarnett@example.org,Cayman Islands,2021-01-06,Premium,11692.9
7844,Debra Horn,bassdaniel@example.net,Ireland,2020-05-15,Standard,1273.7
7845,James Singh,silvalisa@example.net,Pakistan,2023-03-08,Premium,5153.19
7846,Carla Gross,bennettjoseph@example.org,Saint Martin,2021-10-12,Standard,2943.28
7847,Anthony Lee,carlos09@example.org,Fiji,2024-03-07,Standard,2976.55
7848,Christopher Howard,adam56@example.net,Reunion,2022-11-10,Standard,1096.38
7849,Charles Berry,tmcgee@example.com,China,2022-12-24,Standard,714.11
7850,Raven Malone,lindaleonard@example.org,Malta,2022-01-26,Basic,344.29
7851,Laura Johnson,parkerpaul@example.org,Cote d'Ivoire,2024-09-28,Standard,101.62
7852,Timothy Dennis,njones@example.org,Papua New Guinea,2020-04-23,Basic,362.46
7853,John Campbell,melissajones@example.org,Zambia,2020-10-18,Standard,1367.49
7854,Donald Ford,boyertammy@example.net,Hong Kong,2023-09-24,Standard,1602.22
7855,Linda Petersen,simpsonjames@example.org,Thailand,2020-02-27,Standard,1627.73
7856,Carrie Wilson,jessicathomas@example.com,Azerbaijan,2022-03-25,Basic,620.48
7857,Steven Wade,davidanderson@example.net,Kenya,2020-11-23,Premium,12651.84
7858,Olivia Fisher,brandon04@example.net,United Kingdom,2024-01-08,Standard,716.05
7859,Laura Carson,david34@example.net,Rwanda,2023-04-06,Basic,664.8
7860,Jessica Russell,erobinson@example.org,Suriname,2022-04-16,Basic,753.5
7861,Sara Taylor,cruzjohn@example.com,Guinea-Bissau,2023-06-27,Standard,1529.7
7862,Lisa Woods,carla56@example.com,Guinea-Bissau,2022-09-19,Premium,11586.62
7863,James Henderson,csanders@example.com,Morocco,2022-10-05,Premium,6676.02
7864,Colleen Park,longbreanna@example.net,Zimbabwe,2024-12-16,Standard,578.79
7865,Adam Martin,evanhenderson@example.net,Equatorial Guinea,2022-06-30,Basic,568.34
7866,Christina Taylor,jennifer42@example.org,Gambia,2024-03-04,Standard,520.72
7867,Adam Campbell,leslieoliver@example.org,Grenada,2022-03-18,Premium,8521.74
7868,Ariel Montgomery,robertojones@example.com,Iran,2021-08-14,Premium,11106.25
7869,Erica Wade,timothygomez@example.net,Kuwait,2020-07-07,Standard,551.62
7870,Amanda Flores,kathydavis@example.net,Australia,2023-11-27,Standard,728.58
7871,Mr. Steven Rivera DDS,yolandanelson@example.com,Bouvet Island (Bouvetoya),2023-05-14,Premium,2183.63
7872,Jeffrey Hill,jessicalawson@example.com,China,2023-09-21,Premium,7723.32
7873,Brittany Meyers,brenda03@example.org,Cameroon,2024-12-04,Standard,1084.13
7874,Melissa Davis,renee59@example.net,Tanzania,2022-09-24,Premium,12046.88
7875,Isabella Rowe,chad71@example.com,India,2024-03-04,Standard,2354.59
7876,Terry Robinson,wilsonchristopher@example.net,Latvia,2020-04-11,Premium,9867.47
7877,Christine Kelley,edwardkelly@example.net,Cook Islands,2022-05-15,Standard,2629.88
7878,Shawn Adams,harrisoneric@example.org,Palau,2022-07-15,Basic,161.8
7879,Benjamin Flowers,baxtercory@example.com,Ukraine,2021-09-22,Basic,150.22
7880,Ms. Tiffany Gray,snydertimothy@example.org,British Virgin Islands,2024-01-03,Basic,792.36
7881,Joshua Gallagher,michael35@example.com,Niue,2020-09-08,Standard,1704.27
7882,Jennifer Murray,gonzalezdaniel@example.org,Cook Islands,2020-02-29,Premium,2936.24
7883,Rhonda Jones,kylescott@example.net,Hong Kong,2020-06-07,Standard,529.05
7884,James Clayton,choisandra@example.com,Christmas Island,2022-01-15,Basic,155.06
7885,Darrell Hill,alexis60@example.org,Taiwan,2023-05-15,Premium,616.05
7886,Jennifer Rodriguez,alberthiggins@example.net,Falkland Islands (Malvinas),2020-04-21,Standard,2185.99
7887,Diana Villa,jeffrey36@example.org,Antarctica (the territory South of 60 deg S),2020-11-09,Standard,232.22
7888,Jose Morse,mikeclark@example.net,Ecuador,2022-04-08,Standard,2823.01
7889,Susan Hill,gbell@example.org,Peru,2023-03-28,Basic,211.42
7890,Matthew Hughes,matthewmurphy@example.net,Saint Pierre and Miquelon,2023-05-01,Standard,1372.22
7891,Jeffery Reese,katrina79@example.org,Uzbekistan,2020-07-05,Standard,1752.79
7892,John Harris,olsondavid@example.com,Zimbabwe,2022-06-12,Basic,685.96
7893,Kendra Hughes,paulpowell@example.org,Bolivia,2021-03-22,Premium,14691.53
7894,Cindy Guzman,sgoodman@example.net,Indonesia,2022-12-13,Premium,11038.73
7895,Joshua Ellis,tracy11@example.org,Belize,2020-07-13,Standard,1697.17
7896,Ryan Howard,paulaperez@example.com,Central African Republic,2024-12-11,Standard,2067.5
7897,Victoria Hunt,reneepatel@example.net,British Indian Ocean Territory (Chagos Archipelago),2023-12-01,Standard,2288.77
7898,Stacey Richardson,dsmith@example.org,Moldova,2023-09-10,Premium,854.23
7899,Diane Stevens,cruzamy@example.org,Dominican Republic,2023-03-10,Basic,182.18
7900,Joseph Villa,josephreese@example.org,Djibouti,2020-08-20,Standard,887.33
7901,Patricia Sullivan,jason93@example.net,South Georgia and the South Sandwich Islands,2024-04-24,Standard,2195.55
7902,Ronald Mayer,tgonzalez@example.org,Denmark,2024-07-12,Standard,515.52
7903,Linda Richards,vnielsen@example.net,Poland,2022-11-04,Basic,194.5
7904,Diana Tyler,robert03@example.net,British Virgin Islands,2022-02-17,Standard,2506.6
7905,Sara Daniels,lward@example.com,Nepal,2021-08-10,Basic,131.43
7906,Sherri Howe,weissgregory@example.net,Isle of Man,2024-08-03,Premium,6540.28
7907,Wesley Mitchell,stevenmartinez@example.net,Saint Lucia,2020-05-29,Standard,2005.56
7908,Bobby Walters,daniel36@example.com,Georgia,2024-10-06,Basic,694.48
7909,Julie Lane,danielswendy@example.com,Aruba,2023-03-28,Standard,708.14
7910,Audrey Scott,hawkinstammy@example.org,Poland,2021-10-15,Standard,2104.78
7911,Jamie Ruiz,michaelchase@example.org,Pitcairn Islands,2024-07-16,Basic,671.92
7912,Deanna Baker,stephaniedudley@example.net,Sri Lanka,2020-09-08,Premium,11445.14
7913,Alyssa Ward,braysara@example.net,Mongolia,2023-11-14,Standard,1546.26
7914,Christopher Fields,worr@example.net,United States Minor Outlying Islands,2021-07-11,Basic,639.36
7915,Jeremy Brooks,vchristensen@example.org,India,2020-07-29,Basic,281.73
7916,Samuel Robinson,djohnson@example.org,Russian Federation,2024-09-04,Basic,631.99
7917,Scott Gallagher,michaelbennett@example.net,Colombia,2022-03-30,Basic,722.83
7918,Tyler Smith,tiffanyriggs@example.net,British Indian Ocean Territory (Chagos Archipelago),2020-12-21,Premium,10450.63
7919,Valerie Ho,ndowns@example.net,Greenland,2022-07-29,Basic,591.86
7920,Ricky Forbes,swalters@example.com,Holy See (Vatican City State),2020-10-06,Standard,2199.77
7921,Andre Cox,tylerashley@example.net,Nigeria,2021-10-24,Standard,1100.14
7922,Kelly Edwards,eric29@example.org,New Zealand,2023-09-18,Standard,2245.42
7923,Richard White,michael55@example.com,Burkina Faso,2024-04-05,Basic,277.7
7924,Andrew Phillips,ymahoney@example.net,Bouvet Island (Bouvetoya),2024-02-19,Standard,703.08
7925,Jonathan Barker,pwest@example.net,Haiti,2022-12-08,Basic,496.56
7926,Melissa Bryant,jfrancis@example.org,Austria,2024-06-10,Premium,7175.61
7927,Benjamin Miller,tammy57@example.com,Comoros,2024-05-04,Premium,2472.08
7928,Stephen Banks,longrobert@example.org,Turkey,2024-05-26,Standard,2450.7
7929,Jay Boone,jnelson@example.net,Honduras,2020-07-01,Premium,1116.6
7930,Douglas Henry,dawnlewis@example.com,Ecuador,2022-06-15,Standard,2920.58
7931,Kelli Contreras,andersoncourtney@example.com,Sweden,2021-01-21,Standard,722.79
7932,Jesus Donovan,rebecca05@example.org,Serbia,2023-11-22,Standard,2778.72
7933,Mark Russell,ian88@example.net,Latvia,2024-06-05,Premium,12106.75
7934,Bryce Moore,olivia00@example.org,Turkey,2024-09-04,Premium,2343.97
7935,Aaron Brooks,lindahayes@example.org,Holy See (Vatican City State),2024-02-11,Standard,2286.7
7936,Brandon Chapman,ascott@example.org,Netherlands,2020-12-06,Standard,2750.04
7937,Jeffery Fry,brent71@example.net,China,2021-07-08,Standard,1436.4
7938,Crystal Roberts,urodriguez@example.com,Niue,2021-01-27,Standard,548.9
7939,Ruben Green,moodystacey@example.net,Sri Lanka,2020-12-11,Standard,1963.33
7940,Cathy Wilson,wilsonsandy@example.net,Pakistan,2022-05-23,Standard,153.81
7941,Linda Lee,tatedana@example.com,North Macedonia,2020-03-07,Premium,9776.37
7942,Rhonda Gomez,dylancampos@example.org,Estonia,2023-03-20,Standard,1419.52
7943,Randy Decker,strongmichele@example.com,Togo,2023-01-13,Standard,490.98
7944,Janet Morton,sandovalann@example.org,Hungary,2024-06-23,Standard,248.8
7945,Jessica Noble,dawsonkeith@example.com,Bhutan,2022-02-22,Standard,1645.8
7946,Daryl Arnold,andrew14@example.net,Fiji,2022-06-24,Standard,873.4
7947,Manuel Hill,manuelgarcia@example.org,Saint Vincent and the Grenadines,2020-01-10,Basic,202.98
7948,Earl Rodriguez,eric41@example.org,Egypt,2024-10-22,Standard,883.47
7949,Angela Johns,taylorjessica@example.net,Burkina Faso,2024-10-12,Standard,2776.19
7950,Janice Ryan,markfields@example.com,Dominican Republic,2024-01-21,Basic,428.91
7951,Sarah Barber,ifrench@example.com,Ireland,2023-12-21,Standard,1130.76
7952,Timothy Costa,mark68@example.net,Thailand,2020-02-04,Standard,749.43
7953,Anthony Lawson,natalieharvey@example.com,Montenegro,2024-11-03,Basic,546.06
7954,Jessica Cunningham,tammysanchez@example.net,El Salvador,2022-07-22,Premium,6190.33
7955,Sabrina Petty,christina07@example.net,Puerto Rico,2021-12-26,Basic,607.89
7956,Erin Mathews,john02@example.org,Azerbaijan,2022-09-08,Standard,813.83
7957,Dr. Brian Ferrell,diana50@example.net,Peru,2020-07-17,Standard,2436.34
7958,Kristi Smith,murillowilliam@example.com,Ireland,2020-12-24,Standard,207.37
7959,Zoe Johnson,gloverpaula@example.net,Netherlands Antilles,2024-08-19,Premium,679.17
7960,Melissa Campos,hrice@example.org,Aruba,2020-10-02,Basic,444.31
7961,Aaron Pena,joshua44@example.com,Togo,2024-07-18,Premium,8199.95
7962,Patricia Cameron,michaelharrison@example.org,Sweden,2023-01-01,Standard,1301.38
7963,Amy Frazier,charles10@example.net,Faroe Islands,2023-07-28,Standard,662.42
7964,Michael Hartman,wgomez@example.net,Northern Mariana Islands,2022-08-24,Basic,660.99
7965,Andrea Peterson,evansryan@example.net,Turkey,2023-08-05,Premium,8339.03
7966,Sarah Smith,tmay@example.net,Solomon Islands,2024-11-26,Basic,299.48
7967,David Mosley,ernesthunter@example.com,Western Sahara,2020-10-18,Standard,659.91
7968,Rachel Oconnell,christiancampos@example.net,Djibouti,2023-12-17,Basic,256.62
7969,Joshua Jones,griffithtravis@example.org,Kyrgyz Republic,2023-08-26,Premium,3201.27
7970,Tim Dawson,garzatina@example.net,Armenia,2024-09-13,Premium,2125.68
7971,Tyler Hayes,kimberlyterrell@example.com,Togo,2024-03-18,Standard,-60.54
7972,Colleen Rivera,danny51@example.net,French Polynesia,2022-09-25,Premium,9158.68
7973,Amanda Smith,sandra67@example.org,Denmark,2023-03-05,Standard,2191.32
7974,Patricia Hess,garciatanya@example.org,Bhutan,2020-10-27,Premium,4013.08
7975,Nicole Williams,wwyatt@example.net,Antigua and Barbuda,2022-11-09,Basic,182.37
7976,William Lane,patricia87@example.org,El Salvador,2024-09-28,Basic,13.85
7977,Daniel Kim,tsullivan@example.com,Lesotho,2022-06-12,Basic,162.28
7978,Bonnie Brooks,briana60@example.com,Slovenia,2022-11-03,Basic,502.86
7979,Joshua Harrison,ncombs@example.net,Antarctica (the territory South of 60 deg S),2022-04-17,Basic,342.47
7980,Bruce Moore,vphelps@example.com,Cocos (Keeling) Islands,2021-02-22,Standard,620.59
7981,Megan Hughes,,Mongolia,2024-01-03,Standard,495.91
7982,Martha Baker,vweaver@example.net,French Guiana,2022-02-22,Basic,270.38
7983,Rodney Mccoy,hosborn@example.net,Greenland,2021-11-12,Basic,652.88
7984,Valerie Franklin,traceyjones@example.org,Paraguay,2020-12-29,Basic,583.48
7985,Natalie Lopez,morsekenneth@example.org,Lesotho,2022-04-06,Basic,66.32
7986,Whitney Evans,robert50@example.com,Georgia,2020-10-31,Standard,174.66
7987,David Gates,gail41@example.com,Venezuela,2021-08-13,Basic,384.14
7988,Jeff Keller,state@example.org,Libyan Arab Jamahiriya,2021-02-18,Basic,319.91
7989,Antonio Robinson,scottmary@example.com,Ethiopia,2022-07-31,Standard,2397.51
7990,Audrey Goodman,simmonsmorgan@example.com,Angola,2024-11-09,Basic,62.55
7991,Michael Mason,robert02@example.net,Monaco,2021-04-12,Standard,177.14
7992,Anne Jimenez,gonzalesdonald@example.org,Zambia,2020-10-17,Basic,110.58
7993,Gary Smith,jpitts@example.org,Hong Kong,2020-10-01,Premium,1612.7
7994,Jessica Kaiser,ogalvan@example.com,Niger,2022-08-25,Basic,47.89
7995,Scott Horton,fbeltran@example.net,Greece,2022-12-27,Premium,10206.5
7996,Amanda Watson,katherine91@example.net,French Guiana,2020-08-03,Standard,156.14
7997,Hayley Kim,lfrench@example.org,Bouvet Island (Bouvetoya),2023-05-30,Premium,6021.4
7998,Austin Morrison,donald17@example.org,Malaysia,2024-11-06,Standard,1076.1
7999,Antonio Richards,michelereeves@example.com,Burundi,2023-01-25,Standard,1601.8
8000,Yvette Ingram,amber54@example.com,Belgium,2022-05-17,Basic,336.01
8001,Cesar Nguyen,haynesjanet@example.org,El Salvador,2021-06-24,Standard,1085.23
8002,Ann Smith,torrestanya@example.org,Turks and Caicos Islands,2022-06-07,Basic,257.61
8003,Charles Watson,,Ecuador,2021-10-04,Standard,2048.22
8004,Maria Morrison,adrianhawkins@example.org,Vietnam,2020-02-19,Premium,9450.44
8005,Melissa Martin,aaron66@example.org,Antarctica (the territory South of 60 deg S),2023-07-24,Basic,752.84
8006,Amanda Novak,armstrongjulia@example.org,Somalia,2023-05-06,Basic,378.47
8007,Joseph Harris,audreyweaver@example.com,Congo,2024-07-16,Standard,1387.44
8008,Wendy Ayala MD,santiagoangela@example.net,Lesotho,2024-05-29,Basic,382.09
8009,Shelly Yu,tturner@example.org,Hungary,2022-07-14,Basic,172.72
8010,Cassandra Jones,katherinekeller@example.net,Iceland,2023-03-02,Standard,730.33
8011,Tracey Mora,andersonbryan@example.net,Cayman Islands,2021-11-30,Basic,54.89
8012,Bobby Delgado,krystallewis@example.com,Costa Rica,2022-07-20,Basic,189.33
8013,Michael Williams,debramontoya@example.net,Namibia,2024-05-25,Standard,1444.83
8014,Richard Benson,vperez@example.com,Heard Island and McDonald Islands,2023-12-20,Standard,177.2
8015,Patrick Vaughn,dawn08@example.net,Togo,2021-11-22,Premium,13832.97
8016,Chad Mendoza,chelsea40@example.org,Lithuania,2020-04-20,Standard,2874.48
8017,Kevin Benson,tinaeverett@example.net,Malaysia,2023-12-02,Basic,147.96
8018,Vanessa Dennis,eric25@example.com,French Guiana,2023-03-17,Basic,294.47
8019,Lisa Scott,garypeterson@example.org,Eritrea,2023-10-28,Standard,2376.95
8020,David Myers,dylanibarra@example.net,Singapore,2021-07-12,Standard,1657.56
8021,Brian Clark,sarahlewis@example.com,Japan,2022-01-23,Premium,5727.4
8022,Steven Santana,milleremily@example.net,Ecuador,2023-11-25,Standard,2621.58
8023,Tom Horton PhD,sharrison@example.net,Austria,2020-09-06,Basic,333.9
8024,Natalie Martinez,judithwood@example.net,Christmas Island,2022-02-23,Standard,1518.39
8025,Brittany Cervantes,garciabrenda@example.net,Mexico,2023-09-23,Standard,2692.92
8026,Nicholas Romero,nicoleclark@example.net,Palau,2022-12-17,Standard,1427.49
8027,Chelsea Trujillo,mccoycatherine@example.com,Swaziland,2023-04-18,Standard,1241.64
8028,Candice Garrison,annarussell@example.net,Saint Martin,2024-08-26,Basic,259.66
8029,Bailey Wilson,jamesstewart@example.net,Sri Lanka,2021-04-24,Basic,16.92
8030,Kelly White DDS,william80@example.com,Mauritius,2021-06-23,Standard,2562.52
8031,Patricia Tucker,dmason@example.com,Moldova,2022-02-25,Standard,1069.56
8032,Anthony Ramirez MD,eric35@example.net,Marshall Islands,2020-05-24,Standard,826.32
8033,Madeline James,anthony92@example.net,Sierra Leone,2021-07-03,Standard,2804.5
8034,Spencer Ray,qsolomon@example.org,South Africa,2023-09-22,Standard,2468.46
8035,Brittany Mosley,angela80@example.org,Gabon,2020-05-29,Premium,7108.48
8036,Joshua Pierce,mallorylee@example.net,New Caledonia,2021-08-07,Basic,197.63
8037,Gabriella Dean,kathy66@example.net,Malta,2024-05-21,Standard,444.36
8038,Ashley Brown,maryryan@example.com,Tuvalu,2024-08-15,Standard,2860.67
8039,Donald Allen,mknight@example.net,Saudi Arabia,2024-08-05,Premium,10817.88
8040,Jason Robinson,faith08@example.net,Barbados,2024-01-26,Basic,619.19
8041,John Hooper,,French Guiana,2023-03-26,Premium,4790.35
8042,Jeff Brooks,sarah08@example.net,New Caledonia,2021-09-11,Standard,1206.12
8043,Michelle Ruiz,webbpatrick@example.org,Equatorial Guinea,2022-06-09,Basic,597.09
8044,Teresa Jackson,margaretmorgan@example.net,Israel,2020-11-27,Standard,1477.63
8045,Thomas Meyer,glenn95@example.org,Nepal,2022-04-10,Basic,702.71
8046,Donna Graham,amanda48@example.net,Reunion,2024-06-06,Standard,551.98
8047,Jennifer Farmer,simpsonmarcus@example.net,Germany,2023-08-10,Basic,328.51
8048,Joseph Anderson,laurageorge@example.net,American Samoa,2021-02-03,Basic,95.05
8049,Susan Carpenter,ohahn@example.net,Solomon Islands,2024-01-01,Standard,2239.03
8050,Jeff Burch,marshalljoshua@example.com,Sudan,2023-06-13,Standard,2191.92
8051,Cindy Evans,knightevelyn@example.org,Gibraltar,2024-09-30,Standard,2545.33
8052,Richard Rodriguez,jamieochoa@example.com,Tonga,2022-05-09,Basic,484.68
8053,Crystal Davis,rhardy@example.com,Reunion,2023-03-18,Basic,652.35
8054,Todd Dominguez,masonwilliam@example.org,Samoa,2024-12-20,Basic,577.81
8055,Phillip Myers,mckenziebrandon@example.com,Samoa,2021-08-03,Basic,666.08
8056,Erica Berg,kclark@example.org,Uruguay,2020-08-13,Standard,986.16
8057,Jeremy Frye,terry88@example.com,Italy,2020-12-16,Standard,1442
8058,Andrew Combs,andrewterry@example.org,Maldives,2022-02-04,Standard,1060.8
8059,Shaun Thompson,reginaldpaul@example.org,Belgium,2020-11-12,Basic,159.49
8060,Kimberly Campbell,ccochran@example.net,Equatorial Guinea,2020-07-17,Basic,642.77
8061,Thomas Underwood,stevenlucas@example.net,Turks and Caicos Islands,2020-06-18,Standard,2834.24
8062,Cory Rodriguez,alicia88@example.org,Lao People's Democratic Republic,2023-04-06,Standard,2481.1
8063,Daniel Clark,ryan57@example.net,Bosnia and Herzegovina,2023-05-02,Standard,2380
8064,Melissa Rice,loganramirez@example.org,Taiwan,2022-01-04,Basic,461.14
8065,Gary Rodriguez,qlopez@example.net,Samoa,2022-09-18,Basic,780.07
8066,Thomas Martinez,ramosdavid@example.org,Jamaica,2021-06-07,Premium,13963.12
8067,Brian Thomas,riverajoseph@example.org,Switzerland,2023-07-03,Premium,12671.61
8068,David Vega,shayes@example.org,Faroe Islands,2020-07-23,Standard,325.29
8069,Danielle Haynes,edwardrichardson@example.org,Iran,2020-09-26,Premium,9550.41
8070,Steve Ellis,katherine48@example.com,Argentina,2024-08-23,Basic,133.27
8071,Diane Jones,braykirsten@example.net,Morocco,2020-03-22,Standard,1595.77
8072,Mr. Joseph Stevens,jonesashley@example.net,Israel,2024-02-02,Standard,272.69
8073,Valerie Mcdaniel,lynnknight@example.org,Lithuania,2024-07-22,Standard,2386.18
8074,Megan Lee,parrishjanet@example.com,Mozambique,2023-12-29,Standard,1497.97
8075,Amanda Horn,ifitzgerald@example.net,Norfolk Island,2021-11-29,Basic,32.12
8076,Alan Hopkins,staceylyons@example.net,Barbados,2023-08-28,Standard,1022.51
8077,Ashley Sherman,rsuarez@example.org,Madagascar,2020-03-04,Premium,3843.78
8078,Angela Cook,jennifermann@example.com,Singapore,2023-05-14,Standard,1406.19
8079,Dustin King,robert32@example.org,Vietnam,2023-01-23,Basic,661.4
8080,Nancy Johnson,deborah78@example.net,Switzerland,2024-08-29,Basic,446.4
8081,Kathryn Peters,waltonpatricia@example.net,Greenland,2020-08-29,Standard,2672.32
8082,Dustin Smith,amandahudson@example.org,Czech Republic,2022-11-19,Standard,2602.87
8083,Zachary Stanley,schmittmichelle@example.net,Finland,2022-08-05,Premium,7250.87
8084,Jonathan Palmer,sanchezjennifer@example.org,Palestinian Territory,2020-06-10,Standard,653.48
8085,Christopher Arnold,margaret96@example.net,Sierra Leone,2020-05-13,Premium,4739.73
8086,John Rice,jesus75@example.org,Christmas Island,2020-06-01,Basic,488.52
8087,Alexandra Taylor,laura80@example.com,Hungary,2024-12-17,Basic,729.98
8088,Thomas Hernandez,opearson@example.org,Norway,2023-12-22,Premium,6632.86
8089,Melissa Young,stevenwalter@example.org,Bahamas,2021-02-01,Standard,544.43
8090,Eric Jensen,jramirez@example.net,Swaziland,2022-02-10,Premium,3325.2
8091,Troy Cox,benjamin93@example.org,Slovakia (Slovak Republic),2022-11-02,Standard,2930.11
8092,Dr. Amanda Zimmerman DDS,laurieevans@example.net,Solomon Islands,2020-07-06,Premium,2350.16
8093,Barbara Williams,abridges@example.net,Heard Island and McDonald Islands,2020-02-11,Standard,1021.52
8094,Robert Brown,rileyrick@example.org,Sudan,2023-10-14,Basic,429.72
8095,Janet Rowland,mary18@example.org,Cocos (Keeling) Islands,2024-05-14,Premium,14074.43
8096,Brian Lambert,julieray@example.org,Belarus,2024-05-13,Basic,192.18
8097,David Lee,jennifermolina@example.org,Cuba,2021-05-21,Premium,4154.76
8098,Marcia Taylor,sara81@example.com,Colombia,2024-07-22,Standard,2433.91
8099,Evan Jackson Jr.,kimberly91@example.com,Thailand,2024-04-18,Standard,1652.17
8100,Michael Miller,jeffrey21@example.org,Greenland,2020-01-28,Basic,580.65
8101,Kathryn Phillips,lisachase@example.net,Mauritius,2023-10-16,Premium,12696.37
8102,Edward Delgado,cynthiapittman@example.net,Palau,2024-03-12,Premium,4833.58
8103,Elizabeth Mccarthy,yacevedo@example.net,Trinidad and Tobago,2021-07-31,Basic,258.92
8104,Jason Smith,wheelerdiana@example.org,Botswana,2024-04-07,Basic,187.01
8105,Robert Clark,cervanteshannah@example.org,Belgium,2021-05-01,Standard,783.57
8106,Ashley Glass,emily88@example.org,Suriname,2020-01-03,Premium,2217.36
8107,Dennis Bailey,deborahjohnson@example.org,Nicaragua,2020-03-06,Standard,519.88
8108,Lynn Thornton,ryanrichardson@example.net,Portugal,2023-05-18,Basic,468.31
8109,Valerie Bishop,nathaniellittle@example.net,Brunei Darussalam,2020-02-03,Standard,2142.81
8110,Zachary Stewart,robert79@example.net,Bhutan,2020-08-19,Standard,928.08
8111,Jessica Shah,englishdouglas@example.net,Georgia,2020-12-18,Standard,1957.12
8112,Michele Davis,baileybarbara@example.org,Gibraltar,2021-07-17,Standard,2822.94
8113,Danielle Burgess,kelsey97@example.org,Kuwait,2021-03-22,Basic,285.81
8114,Alexis Hawkins,bmaynard@example.org,Morocco,2024-12-16,Basic,757.06
8115,Timothy Brown,lorithomas@example.net,Guatemala,2024-12-25,Premium,13643.79
8116,Derrick Thomas,pattersonpeter@example.net,Palestinian Territory,2023-01-23,Basic,22.28
8117,Michael Garcia,igoodman@example.org,Guam,2024-01-05,Standard,316.26
8118,Deborah Wilson,russellkelly@example.net,San Marino,2020-03-01,Standard,2432.74
8119,Charlene Gonzales,campbellthomas@example.org,Guam,2020-08-23,Standard,612.1
8120,Jessica Salazar,ebyrd@example.org,Mozambique,2020-09-09,Basic,468.32
8121,James Palmer,madison34@example.com,Czech Republic,2021-05-20,Standard,1744.63
8122,Edward Clark,robertchavez@example.net,Pakistan,2024-10-15,Standard,2224.53
8123,Bruce Zavala,reneedunlap@example.net,Guam,2020-02-22,Basic,731.34
8124,Amanda Cox,matthew80@example.org,Eritrea,2020-12-08,Premium,1310.21
8125,Glen Aguirre,nkelly@example.com,Belgium,2021-11-30,Basic,362.98
8126,Kaitlin Scott,kimberlytownsend@example.org,El Salvador,2021-05-31,Standard,755.9
8127,Elizabeth Zimmerman DDS,michelle92@example.net,Andorra,2024-11-28,Standard,2068.5
8128,Diana Diaz,whitealicia@example.org,Syrian Arab Republic,2023-04-27,Standard,714.39
8129,Jesse Terry,sarah94@example.com,United States of America,2021-03-04,Standard,315.52
8130,Ryan Young,elizabeth74@example.org,Kazakhstan,2020-01-16,Standard,101.24
8131,Susan Wu,afigueroa@example.com,Nicaragua,2020-04-28,Standard,1902.83
8132,Samantha Peterson,teresa86@example.net,Finland,2024-07-12,Basic,110.75
8133,Jeffrey Payne,williamhull@example.org,Saint Helena,2021-07-01,Basic,654.08
8134,Michelle Elliott MD,martindavid@example.net,Nauru,2020-06-18,Basic,648.83
8135,Diane Moore,nixonryan@example.com,Heard Island and McDonald Islands,2023-06-26,Standard,561.89
8136,Sara Price,aparrish@example.org,Vietnam,2024-08-21,Standard,1614.6
8137,Samantha Hess,luisfarrell@example.org,Belgium,2023-12-03,Standard,2407.35
8138,Rodney Smith,mary56@example.net,France,2020-08-09,Premium,6481.03
8139,Deborah Price,vbright@example.net,Zimbabwe,2021-02-09,Basic,24.25
8140,Melissa Lee,xburnett@example.com,Trinidad and Tobago,2023-06-25,Standard,2356
8141,Michael Douglas,aguirrepaige@example.com,Israel,2024-06-02,Standard,2544.13
8142,Nicole Winters,zcollins@example.org,Ecuador,2021-02-23,Standard,638.99
8143,Gerald Myers,dwilson@example.com,Montserrat,2020-08-26,Standard,488.91
8144,Julia Price,christinacosta@example.com,Uganda,2023-12-14,Standard,2023.91
8145,Jennifer Moore,justin69@example.org,Macao,2024-06-27,Standard,1220.08
8146,Angela Perry,yvettegeorge@example.com,Kenya,2023-11-24,Standard,808.56
8147,Dylan Porter,jeffreywright@example.net,Wallis and Futuna,2022-10-26,Standard,960.12
8148,Anthony Harrison,xwoods@example.net,Aruba,2021-09-21,Standard,1935.89
8149,Douglas Bolton,harrissarah@example.net,Slovakia (Slovak Republic),2020-12-21,Basic,33.15
8150,Jessica Stevenson,samantha98@example.net,United States Minor Outlying Islands,2020-03-22,Premium,4672.7
8151,Lori Long,patrick87@example.com,Albania,2021-09-09,Standard,613.5
8152,Mary Watson,twinters@example.com,South Georgia and the South Sandwich Islands,2021-05-21,Standard,2178.76
8153,Christina Bennett,donnakeith@example.org,Mauritania,2022-03-22,Standard,2780.28
8154,Jennifer Thomas,sextontammy@example.org,Benin,2020-02-13,Basic,605.99
8155,Jason Adkins,tina67@example.org,New Caledonia,2021-03-30,Standard,2590.91
8156,Thomas Parsons,huynhrebecca@example.com,Pitcairn Islands,2022-01-06,Basic,494.52
8157,Christopher Cobb Jr.,jennifer61@example.com,Kuwait,2021-05-30,Basic,250.41
8158,Jennifer Schwartz,afuller@example.com,Antarctica (the territory South of 60 deg S),2022-11-07,Standard,2023
8159,Brooke Rodriguez,lisascott@example.net,Romania,2022-08-30,Standard,1622.21
8160,Timothy Acosta,josephbaker@example.org,Korea,2020-09-12,Standard,436.72
8161,Joshua Kerr,zdavis@example.net,North Macedonia,2022-12-30,Standard,1887.19
8162,Kenneth Conway,samantha78@example.org,Monaco,2022-03-24,Standard,550.96
8163,Joseph Juarez,ocooley@example.net,Dominican Republic,2023-05-15,Standard,2458.45
8164,Heather Duran,msmith@example.org,Oman,2021-02-09,Standard,841.57
8165,Miss Kim Murphy,amycruz@example.com,Montenegro,2021-09-10,Standard,1059
8166,Clayton Gamble,robert91@example.org,Armenia,2020-06-23,Standard,2811.91
8167,Alexis Daniels,hbaxter@example.com,Croatia,2022-05-19,Standard,1768.76
8168,Mary Johnson,brian44@example.org,Venezuela,2023-06-21,Basic,672.34
8169,James Fields,harrisadam@example.org,Greece,2020-08-12,Standard,2452.32
8170,Gregory Berry,zdavis@example.org,French Guiana,2023-04-21,Standard,2005.76
8171,Rachel Robertson,edwardsdenise@example.com,Trinidad and Tobago,2024-09-23,Basic,499.21
8172,Kelly Dawson,alyssa40@example.org,French Southern Territories,2024-04-27,Standard,868.14
8173,Dana Stevens,amandageorge@example.org,Kuwait,2024-02-03,Standard,405.43
8174,Crystal Caldwell,gina58@example.net,Turkey,2020-03-16,Standard,1586.09
8175,Allison Villarreal,mmeadows@example.net,Bahamas,2024-09-17,Premium,11512.19
8176,Leslie Burke,randymiranda@example.net,Guinea,2024-11-10,Basic,620.35
8177,Jill Holmes,micheal66@example.org,Jordan,2021-05-04,Standard,2720.12
8178,Ian Taylor,jenkinsmariah@example.net,Myanmar,2023-04-27,Standard,2232.83
8179,Shawn Mcpherson,jameshowe@example.net,Syrian Arab Republic,2020-11-15,Standard,1548.5
8180,Juan Wright,seth01@example.com,Philippines,2021-04-17,Standard,1272.59
8181,Michael Nelson,carneyross@example.net,Christmas Island,2024-03-06,Standard,744.89
8182,Frank Lopez,joselee@example.com,Kiribati,2020-10-29,Basic,228.13
8183,Robert Smith,tony92@example.org,Cyprus,2021-07-01,Standard,730.19
8184,Jessica James,alyssahayes@example.org,Solomon Islands,2020-11-13,Premium,13787.7
8185,Kayla Johnson,mitchell45@example.org,Uganda,2024-10-27,Standard,2499.8
8186,Ryan Ruiz,woodsalexis@example.net,Morocco,2021-09-19,Basic,51.51
8187,Joshua Graham,joseph59@example.org,Fiji,2021-01-13,Standard,2317.9
8188,Matthew Vasquez,russellemily@example.com,Turkey,2024-11-28,Standard,2729.48
8189,Sara Clark,rsmith@example.org,Andorra,2022-08-23,Standard,1940.16
8190,Megan Anthony,jasonwhite@example.org,Denmark,2022-08-18,Basic,288.66
8191,Kathleen Simmons,scott08@example.org,Isle of Man,2024-09-01,Standard,2277.15
8192,Amanda Cooper,jennynelson@example.org,Aruba,2022-02-28,Basic,39.97
8193,Jordan Bishop,hillkelly@example.net,Greenland,2020-10-30,Premium,13186.36
8194,Susan Fuller,jfox@example.net,Czech Republic,2020-03-07,Basic,88.01
8195,Angel Brown,kristine67@example.net,Guatemala,2024-04-04,Basic,159.63
8196,Cynthia Kaufman,paul76@example.net,Iran,2023-08-10,Standard,1162.01
8197,Lisa Brown,singhjason@example.org,Dominican Republic,2021-03-23,Standard,1521.97
8198,Tina Norton,melanie43@example.net,Panama,2021-06-20,Standard,2497.32
8199,Joseph Phelps,emily04@example.com,United Arab Emirates,2023-08-15,Standard,743.93
8200,Gabrielle Bailey,angelarichardson@example.net,Mauritius,2024-05-18,Standard,1079.18
8201,Lori Jackson,perkinsjesus@example.net,Aruba,2023-06-05,Premium,1799.71
8202,Douglas Hartman,julie98@example.org,Albania,2024-03-09,Basic,93.52
8203,Kelly Greer,lozanoanthony@example.net,Lao People's Democratic Republic,2021-08-25,Standard,2391.42
8204,Miguel Robinson,donnaacosta@example.net,Trinidad and Tobago,2022-05-26,Standard,1074.33
8205,James Farmer,blogan@example.net,El Salvador,2022-10-19,Standard,2906.82
8206,Andrew Robertson,vchristensen@example.com,Saint Pierre and Miquelon,2020-05-06,Standard,2822.84
8207,Kelly Fuller,crystal38@example.net,Algeria,2021-04-22,Standard,2077.44
8208,Holly Spears,chall@example.net,Belgium,2023-04-06,Standard,2807.72
8209,Melissa Simpson,scottlisa@example.com,Pakistan,2021-11-13,Standard,2386.4
8210,Victoria Brown,john29@example.org,Heard Island and McDonald Islands,2023-03-22,Basic,370.81
8211,Terry Carpenter,ashley18@example.net,Cook Islands,2022-04-06,Standard,2514.34
8212,Michael Reed,hprice@example.com,Sri Lanka,2021-02-20,Basic,547.51
8213,Dawn James,megan65@example.net,Luxembourg,2024-04-23,Standard,1907.5
8214,Brian Porter,xhines@example.net,Saint Barthelemy,2021-06-13,Standard,2467.8
8215,Gabriel Jenkins,robertthompson@example.com,Jamaica,2023-10-02,Standard,2327.64
8216,Thomas White,rebecca78@example.net,Israel,2021-05-08,Premium,1548.98
8217,David Castillo,dbarnes@example.org,Japan,2021-10-17,Basic,799.15
8218,Alyssa Mccall,rodriguezerica@example.org,Falkland Islands (Malvinas),2023-02-15,Standard,2612.49
8219,Jeffrey Howard,timothy98@example.com,United Arab Emirates,2020-04-27,Standard,2073.04
8220,Michael Gardner,carl96@example.net,Costa Rica,2024-05-18,Basic,368.95
8221,Karen Barnes,kristinehardin@example.net,Namibia,2020-07-17,Standard,1031.46
8222,Kayla Moon,xrodriguez@example.net,Italy,2023-05-22,Basic,442.21
8223,Christopher Perez,hilljean@example.org,Canada,2023-06-10,Standard,1676.82
8224,Rachel White,james75@example.net,Samoa,2022-09-12,Basic,329.59
8225,Annette Simmons,ashley97@example.org,Macao,2021-11-08,Standard,1058.03
8226,Bryan Santiago,halexander@example.com,Cook Islands,2021-10-06,Premium,3758.6
8227,Ethan Maddox,wheelerrichard@example.net,Saint Pierre and Miquelon,2023-10-18,Standard,441.46
8228,Kayla Foster,davisjulie@example.org,Mongolia,2022-03-12,Premium,13572.82
8229,David Espinoza,benjamin26@example.net,Rwanda,2024-02-27,Basic,669.93
8230,Mary Eaton,marvinpeters@example.net,Mauritius,2020-05-07,Standard,799.62
8231,Julie Walters,nicholastorres@example.net,South Africa,2020-11-20,Standard,2188.77
8232,Timothy Roberts,evanskathleen@example.net,El Salvador,2024-04-07,Standard,2770.83
8233,Cassidy Simpson,bsantiago@example.com,Germany,2024-03-28,Basic,560.87
8234,Joseph Ortiz,collinsmatthew@example.net,Croatia,2024-05-08,Standard,539.87
8235,Samantha Chambers,mercerwendy@example.org,Samoa,2022-11-30,Basic,271.86
8236,Katherine Lopez,tamarahopkins@example.org,Mali,2022-09-30,Premium,13343.75
8237,Mark Collins,tatedustin@example.net,French Polynesia,2023-01-09,Basic,251.23
8238,John Kelly,armstrongdavid@example.com,Lebanon,2024-05-12,Standard,2047.93
8239,Katie Montoya MD,shafferalexander@example.com,Cameroon,2024-09-20,Standard,2066.75
8240,Kayla Johnson,andrewsnicholas@example.com,Japan,2021-09-10,Standard,1880.23
8241,Mrs. Sue Jones DDS,monicagomez@example.org,El Salvador,2023-09-13,Premium,13236.89
8242,Joel Marsh,jenniferhardin@example.com,Italy,2022-07-22,Basic,196.84
8243,Debbie Lowery,dpatton@example.org,Kazakhstan,2024-01-27,Basic,551.61
8244,Jessica Jones,knightrobin@example.com,Saint Barthelemy,2023-12-27,Standard,915.68
8245,Karen Maddox,rebekahbeard@example.net,Bulgaria,2021-03-19,Basic,55.21
8246,Dr. Jody Scott,stephenhester@example.com,Oman,2022-02-09,Premium,9164.86
8247,Sarah Barker,melissa69@example.org,Portugal,2021-11-24,Premium,2208.37
8248,Nathan Wilkinson,masontony@example.com,United States Virgin Islands,2024-06-10,Premium,2413.98
8249,Pam Ward,ricerebecca@example.org,Dominica,2020-05-10,Standard,915.57
8250,Julie Adams,cooperrichard@example.org,Senegal,2022-05-17,Premium,4515.47
8251,Troy Poole,rebecca19@example.com,Aruba,2024-10-26,Standard,1289.74
8252,Gary Hamilton,linda00@example.org,United Arab Emirates,2023-03-12,Premium,12747.39
8253,Aaron Weaver,egamble@example.com,Jamaica,2023-03-29,Basic,492.22
8254,Leah Brown,lschultz@example.org,Latvia,2022-02-22,Basic,318.31
8255,Katie Griffin,ptaylor@example.org,Saint Kitts and Nevis,2021-10-04,Standard,1466.86
8256,Denise Smith,mataphillip@example.org,San Marino,2021-04-12,Standard,2189.39
8257,Jason Thornton,whitneyanderson@example.com,Namibia,2022-08-28,Basic,33.73
8258,David Anderson,braunjesse@example.org,Trinidad and Tobago,2024-10-06,Standard,1642.3
8259,Mike Fuentes,jperez@example.net,Nauru,2024-02-09,Basic,68.58
8260,Yvonne Vang,millerandrew@example.org,Namibia,2023-03-07,Standard,2504.6
8261,Joseph Rivera,brittany35@example.net,Colombia,2022-07-06,Standard,2637.24
8262,Danielle Kerr,sean88@example.org,French Southern Territories,2021-05-19,Premium,8512.8
8263,Manuel Martinez,uferguson@example.org,Croatia,2024-01-10,Basic,591.38
8264,Rachel Hernandez,angelamoore@example.org,Niger,2020-10-04,Basic,125.78
8265,Michael Ellis,watsonluis@example.com,Anguilla,2022-12-26,Standard,2443.77
8266,Gabriela Phillips,michael24@example.org,Uruguay,2023-08-09,Basic,460.42
8267,William Harvey,brandy14@example.net,Bosnia and Herzegovina,2023-09-01,Basic,349.87
8268,John Garcia,apalmer@example.com,Sao Tome and Principe,2021-05-10,Premium,8156.3
8269,Dalton Reyes,smithmartha@example.com,Sao Tome and Principe,2023-01-09,Basic,507.14
8270,Mrs. Lisa Taylor,jerry37@example.org,Chad,2023-05-01,Standard,1261.23
8271,Sarah Watts,james24@example.com,Falkland Islands (Malvinas),2020-11-06,Standard,2337.11
8272,Karen Sampson,samanthagray@example.net,Germany,2023-10-17,Premium,10596.8
8273,Donna Clay,robertmartin@example.org,Bahamas,2020-02-08,Basic,375.52
8274,Paula Esparza,joe40@example.org,Netherlands Antilles,2021-05-12,Basic,346.21
8275,Mr. Thomas Gomez,bjohnson@example.net,Eritrea,2020-01-19,Standard,2443.72
8276,Daniel Hensley,angela67@example.net,Sudan,2024-02-01,Standard,2611.63
8277,Russell Stein,qfranklin@example.com,Bangladesh,2023-02-18,Standard,2270.52
8278,Nathan Duncan,danielvelez@example.com,Papua New Guinea,2021-02-26,Basic,696.32
8279,John Mitchell,murphylaura@example.net,Greece,2024-10-08,Basic,31.95
8280,Felicia Nelson,ortizbruce@example.com,Italy,2020-10-31,Standard,405.97
8281,Whitney Murray,macdonaldcharles@example.net,Guyana,2023-06-18,Standard,1322.78
8282,William Greene,ndrake@example.net,Haiti,2023-01-12,Standard,665.65
8283,Chase Mercado,vwebb@example.com,Albania,2020-04-11,Standard,2378.02
8284,Kristin Collins,ncox@example.org,Slovenia,2022-08-23,Standard,2581.87
8285,Autumn Mclaughlin,marcus16@example.com,Croatia,2024-02-13,Premium,13339.92
8286,Melissa Lawrence,aprilyoung@example.com,Afghanistan,2023-10-05,Premium,9260.69
8287,Jesse Allison,iarnold@example.net,Poland,2021-07-13,Standard,1309.84
8288,Wendy Henry,tracy19@example.net,Mauritius,2024-03-09,Basic,681.98
8289,Samantha Walters,brettgonzales@example.net,Uzbekistan,2021-06-22,Standard,2090.58
8290,John Dunn,graymichele@example.com,Bolivia,2024-06-24,Standard,1350.03
8291,Christina Smith,sarahmartin@example.com,French Guiana,2021-07-09,Basic,260.14
8292,Alex Curtis,gjackson@example.org,Israel,2021-05-29,Basic,105.88
8293,Leslie Torres,cummingsanthony@example.net,Reunion,2021-01-28,Standard,1301.81
8294,Tammy Carlson,jenniferdixon@example.org,Christmas Island,2020-03-27,Premium,1118.7
8295,Peter Wiggins,marthacannon@example.org,Djibouti,2024-08-04,Standard,1984.88
8296,Brian Wu,juliastewart@example.net,Belize,2024-05-27,Standard,2546.64
8297,Jessica Thompson,michaelschmidt@example.com,Djibouti,2023-07-31,Standard,749.46
8298,Kim Anderson,nguyenjeffrey@example.com,Burundi,2022-03-22,Standard,941.81
8299,Andrew Reid,onealsamantha@example.org,United States Virgin Islands,2024-06-11,Premium,2267.45
8300,Daniel Fox,michaelcharles@example.org,Chad,2024-04-10,Standard,2124.97
8301,Dennis Gonzalez,ibell@example.org,Bahamas,2024-04-29,Basic,282.54
8302,Jeremy Fowler,gregory05@example.net,Austria,2021-02-16,Standard,108.84
8303,Thomas Miller,gwilson@example.org,Malawi,2020-10-07,Standard,472.22
8304,Lori Miller,hoodmelissa@example.com,Angola,2022-05-25,Standard,2592.98
8305,Elizabeth Martin,jessicacooper@example.org,Brazil,2020-03-12,Basic,200.29
8306,Susan Bryant,brian82@example.com,Lao People's Democratic Republic,2020-06-27,Premium,714.58
8307,Chloe Brown,asanchez@example.com,Nicaragua,2022-01-12,Standard,1960.17
8308,Diane Best,gpruitt@example.net,Bermuda,2024-12-18,Standard,1966.37
8309,Jacob Turner,patrick88@example.org,Solomon Islands,2023-06-23,Standard,2617.36
8310,Paul Brown MD,lauraphillips@example.net,Dominican Republic,2022-08-05,Basic,115.35
8311,Kyle Velasquez,orogers@example.com,Samoa,2020-06-21,Basic,645.7
8312,Thomas Kennedy,gomezkathy@example.net,Congo,2023-12-19,Standard,204.77
8313,Mary Parker,alexander91@example.com,Mexico,2023-12-30,Premium,8433.66
8314,Nicholas Lee,rconrad@example.org,Norfolk Island,2020-08-30,Standard,361.56
8315,Maureen Rose,william11@example.net,Holy See (Vatican City State),2020-07-18,Standard,1270.65
8316,John Ruiz,ramosshannon@example.com,Japan,2021-05-30,Standard,555.93
8317,Jessica Anderson DVM,brownlisa@example.com,Bosnia and Herzegovina,2024-11-04,Basic,396.05
8318,Dominique Strickland,wrightthomas@example.net,Saint Martin,2023-07-10,Basic,511.85
8319,Justin Rice,morrismaria@example.com,Mauritania,2022-08-17,Standard,1296.2
8320,Nathan Galvan,bwu@example.net,Afghanistan,2022-05-16,Standard,1527.93
8321,Joseph Sanchez,dmurphy@example.net,Kazakhstan,2024-11-08,Premium,6242.56
8322,Joseph Green,joel94@example.com,Isle of Man,2024-07-01,Standard,1962.56
8323,Carol Ross,mwise@example.com,Bhutan,2021-02-27,Premium,9505.77
8324,Melissa Rodriguez,amandamclean@example.org,Fiji,2024-03-03,Basic,180.85
8325,Shelley Newman,floresmatthew@example.org,Montserrat,2024-01-01,Basic,472.7
8326,Sarah Moore,rruiz@example.com,Benin,2020-08-10,Standard,2209.45
8327,Joseph Jacobs,brownjamie@example.org,Ecuador,2021-07-21,Standard,2112.03
8328,Victoria Bowers,emason@example.net,Latvia,2023-11-05,Standard,110.02
8329,Rachel Wade,ashleyallen@example.net,Azerbaijan,2023-06-23,Basic,483.7
8330,Joanne Kennedy,angela00@example.net,Norway,2023-11-14,Standard,2965.73
8331,Jason Lopez,anthony46@example.net,Hungary,2024-11-01,Premium,6738
8332,April Stephenson,butlerashley@example.org,Suriname,2023-10-28,Standard,2060.83
8333,Jacob Moore,ogonzalez@example.net,Estonia,2024-07-10,Premium,5392.21
8334,Matthew Baker,perkinsglenn@example.com,Swaziland,2023-01-30,Standard,1647.23
8335,Walter Frank,simpsonyolanda@example.org,Western Sahara,2024-01-01,Standard,354.71
8336,Mr. Philip Johnson PhD,rachel30@example.org,Peru,2021-01-08,Standard,2225.77
8337,Erin Charles,bcampbell@example.com,Marshall Islands,2021-06-02,Basic,604.57
8338,Ricardo Williams,christopherdeleon@example.net,French Polynesia,2021-12-02,Premium,7580.89
8339,Sara Martinez,robin50@example.org,Swaziland,2020-12-04,Standard,2244.87
8340,Frank Doyle,smithjonathan@example.net,Cyprus,2024-01-19,Basic,611.3
8341,Brittany Medina,milleraustin@example.net,Solomon Islands,2024-03-06,Premium,14437.1
8342,Susan Roman,lmayer@example.org,Liberia,2022-02-23,Standard,1275.24
8343,Meghan Coleman,tarmstrong@example.com,Germany,2023-08-19,Standard,1519.81
8344,Ashley Avila,ydyer@example.com,Cambodia,2023-12-20,Standard,781.75
8345,Robert Graham,vsanchez@example.net,Kiribati,2020-09-16,Basic,375.29
8346,Maria Aguilar,melissahopkins@example.org,Norfolk Island,2023-02-23,Standard,865.8
8347,Brian Mcdowell,drakewilliam@example.org,Denmark,2024-12-29,Standard,563.82
8348,Jimmy Escobar,garzajames@example.com,Jamaica,2021-11-29,Premium,14812.16
8349,Karen Ortiz,foxwilliam@example.org,Spain,2020-05-06,Premium,3016.4
8350,James Smith,santosshannon@example.org,Zambia,2023-03-21,Premium,11586.53
8351,Michael Mcclain,amber93@example.net,Brazil,2024-03-22,Basic,578.04
8352,Karen Nichols,josephstanley@example.com,Cote d'Ivoire,2023-01-04,Basic,467.59
8353,Clayton Holmes,gwendolyn59@example.net,Belize,2023-09-22,Basic,162.59
8354,Jesus Rodriguez,mperkins@example.net,Madagascar,2020-04-20,Premium,11646.79
8355,Jeff Meyer,brucemcdonald@example.net,Costa Rica,2020-07-26,Standard,2286.24
8356,Melinda Murphy,jesus01@example.org,Bulgaria,2023-10-10,Basic,12.17
8357,Robin Richards,iwong@example.com,Montserrat,2021-03-03,Standard,1373.47
8358,Jennifer Ashley,kylenichols@example.com,Norway,2024-01-11,Premium,10558.09
8359,Amanda Walker,reevesamanda@example.com,Bulgaria,2020-06-19,Basic,615.62
8360,Craig Hull,karen18@example.org,Sierra Leone,2021-05-12,Premium,14743.09
8361,,holtrichard@example.com,Ireland,2022-08-12,Premium,11870.87
8362,Sean Graham,qdiaz@example.org,Finland,2021-04-08,Basic,483.96
8363,Miguel Mayer,newmanjason@example.com,Ethiopia,2021-11-07,Standard,953.64
8364,Joanne Coleman,kevintran@example.com,Jersey,2021-05-13,Standard,2221.75
8365,Elizabeth Morris,vcalderon@example.net,Burkina Faso,2024-02-06,Standard,238.6
8366,David Mclean,dominguezchristine@example.org,Myanmar,2021-06-03,Basic,699.17
8367,Ms. Dana Garza,jacksonlauren@example.org,Morocco,2023-05-26,Premium,11497.87
8368,John Thompson,simpsonstephanie@example.net,Belarus,2022-12-12,Basic,482.58
8369,Jacob Li,jacobgutierrez@example.net,France,2020-02-13,Standard,2332.95
8370,Donna Taylor,ronaldolson@example.com,Liechtenstein,2022-08-01,Premium,966.27
8371,Tyler Rivera,sampsonashley@example.com,Zambia,2024-04-12,Standard,1919.66
8372,Denise Wolf,efernandez@example.org,Korea,2021-07-23,Standard,2837.53
8373,Amanda Jones,racheldavis@example.com,Bouvet Island (Bouvetoya),2024-03-18,Standard,2928.34
8374,Mr. Kevin Dudley,joseph28@example.org,Myanmar,2021-12-20,Standard,2290.32
8375,Todd Thompson,brendabarrett@example.com,Gibraltar,2022-04-27,Standard,1344.56
8376,Misty Nelson,kdodson@example.org,Argentina,2022-06-04,Standard,475.38
8377,William Davis,herreraoscar@example.net,Cocos (Keeling) Islands,2023-03-06,Basic,41.88
8378,David Walters,zlittle@example.net,Liberia,2023-01-28,Basic,343.26
8379,Christina Bentley,beckypierce@example.net,Guam,2024-05-26,Standard,2873.23
8380,Amber Shaw,shelly94@example.net,Cocos (Keeling) Islands,2021-03-10,Standard,1153.47
8381,Roger Fleming,jonesallison@example.org,Tajikistan,2021-04-17,Standard,1188.93
8382,Derrick Hayes,hendersonkaren@example.net,Croatia,2022-06-12,Standard,497.91
8383,Deborah Allen,johnsonhannah@example.org,Luxembourg,2022-11-07,Premium,11795.48
8384,Tara Gonzales,hartbenjamin@example.org,Burundi,2021-10-06,Standard,1901.47
8385,James Parker,julian49@example.net,Greece,2021-09-17,Premium,12398.27
8386,Lisa Campos DDS,loribrown@example.org,Barbados,2022-03-10,Standard,112.03
8387,Jack Carter,markkelley@example.com,Bermuda,2020-12-18,Basic,47.63
8388,John Washington,francojessica@example.org,Congo,2024-02-19,Standard,2623.79
8389,,dorothyallen@example.net,Chile,2024-05-14,Standard,2475.59
8390,Susan Colon,grosschristopher@example.net,Liechtenstein,2024-09-27,Standard,156.82
8391,Matthew Williams,wking@example.org,Hungary,2022-02-02,Standard,2503.51
8392,Steven Mccoy,garywalker@example.com,Hungary,2022-08-19,Standard,1680.55
8393,Nicholas Jefferson,nicholas29@example.com,Falkland Islands (Malvinas),2020-06-24,Standard,1465.02
8394,Donna Olson,ericcoleman@example.com,Canada,2021-10-19,Basic,64.56
8395,Danielle Sanchez,julie26@example.org,Sierra Leone,2020-11-09,Premium,903.78
8396,Melissa Robinson,edwardgriffin@example.com,Bolivia,2022-06-25,Standard,1967.93
8397,Dr. Zachary Gomez II,emily17@example.org,Anguilla,2023-02-26,Standard,654.89
8398,Renee Pham,simonzachary@example.org,Saint Barthelemy,2021-12-14,Basic,13.91
8399,Michelle Pineda,jessica24@example.org,Sudan,2020-09-03,Basic,445.06
8400,Linda Zavala,lisa75@example.org,Burundi,2024-08-11,Basic,517.56
8401,Katie Hernandez,briannatate@example.net,Mexico,2023-09-28,Standard,1917.11
8402,Alexander Mccormick,cherylrussell@example.com,Martinique,2023-11-24,Premium,6490.01
8403,Bradley Ayers,joseph94@example.com,Faroe Islands,2021-11-28,Standard,832.3
8404,Brenda Forbes,fmorse@example.org,Japan,2023-02-20,Basic,449.08
8405,Carla Hall,amanda37@example.net,Guinea,2022-10-28,Basic,733.94
8406,Michael Little,travispeterson@example.org,Nepal,2021-01-10,Basic,407.65
8407,Steven Rodriguez,hrivera@example.org,Tokelau,2023-03-09,Premium,9774.67
8408,Darlene Hurley,wwallace@example.com,Antigua and Barbuda,2021-03-03,Basic,72.26
8409,Brian Dillon,warddebbie@example.net,Mauritius,2023-11-16,Basic,692.77
8410,David Leach,michaeljackson@example.net,Palau,2022-03-03,Standard,2326.79
8411,Gabrielle Martinez,kathryn41@example.org,Romania,2021-09-03,Standard,1464.75
8412,Monica Miller,scottunderwood@example.org,Anguilla,2023-07-09,Standard,1395.95
8413,Madison Anderson,millersherri@example.org,Svalbard & Jan Mayen Islands,2022-10-04,Standard,1840.11
8414,Carrie Martinez,champton@example.com,Mauritania,2020-01-21,Standard,1773.32
8415,William Hays,afisher@example.com,Andorra,2021-10-18,Premium,2487.13
8416,Valerie Roman,mlang@example.net,New Zealand,2020-01-10,Basic,9.95
8417,Jody Finley,johnstoncolleen@example.com,Montserrat,2024-08-24,Basic,3.08
8418,Angela Cordova,christinefox@example.net,Pakistan,2021-04-07,Basic,333.9
8419,Scott Flores,dustinramos@example.org,Brunei Darussalam,2020-10-27,Standard,1367.54
8420,Jasmine Roberts,brianhowe@example.org,Saint Kitts and Nevis,2022-05-20,Premium,3391.14
8421,Alexis Foster,kimberly32@example.org,Netherlands Antilles,2023-12-11,Standard,2460.87
8422,Jenna Massey,petersendoris@example.com,Hong Kong,2022-08-14,Basic,232.97
8423,Michael Rodriguez,morganvirginia@example.com,French Polynesia,2024-10-04,Standard,1674.19
8424,Patricia Short,mrobles@example.org,Congo,2021-07-25,Basic,187
8425,Paula Ho,bhoffman@example.net,Andorra,2023-03-10,Standard,1412.07
8426,Adrian Campbell,gonzalezethan@example.org,Samoa,2021-09-09,Standard,1220.28
8427,Joseph Barton,michele39@example.org,Cook Islands,2021-05-13,Basic,679.19
8428,Debra Stevens,ibarramargaret@example.com,Croatia,2024-02-03,Standard,1268.35
8429,Kendra Keller,craigmartin@example.net,Algeria,2021-05-05,Basic,765.52
8430,Shawn Nelson,johnfisher@example.com,Antigua and Barbuda,2022-03-29,Standard,1558.95
8431,Alisha Montes,jhernandez@example.net,Norfolk Island,2022-07-25,Premium,11560.64
8432,Michelle Jackson,meghanroth@example.org,Armenia,2024-12-19,Premium,4331.37
8433,Ivan Garcia,vkaufman@example.net,Liechtenstein,2021-05-12,Basic,127.25
8434,Elizabeth Olson,campbellemily@example.org,Reunion,2021-02-22,Standard,2437.82
8435,Jeffrey Foley,zbass@example.com,Paraguay,2022-08-23,Basic,540.63
8436,Ashley Johnson,matthew19@example.net,Togo,2021-07-14,Basic,432.11
8437,Michelle Ramirez,robinreyes@example.net,Sri Lanka,2022-11-04,Standard,2277.37
8438,John Green,lrowe@example.net,Philippines,2024-02-18,Basic,51
8439,John Gray,jamesweiss@example.com,United States of America,2022-04-17,Basic,416.08
8440,Amanda Bates,lisa48@example.org,Belize,2021-09-10,Premium,12152.76
8441,Thomas Leon DDS,julie36@example.org,South Georgia and the South Sandwich Islands,2023-05-18,Basic,439.52
8442,Jennifer Graham DDS,stevenhernandez@example.net,Germany,2023-07-28,Standard,2444.29
8443,Mr. Joseph Powell,wallaceantonio@example.org,Solomon Islands,2024-12-14,Standard,261.41
8444,Kristin Garcia,ashleycolon@example.net,Mali,2022-03-05,Standard,2624.55
8445,William Clark,ericadickerson@example.com,Marshall Islands,2023-06-08,Basic,646.72
8446,Daniel Jarvis,dianeperez@example.com,United States of America,2022-08-20,Premium,6185.18
8447,Brianna Turner,martinezcynthia@example.org,Congo,2024-01-19,Standard,1060.17
8448,Heidi Carson,kari76@example.org,Saint Lucia,2022-12-11,Standard,1287.77
8449,Ashley Little,tonya74@example.org,Gabon,2023-02-01,Premium,11253.25
8450,Alfred Collins,helenbradley@example.org,Romania,2020-09-26,Basic,224.23
8451,Larry Green,aarroyo@example.org,Sweden,2023-01-01,Basic,283.35
8452,Mary Simon,jcarter@example.com,Bouvet Island (Bouvetoya),2021-07-05,Premium,6765.83
8453,Ashley Serrano,talvarado@example.net,Japan,2021-05-03,Premium,10400.7
8454,Douglas Frye,jmorse@example.com,Solomon Islands,2022-11-18,Basic,540.55
8455,Joy Simmons,belliott@example.com,Netherlands Antilles,2024-04-04,Premium,7487.41
8456,Margaret Williams,thomaseverett@example.net,French Southern Territories,2022-02-13,Premium,2534.65
8457,William Ramirez,martincarter@example.com,Lao People's Democratic Republic,2024-04-09,Basic,701.65
8458,Edward Shepherd,billyrodriguez@example.com,Panama,2022-08-10,Basic,368.36
8459,David Frost,tarafigueroa@example.net,Belarus,2022-10-29,Standard,551.77
8460,Carl Baker,fryrobert@example.com,Denmark,2024-09-09,Standard,2237.04
8461,Emily Jones,vfields@example.com,Burkina Faso,2020-01-20,Basic,545.22
8462,Johnny Armstrong,paigeroman@example.org,Cameroon,2023-07-17,Standard,2022.29
8463,Amber Johnson,jamesknapp@example.com,Kyrgyz Republic,2022-03-20,Standard,2252.15
8464,Alicia Johnson,andersonchristopher@example.com,Turkmenistan,2020-02-10,Basic,399.75
8465,David Daniels,foleycheryl@example.com,Guadeloupe,2023-11-19,Standard,247.53
8466,Robert Bass,mgonzalez@example.net,Haiti,2022-08-15,Standard,646.31
8467,Patrick Brown,ucole@example.com,Faroe Islands,2022-01-26,Standard,1015.03
8468,Jessica Fields,ortegatheresa@example.net,Italy,2024-07-22,Standard,1242.25
8469,James Miller,qflores@example.com,Tajikistan,2021-02-22,Standard,1933.35
8470,Andrew Martin,hartmandavid@example.org,Dominica,2020-12-11,Standard,2248.03
8471,Jessica Solis,xsalinas@example.org,Albania,2020-04-07,Standard,1729.98
8472,Glenda Gaines,russellcarla@example.com,Niue,2024-08-10,Basic,220.5
8473,David Clark,lopezpaige@example.com,Yemen,2022-07-08,Standard,871.72
8474,Cheryl Pugh,russellstuart@example.org,Albania,2020-05-09,Premium,9466.29
8475,William Brown,sotoantonio@example.org,Latvia,2020-08-25,Standard,329.67
8476,James Wilcox,allenryan@example.net,Norway,2024-11-14,Standard,1226.26
8477,Alan Espinoza,adamspatrick@example.com,Angola,2023-04-16,Basic,459.66
8478,George Blake,silvajoshua@example.org,Falkland Islands (Malvinas),2023-05-04,Standard,1989.91
8479,Michael Jones,nmiller@example.org,Colombia,2020-09-11,Standard,874.41
8480,Jessica Hale,samantha74@example.org,Niger,2022-04-26,Basic,386.2
8481,Michelle Osborn,boydstephanie@example.org,Jordan,2021-08-10,Premium,10784.81
8482,David Hall,perkinschristopher@example.com,Turkey,2021-11-28,Premium,2988.56
8483,Susan Knight,sanchezrachael@example.org,Egypt,2020-06-16,Basic,767.25
8484,Eddie Leon,amandaadams@example.org,Comoros,2022-06-25,Standard,1642.2
8485,Peter Scott,lisa81@example.com,Gabon,2022-07-08,Basic,748.68
8486,Denise Lozano,nancy86@example.net,Brazil,2021-03-09,Basic,195.33
8487,Timothy Rodriguez,powens@example.org,Norfolk Island,2020-06-09,Basic,87.63
8488,Dr. David Davis,hendersonelizabeth@example.net,Bolivia,2023-10-04,Premium,12855.3
8489,Jeffrey Brown,moorechristina@example.net,Chad,2021-04-07,Basic,315.34
8490,Deborah Pierce,mfreeman@example.com,Suriname,2020-11-25,Basic,772.5
8491,William Shaffer,whitedaniel@example.net,Samoa,2024-11-11,Standard,865.59
8492,Jeremy Ingram,pturner@example.com,Albania,2022-11-24,Basic,0.5
8493,Melissa Ortiz,millermatthew@example.org,Cambodia,2021-11-30,Standard,896.3
8494,Jason Cook,caleb51@example.com,Somalia,2020-01-13,Basic,421.48
8495,Brandy Hardy,thompsonrebecca@example.com,Christmas Island,2024-10-03,Standard,2773.46
8496,Robin Morse,victor69@example.com,Mali,2022-06-04,Standard,2315.87
8497,Bryan Henderson,lawsonrachel@example.net,Angola,2023-12-01,Premium,7920.78
8498,Deborah Bennett,gina00@example.net,Northern Mariana Islands,2024-08-16,Basic,357.33
8499,Tara Cole,cherylgriffin@example.com,British Virgin Islands,2023-11-26,Standard,1179.22
8500,Brian White,spencemichael@example.net,Vietnam,2022-10-31,Premium,3556.77
8501,Doris Silva,stephanieschultz@example.net,Vanuatu,2022-05-12,Premium,10367.71
8502,Mark Saunders,christopherwalker@example.net,Gabon,2024-03-08,Basic,260.53
8503,Jessica Owens,ballernest@example.com,Western Sahara,2024-06-24,Premium,3768.99
8504,Bethany Bernard,amycooper@example.org,Chad,2022-03-26,Standard,1732.23
8505,Colleen Lynn,savannah31@example.org,Guyana,2021-02-15,Standard,2639.17
8506,Emily Roth,christianatkins@example.org,Andorra,2021-10-16,Standard,1632.25
8507,Andrew Petersen,monica43@example.net,Chad,2023-06-25,Standard,2273.9
8508,Destiny Skinner,noblemary@example.net,Senegal,2022-01-22,Standard,2724.79
8509,Kimberly Horton,james07@example.com,Montserrat,2022-02-22,Basic,395.93
8510,Deborah Esparza,rperry@example.org,Kenya,2024-02-02,Basic,285.15
8511,Shawn Richards,whitakercraig@example.net,Turkey,2022-07-24,Standard,2468.92
8512,Dr. Jason Houston,dylanduncan@example.com,Azerbaijan,2023-04-24,Standard,2938.05
8513,James Cameron,millerrobert@example.org,Vietnam,2022-06-29,Standard,2037.9
8514,Dana Jackson,briggssteven@example.com,Niue,2022-04-15,Basic,234.48
8515,Michelle Gibson,charlesmcconnell@example.net,Niger,2024-05-03,Standard,833.87
8516,Jessica Knox MD,beckronald@example.com,Djibouti,2020-06-08,Standard,142.02
8517,Steven Johnson,ryanpreston@example.org,Isle of Man,2024-06-29,Basic,298.52
8518,Chad Ellis,jim99@example.com,Eritrea,2022-07-19,Premium,10334.98
8519,Meghan Hale,edavis@example.net,Ireland,2020-10-24,Standard,586.81
8520,Ashley Ramirez,denisewilson@example.com,Morocco,2023-01-29,Premium,10270.41
8521,Timothy Williams,kocherica@example.com,New Caledonia,2020-10-05,Standard,117.26
8522,Taylor Adams,gmorales@example.com,Swaziland,2020-12-08,Standard,2913.56
8523,Caleb Nichols,bradforderic@example.com,Djibouti,2022-09-27,Basic,273.4
8524,Thomas Kim,michael71@example.net,Guadeloupe,2020-02-19,Standard,1948.78
8525,Mrs. Carmen Williams,chad38@example.com,Sudan,2021-11-01,Premium,6027.53
8526,John Villegas,deborahhernandez@example.com,Chile,2021-11-07,Basic,578.18
8527,Kevin Klein,wdunlap@example.net,Puerto Rico,2023-05-16,Basic,414.7
8528,Christopher Wilson,charles00@example.net,Netherlands Antilles,2023-01-05,Standard,2670.32
8529,Ashley Weber,tonyabriggs@example.net,Vanuatu,2024-11-27,Basic,375.81
8530,Anna Sutton,smithnicole@example.net,Anguilla,2020-07-16,Standard,793.29
8531,Sean Miller,martinsharon@example.com,Saint Barthelemy,2020-07-29,Standard,2939.2
8532,Michael Hall,mfranklin@example.com,Czech Republic,2020-03-08,Premium,11143.39
8533,Elizabeth Wright,michelle81@example.net,Israel,2020-04-04,Premium,6335.3
8534,Ronald Snow,smithmichelle@example.org,India,2021-01-29,Basic,180.82
8535,Richard Fleming,timothy08@example.org,Greenland,2023-12-20,Basic,280.36
8536,Joshua Cantrell,shepardkristina@example.com,Turkey,2023-06-05,Standard,2767.6
8537,Courtney Wise,robertroberts@example.net,Gabon,2021-11-02,Premium,5572.48
8538,Steven Davenport,shane31@example.org,Tuvalu,2021-01-14,Basic,745.45
8539,Chad Ortiz,mfriedman@example.net,Kenya,2021-05-06,Premium,4750.97
8540,Todd Wells,rdonovan@example.net,Nepal,2024-06-04,Standard,1500.9
8541,Casey Watson,christineshelton@example.com,Cook Islands,2021-03-20,Premium,10224.2
8542,Sabrina Bradley,shannon01@example.net,Uruguay,2024-06-02,Premium,9740.56
8543,Felicia Lucas,sfox@example.net,Suriname,2023-03-21,Standard,2770.85
8544,Robert Ward,melanie28@example.org,Taiwan,2023-04-21,Basic,413.74
8545,Sharon Hernandez,lidevon@example.org,Mali,2020-12-02,Standard,1470.9
8546,Sue Le,fernandonovak@example.net,Finland,2020-11-28,Standard,2213.78
8547,Jeremiah Waller,tonya10@example.org,Taiwan,2020-02-27,Basic,250.61
8548,Danielle Evans,elizabeth90@example.org,Turkey,2022-06-18,Standard,2032.36
8549,Amanda Ramos,qpetersen@example.net,North Macedonia,2020-08-29,Basic,770.26
8550,Latoya Mcintosh,donaldknight@example.org,Bouvet Island (Bouvetoya),2022-04-02,Standard,1121.21
8551,Mike Tanner,zjohnson@example.org,Tuvalu,2021-06-20,Standard,1709.71
8552,Austin Mullins,lauragriffith@example.net,Moldova,2023-08-03,Standard,324.94
8553,Julie Thomas,ynelson@example.com,New Caledonia,2023-03-08,Basic,23.33
8554,Aaron Macdonald,davidcannon@example.com,Tajikistan,2022-05-08,Basic,631.87
8555,Angel Willis,timothyfloyd@example.net,Spain,2024-11-23,Basic,40.41
8556,Patrick Santos,iroberts@example.com,Zambia,2023-09-03,Premium,7745.57
8557,Jacob Ramos,xlee@example.net,Timor-Leste,2022-06-26,Standard,925.45
8558,Cheryl Miller,michaelchandler@example.org,Germany,2024-10-22,Basic,723.44
8559,Julie Flores,larry31@example.org,Central African Republic,2021-10-30,Standard,119.15
8560,Ashley Reese,amiller@example.net,Colombia,2020-10-03,Basic,424.42
8561,David Stanley,cindyjohnson@example.com,Jersey,2022-06-13,Standard,2649.75
8562,Joseph Carter,cproctor@example.com,Burkina Faso,2021-03-13,Standard,2054.37
8563,Ricardo Spears,changdaniel@example.com,Nigeria,2022-09-22,Basic,538.62
8564,Karen Harrington,bmcfarland@example.net,South Georgia and the South Sandwich Islands,2023-06-08,Standard,2068.98
8565,Brad Fitzpatrick,tracyhorton@example.org,Guinea-Bissau,2024-03-15,Standard,2042.67
8566,Carla Morris,owensjessica@example.org,Saudi Arabia,2023-09-26,Standard,2519.4
8567,Samuel Serrano,austinbrown@example.com,Tajikistan,2023-06-23,Basic,280.55
8568,Christopher Jackson,fhart@example.org,Somalia,2022-10-16,Standard,1453.86
8569,Alexander Perez,zhughes@example.net,Romania,2020-08-27,Standard,1064.27
8570,Steven Lane,mbuchanan@example.com,Malta,2022-03-15,Basic,332.37
8571,Christopher James,toddcaleb@example.net,China,2021-06-05,Standard,422.31
8572,Michael Carpenter,brownjason@example.org,United States Minor Outlying Islands,2021-12-04,Basic,664.44
8573,Robert Hayes,christophergomez@example.net,South Georgia and the South Sandwich Islands,2020-12-04,Basic,270.03
8574,Matthew Smith,dwebster@example.org,Botswana,2023-10-14,Standard,2840.88
8575,Karen Decker,angelagreen@example.com,Libyan Arab Jamahiriya,2020-12-26,Basic,685.38
8576,Nancy Summers,albert48@example.com,Uzbekistan,2024-09-30,Standard,185.18
8577,Mrs. Alicia Rodriguez,ehunt@example.org,Latvia,2023-04-12,Premium,7131.38
8578,Devin Montgomery,swebb@example.net,Haiti,2021-11-09,Standard,2184.28
8579,Shannon Franklin,katherinekent@example.com,Moldova,2022-07-04,Standard,2067.3
8580,Valerie Thomas,caitlin33@example.net,Mongolia,2023-03-05,Premium,11624.59
8581,Angela Henry,robertfisher@example.com,Cayman Islands,2021-02-05,Standard,1699.37
8582,Barry Browning,jasminemyers@example.org,Namibia,2024-09-28,Standard,2721.72
8583,Misty Rose,timothystewart@example.net,United States Minor Outlying Islands,2022-10-10,Standard,1079.98
8584,Lawrence Robles,tiffanypatterson@example.net,Niue,2024-01-28,Premium,12298.22
8585,Todd Moore,wanda26@example.net,Israel,2022-04-28,Basic,127.01
8586,Jessica Johnson,sandra35@example.net,Burundi,2020-08-02,Standard,2977.9
8587,Mr. Derek Campbell,uthomas@example.com,Iran,2022-03-04,Premium,7178.96
8588,John Reeves,aimee05@example.com,El Salvador,2022-02-22,Standard,2857.99
8589,Autumn Miller MD,xlong@example.org,Saint Kitts and Nevis,2024-10-26,Standard,787.2
8590,Michael Crawford,matthew35@example.com,Albania,2021-10-23,Standard,325.68
8591,Amy Sandoval,moralescharles@example.com,Niue,2023-07-20,Standard,679.1
8592,Kevin Mcgee,woodwarddarlene@example.org,Pitcairn Islands,2022-08-12,Premium,1439.69
8593,Jessica Petty,vmorris@example.net,Taiwan,2023-08-11,Basic,262.88
8594,Christine Blevins,rachael24@example.org,Honduras,2024-01-25,Standard,1780.23
8595,Kellie Lynn,brooke45@example.net,Liberia,2022-08-24,Premium,7830.95
8596,Amy Thomas,ruizlaura@example.org,San Marino,2020-07-10,Basic,505.47
8597,Eric Figueroa,tcole@example.org,Holy See (Vatican City State),2023-05-01,Standard,1078.7
8598,Kathleen Flores,justinjohnson@example.net,Lithuania,2022-04-01,Standard,1001.77
8599,Sara Stewart,vanessa07@example.com,Liechtenstein,2022-03-11,Standard,435.5
8600,Deanna Lane,michellearmstrong@example.org,Gabon,2020-07-18,Standard,1537.52
8601,Barbara Long,melaniebaldwin@example.org,Togo,2020-10-25,Standard,748.01
8602,Craig Diaz,christian16@example.org,Australia,2020-09-10,Premium,2889.86
8603,Michelle Hernandez,regina67@example.net,Niger,2022-05-30,Standard,1404.18
8604,James Turner,rachel17@example.net,Palestinian Territory,2024-01-06,Basic,442.07
8605,Eric Byrd,medinajanet@example.com,Guyana,2024-06-06,Standard,1249.52
8606,Marie Hansen,evanschloe@example.net,Sweden,2022-12-01,Standard,965.45
8607,Melissa Abbott,lorettajames@example.com,Sao Tome and Principe,2023-06-04,Standard,1650.99
8608,Donald Davis,jenniferkennedy@example.com,American Samoa,2021-11-29,Basic,286.86
8609,Debra Mcintosh,ryanannette@example.net,Bahrain,2021-08-14,Standard,2749.69
8610,Lance King,romeroricky@example.net,Saint Martin,2020-09-06,Premium,11119.89
8611,Rebekah Hall,cynthia14@example.org,Lao People's Democratic Republic,2022-01-16,Premium,13632.65
8612,Daniel Miller,acostasarah@example.org,Canada,2020-05-01,Basic,136.37
8613,Matthew Cabrera,stephanielewis@example.org,Saint Helena,2024-08-27,Standard,602.33
8614,Mrs. Sharon Perry,stephaniewilliams@example.net,Uganda,2020-06-27,Premium,14028.99
8615,Jason Blake,kirbykaren@example.org,Russian Federation,2021-03-14,Premium,11911.38
8616,Joshua Pope,joneschris@example.org,North Macedonia,2021-02-08,Standard,1964.81
8617,Brandon Johnson,vrich@example.com,Tunisia,2023-01-27,Standard,1160.22
8618,Michelle Ford,flambert@example.net,Faroe Islands,2022-08-04,Standard,369.51
8619,Anthony Lowery,morganherrera@example.com,French Guiana,2022-01-07,Premium,6224.33
8620,Katie Dixon,zimmermanjohnny@example.net,Puerto Rico,2023-07-22,Basic,427.99
8621,James Rogers,montesjoyce@example.com,Switzerland,2023-09-08,Basic,620.75
8622,Patrick Hill,delacruztodd@example.net,Botswana,2020-04-04,Standard,2107.59
8623,Christopher Jones,angelica63@example.com,Jamaica,2022-09-10,Premium,7696.46
8624,Casey Stewart,samantha59@example.net,Turkmenistan,2022-08-25,Standard,1077.39
8625,Patricia Glass,zmurphy@example.org,Togo,2023-11-06,Standard,298.55
8626,Shannon Hines,morrowmichael@example.org,Malta,2021-09-17,Premium,10457.35
8627,Diane Mullen,christyjohnson@example.net,Benin,2021-04-01,Standard,104.11
8628,Jessica Marquez,rthompson@example.org,Mongolia,2020-03-23,Basic,24.78
8629,Monica Wilkerson,laura00@example.org,Lithuania,2023-06-20,Standard,1753.57
8630,Mark Armstrong,davidhernandez@example.org,Niger,2021-01-06,Basic,544.93
8631,Lucas Hunt,sjohnson@example.net,Luxembourg,2022-07-17,Standard,1285.05
8632,Michael West,coxkristi@example.com,Hungary,2022-02-07,Standard,1772.68
8633,Michael Johnston,tyler46@example.net,Nicaragua,2023-10-28,Premium,-41.62
8634,Douglas Rogers,christine09@example.com,British Indian Ocean Territory (Chagos Archipelago),2022-12-26,Standard,2475.36
8635,Krista Cameron,candace05@example.com,Andorra,2020-04-01,Premium,12740.51
8636,Samantha Price,iduran@example.net,Puerto Rico,2024-02-13,Standard,2651.51
8637,Brent Hall,melissa08@example.com,Sudan,2020-08-10,Standard,1825.98
8638,Darrell Charles,joshuawebb@example.com,Italy,2022-10-11,Standard,2208.96
8639,Nichole Spencer,bdennis@example.com,Benin,2027-01-01,Standard,1145.34
8640,Anthony Hinton,,Nicaragua,2020-12-29,Premium,13733.47
8641,Kathleen Thompson,michael57@example.org,Wallis and Futuna,2020-06-12,Standard,250.18
8642,Dale Campbell,gonzalesnicole@example.net,Australia,2022-08-13,Basic,324.45
8643,Matthew Sampson,coconnell@example.com,Turkmenistan,2022-04-10,Premium,5666.16
8644,Marissa Maynard,mary43@example.net,Libyan Arab Jamahiriya,2020-10-20,Standard,1680.43
8645,James Jordan,vyoder@example.org,Mongolia,2022-10-28,Standard,1522.36
8646,Stephanie Crosby,ygriffith@example.net,Pakistan,2022-07-11,Standard,153.18
8647,Tammy King,maddoxlindsay@example.org,Guinea-Bissau,2023-08-15,Standard,183.99
8648,Richard Santos,sharon64@example.org,Romania,2022-03-24,Standard,1274.1
8649,Tyler Reed,potterrichard@example.com,Heard Island and McDonald Islands,2024-03-08,Standard,465.12
8650,Jorge Cruz,stephenmorgan@example.org,United States Virgin Islands,2023-03-28,Standard,2758.64
8651,Amanda Perkins,patriciamoore@example.org,Bermuda,2020-08-21,Standard,731.04
8652,Bryan Bell,royhenry@example.org,Russian Federation,2023-02-25,Basic,315.27
8653,Mr. Christopher Jones,robertlane@example.com,Armenia,2023-04-23,Basic,17.65
8654,Sean Harvey,craig10@example.org,Norfolk Island,2020-06-26,Premium,13779.99
8655,Kimberly Carrillo,mlee@example.com,Bolivia,2023-03-11,Standard,2360.97
8656,Adam Flynn,nicholas74@example.com,Egypt,2023-05-18,Standard,1904.3
8657,Nathan Johnson,jking@example.org,Haiti,2021-02-02,Premium,13490.82
8658,Jordan Cox,bryceharvey@example.org,French Southern Territories,2024-07-14,Standard,268.66
8659,Oscar Weaver,collinsmary@example.org,Ecuador,2020-03-17,Standard,1247.79
8660,Miguel Garcia,ryan22@example.com,Heard Island and McDonald Islands,2020-12-12,Standard,1089.16
8661,Shelby Porter,theresasmith@example.com,Falkland Islands (Malvinas),2024-12-27,Standard,872.94
8662,Brian Craig,qmartin@example.net,Libyan Arab Jamahiriya,2022-08-18,Standard,2412.63
8663,Chelsea Anderson,marcus81@example.org,Serbia,2023-05-17,Basic,633.21
8664,Belinda Burton,raguirre@example.net,American Samoa,2020-01-14,Basic,314.7
8665,Sheena Trujillo,rojasangela@example.org,Saint Pierre and Miquelon,2023-03-24,Premium,12782.43
8666,Nicholas Williams,xthomas@example.net,Benin,2020-01-10,Standard,1395.59
8667,Deborah Pope,sestes@example.com,South Africa,2020-06-16,Standard,2647.5
8668,Antonio King,dawnmccann@example.net,Central African Republic,2023-08-17,Standard,199.51
8669,Micheal Butler,jeffreyramos@example.com,North Macedonia,2021-06-06,Standard,444.79
8670,Michael Powers,suarezjeffrey@example.net,Ukraine,2021-04-23,Basic,78.41
8671,John Valdez,isaac32@example.com,Cook Islands,2020-03-11,Premium,12180.76
8672,Karen Phillips,ericjenkins@example.com,Bahrain,2024-09-23,Standard,-379.59
8673,Joshua Allen,david54@example.net,Peru,2023-01-20,Basic,735.56
8674,James Morris,wesleycox@example.com,Guernsey,2023-06-09,Premium,3701.8
8675,Gina Duncan,grossmegan@example.net,Mongolia,2020-06-28,Premium,12449.57
8676,Amy Galvan,qstevens@example.com,Samoa,2020-01-26,Basic,578.16
8677,Hannah Glenn,jason91@example.org,Sao Tome and Principe,2024-06-02,Basic,391.72
8678,Sara Walker,trujillolori@example.org,Saint Pierre and Miquelon,2020-10-19,Standard,565.26
8679,Angela Lopez,wgarcia@example.net,Uganda,2023-05-13,Basic,518.06
8680,Charles Dougherty,rclark@example.org,Northern Mariana Islands,2023-01-05,Standard,902.38
8681,Ricky Bates,jefferydavis@example.com,Greece,2023-01-22,Premium,7367.15
8682,Brenda Mason,riddlerebecca@example.com,Spain,2023-11-27,Standard,2148.44
8683,Shelly Payne,ajones@example.com,Equatorial Guinea,2024-02-21,Basic,360.61
8684,Amanda Logan,brownsarah@example.com,Isle of Man,2023-03-14,Basic,234.17
8685,Troy Jones,christylynn@example.com,Cape Verde,2024-12-10,Standard,2263.24
8686,Shawn Townsend,paulayala@example.net,Guernsey,2021-01-08,Premium,9808.18
8687,Michael Jordan,heather92@example.org,Guyana,2021-10-05,Basic,773.68
8688,Justin Cox,jwinters@example.com,Kyrgyz Republic,2021-05-28,Standard,2449.98
8689,Jennifer Stanley,meltonrachel@example.org,Israel,2023-06-30,Premium,2857.17
8690,Holly Clark,billaustin@example.com,Israel,2020-08-19,Basic,435.24
8691,William Tanner,kristina70@example.org,Burkina Faso,2020-07-07,Standard,2896.58
8692,Alexandria Pierce,alvarezsharon@example.net,Malaysia,2020-07-06,Standard,1950.27
8693,Charles Martinez,william99@example.org,Turkmenistan,2023-01-04,Premium,6930.54
8694,Jose Cook,qwagner@example.com,Costa Rica,2020-04-30,Premium,3718.54
8695,Zachary Hall,slozano@example.com,Kazakhstan,2022-03-04,Basic,197.62
8696,Adam Lopez,mpreston@example.com,Mongolia,2022-06-15,Standard,2512.21
8697,Teresa Short,harrisscott@example.org,Russian Federation,2022-11-30,Premium,13645.38
8698,Tammy Ray,cfigueroa@example.org,Colombia,2023-08-10,Standard,674.08
8699,George Fox,jamesjensen@example.net,Saint Vincent and the Grenadines,2022-09-29,Premium,12179.26
8700,Andrew Weaver,brandon26@example.org,Nigeria,2021-12-05,Premium,5920.78
8701,David Edwards,nelsonmelissa@example.com,Kazakhstan,2024-01-01,Standard,2959.51
8702,Elaine Hudson,david83@example.com,Malaysia,2021-11-23,Standard,2335.5
8703,Abigail Carpenter,willisjames@example.org,Kazakhstan,2023-07-17,Standard,1280.22
8704,Dominique Hardy,alvarezmichael@example.com,Bulgaria,2024-04-21,Standard,1799.16
8705,Sandy Hall,simskathryn@example.com,Gibraltar,2023-01-29,Standard,1405.85
8706,Frank Santana,brentjohnston@example.com,Uzbekistan,2022-04-03,Standard,470.33
8707,Nicholas Booth,batesthomas@example.net,Lebanon,2023-04-21,Premium,6162.87
8708,Cristian Shields,nicolewilson@example.net,Guadeloupe,2024-03-18,Premium,8936.45
8709,Kathryn Clark,mclark@example.net,Tonga,2022-02-20,Premium,11715.42
8710,Kayla Cooper,rmarshall@example.org,Norfolk Island,2024-04-14,Standard,674.89
8711,Edgar Cohen,johntaylor@example.net,Poland,2022-06-06,Basic,396.58
8712,Tara Gonzales,adam09@example.com,Rwanda,2023-02-04,Premium,4272.21
8713,Vanessa Brown,craigpeter@example.net,Norway,2021-10-17,Basic,503.83
8714,Andrea Mcpherson,richardsnorma@example.com,Central African Republic,2020-03-15,Basic,623.88
8715,Joan Gonzalez,griffinpeter@example.net,Saint Lucia,2021-07-13,Premium,5647.26
8716,Dan Villegas,paul10@example.net,Korea,2024-09-16,Premium,6288.65
8717,Nina Jackson,qatkinson@example.net,British Virgin Islands,2023-09-11,Premium,14776.93
8718,Gabriel Dillon,jeffreygreene@example.com,Saint Barthelemy,2020-10-24,Premium,12819.01
8719,Andrew Weber,stephanie18@example.com,Israel,2022-05-02,Standard,1536.51
8720,Cynthia Orr,danieljimenez@example.net,Australia,2024-10-15,Premium,3541.83
8721,Jesse Mccall,darlene09@example.net,Equatorial Guinea,2024-03-21,Basic,297.67
8722,Logan Howard,gonzaleztracy@example.com,Haiti,2022-11-13,Standard,1108.81
8723,Kyle Walters,michaelparrish@example.net,Angola,2021-03-10,Basic,58.52
8724,Susan Lucas,castanedajames@example.net,Bulgaria,2020-05-30,Basic,303.04
8725,Brittney Allen,bentleyjamie@example.com,Madagascar,2020-01-05,Standard,2196.77
8726,Cynthia Crawford,jbuchanan@example.net,New Caledonia,2024-08-19,Basic,608.45
8727,Nicholas Garcia,debbie79@example.net,Panama,2020-08-31,Basic,587.62
8728,Sarah Martin,kimberlywilson@example.com,Antarctica (the territory South of 60 deg S),2021-03-04,Standard,1278.33
8729,Amber Marquez,erikacraig@example.com,Dominican Republic,2023-05-12,Premium,6224.8
8730,Angela Miller,trevinojessica@example.com,Cote d'Ivoire,2020-04-18,Standard,480.64
8731,Wendy Shaffer PhD,martinmegan@example.org,Lao People's Democratic Republic,2024-07-08,Standard,2536.85
8732,Kimberly Garcia,johnrobinson@example.com,Equatorial Guinea,2024-04-08,Standard,933.66
8733,Charles Quinn,adkinserin@example.net,Bouvet Island (Bouvetoya),2020-07-27,Standard,1154.9
8734,Cassandra Rodriguez,stephanie76@example.com,Pakistan,2023-01-22,Standard,547.26
8735,Jeffrey Smith,ortizmichelle@example.org,Philippines,2021-06-01,Basic,608.09
8736,Drew Miller,bennettdavid@example.com,Turkey,2023-04-01,Standard,2346.7
8737,Anthony Kaiser,marc82@example.org,Anguilla,2021-07-04,Standard,1586.48
8738,Dawn Brown,kristinking@example.org,Honduras,2020-09-29,Standard,169.31
8739,Kyle Olsen,john70@example.net,Canada,2022-01-21,Basic,64.84
8740,Jorge Ruiz,lindawhite@example.org,Chile,2020-06-13,Standard,265.85
8741,Sara Joseph,bgonzales@example.net,Micronesia,2023-01-20,Premium,5686.35
8742,Jacqueline Camacho,michaelschroeder@example.com,Bahamas,2021-09-01,Standard,2123.82
8743,Robert Stewart,gregorydavid@example.com,Uruguay,2024-05-10,Premium,2535.74
8744,Hayley Taylor,michellegolden@example.net,Latvia,2021-08-25,Basic,757.5
8745,Adam Garcia,baxteralexandra@example.org,Georgia,2022-09-10,Standard,460.25
8746,Nicole Jones,paigejones@example.org,Hungary,2024-05-18,Standard,1152.06
8747,Kevin Hale,colemandavid@example.net,Solomon Islands,2024-09-13,Standard,2881.42
8748,Kenneth Barr,aadams@example.net,Nepal,2020-11-03,Basic,284.78
8749,Jorge Lee,daniellindsey@example.net,Nepal,2023-11-26,Basic,581.48
8750,Melissa Torres,michaelalexander@example.net,Antarctica (the territory South of 60 deg S),2020-06-28,Standard,2163.98
8751,Jessica Downs,cmiller@example.org,Ghana,2022-09-17,Basic,257.17
8752,Edgar Johnston,kimberly96@example.org,Botswana,2021-03-16,Standard,1303.55
8753,Teresa Garcia,paulking@example.org,Netherlands Antilles,2023-09-29,Basic,231.11
8754,Christopher Hess,johnathanrodriguez@example.com,Cameroon,2021-05-04,Basic,641.27
8755,Randall Fernandez,jonesalejandra@example.net,Kenya,2024-08-19,Premium,10543.12
8756,Daniel Garrett,kristina15@example.net,Central African Republic,2023-10-05,Standard,2091.64
8757,Travis Travis,osaunders@example.net,Bahamas,2022-11-15,Standard,1117.67
8758,Paul Carroll,marygarcia@example.net,Singapore,2022-08-11,Premium,10947.9
8759,Jacqueline Grimes,benjamin34@example.org,Belize,2020-02-10,Standard,509.1
8760,Susan Buchanan,courtney34@example.com,Niger,2020-07-31,Premium,2330.85
8761,Nicole Wiley,vzimmerman@example.net,Mexico,2022-04-13,Standard,1815.47
8762,Kara Davis,sierrafuller@example.org,Niger,2023-08-31,Premium,7027.33
8763,Miranda Richardson,pgibson@example.org,Antigua and Barbuda,2023-11-02,Standard,2499.92
8764,Sheryl Cortez,robertdunn@example.net,Saint Helena,2022-05-20,Standard,452.87
8765,Amy Johnston,jeffrey38@example.org,Antigua and Barbuda,2022-04-26,Standard,2304.48
8766,John Gutierrez,martinkristen@example.com,Uzbekistan,2021-12-01,Standard,2007.73
8767,Darlene Jones,woodcrystal@example.net,Botswana,2023-07-19,Basic,179.47
8768,Johnny Brown,ylee@example.com,Christmas Island,2022-03-06,Basic,757.15
8769,Vincent Brewer,tylergreen@example.com,Korea,2024-05-15,Standard,2645.72
8770,Samantha Perkins,xruiz@example.org,Korea,2022-01-15,Premium,11778.54
8771,Charles Garza,dean55@example.com,Puerto Rico,2021-07-03,Premium,745.37
8772,Theresa Randolph,gzamora@example.org,Bouvet Island (Bouvetoya),2024-04-23,Basic,381.91
8773,Samuel Smith,brandonbeck@example.org,Liberia,2023-04-16,Standard,894.66
8774,Diana Burton,alyssamoore@example.net,Korea,2021-04-18,Basic,215.87
8775,Karen Mckee,jeremyharvey@example.org,France,2022-04-27,Standard,1291.04
8776,Justin King,johnhernandez@example.net,American Samoa,2021-12-12,Premium,9693.58
8777,John Johnson,tommybentley@example.net,Sri Lanka,2021-01-23,Standard,891.05
8778,Kimberly Boyd,amysilva@example.net,Tajikistan,2021-07-02,Basic,288.49
8779,Gwendolyn Green,courtney71@example.org,Syrian Arab Republic,2021-12-09,Basic,0.14
8780,Amy Robinson,karen58@example.net,Kyrgyz Republic,2023-06-08,Standard,2266.09
8781,Darlene Austin,bradleylisa@example.net,Pakistan,2020-11-12,Standard,1771.1
8782,Carlos Singh,curtis50@example.net,Israel,2021-09-11,Premium,11542.07
8783,Chelsea Wright,anthony59@example.net,San Marino,2023-02-27,Basic,517.72
8784,Dana Russo,johngonzalez@example.com,Philippines,2022-07-22,Standard,2767.83
8785,Christine Barrett,julie05@example.net,Central African Republic,2020-12-11,Basic,279.62
8786,Sandra Willis,ashley81@example.com,Zimbabwe,2020-02-24,Standard,2787.88
8787,Alexandria Duffy,carl56@example.com,Falkland Islands (Malvinas),2021-05-16,Standard,1888.8
8788,Casey Holder,stevenwilliams@example.com,Dominican Republic,2024-03-09,Standard,764.98
8789,Joel Ramirez,ibrown@example.net,United States Minor Outlying Islands,2020-09-27,Standard,2588.07
8790,Tracy Mcintosh,munozchristine@example.net,Faroe Islands,2021-08-26,Basic,558.62
8791,Daniel Reid,mburns@example.net,Turks and Caicos Islands,2022-06-12,Basic,105.8
8792,Albert King,hmueller@example.org,Tajikistan,2027-01-01,Basic,624.62
8793,William Jordan,hendricksbrittany@example.net,Ukraine,2022-09-27,Standard,2893.97
8794,Johnny Cunningham,hartmanspencer@example.net,Kiribati,2022-11-18,Basic,325.19
8795,Alex Williams,tonyjones@example.org,Zambia,2023-10-11,Standard,943.19
8796,Robert White,michael84@example.org,Mongolia,2021-09-29,Standard,1497.45
8797,Charles Anderson,robinsonheidi@example.net,Japan,2024-04-30,Standard,312.25
8798,Susan Jones,bhamilton@example.com,American Samoa,2021-08-12,Standard,1005.17
8799,Elizabeth Vazquez,tracey72@example.com,Benin,2020-06-15,Premium,12323.08
8800,Kristin Harmon,michael36@example.net,Malawi,2021-02-03,Standard,783.22
8801,Angela Williams,james40@example.com,Cyprus,2022-12-14,Premium,10254.7
8802,Ryan Hudson,bobfernandez@example.org,Latvia,2022-04-18,Standard,532.76
8803,Lauren Clarke,josephsullivan@example.org,Trinidad and Tobago,2022-12-14,Premium,12784.21
8804,Melvin Massey,paulgreer@example.net,Taiwan,2022-08-28,Standard,1793.83
8805,David Perez,uanderson@example.net,Nauru,2022-01-12,Basic,671.1
8806,Jessica Pierce,valdezrachel@example.com,Bolivia,2022-05-31,Standard,2847.03
8807,Shane Chavez,sfoley@example.org,Saint Martin,2024-08-28,Premium,6421.94
8808,Jason Valenzuela,drodriguez@example.org,Hong Kong,2024-02-08,Basic,489.35
8809,Cheryl Riggs,matthewgarcia@example.com,Madagascar,2024-04-27,Basic,242.65
8810,Richard Hernandez,alexander57@example.net,Mauritania,2022-08-20,Basic,348.26
8811,Eric Jones,donovannancy@example.net,Slovakia (Slovak Republic),2021-11-10,Basic,240.38
8812,Kara Conner,collinsjose@example.org,Bahamas,2024-02-24,Basic,711.65
8813,Kevin Freeman,jeffrey52@example.org,Libyan Arab Jamahiriya,2021-06-22,Standard,989.63
8814,Lisa Rodriguez,wtorres@example.com,Vietnam,2024-12-16,Basic,98.19
8815,Jacob Carey,whitesophia@example.org,Anguilla,2024-07-09,Basic,136.85
8816,Paul Gibbs,jacobwilliams@example.org,Syrian Arab Republic,2024-10-14,Standard,2337.25
8817,Dylan Hernandez,steven04@example.org,Mali,2023-02-19,Basic,188.45
8818,Wendy Mason,brandon13@example.com,Liberia,2020-03-12,Basic,208.12
8819,George Castro,donaldbrown@example.org,Marshall Islands,2024-06-22,Basic,735.44
8820,Patrick Pierce,emorris@example.net,Czech Republic,2021-06-27,Basic,140.25
8821,Larry Hill,gtorres@example.org,Brunei Darussalam,2020-05-11,Standard,2105.86
8822,Nancy House,elliottryan@example.com,Uruguay,2020-11-13,Standard,2861.72
8823,Lorraine Vasquez,wwu@example.com,Burkina Faso,2021-07-16,Standard,2342.07
8824,Patrick Jackson,qjensen@example.net,Croatia,2021-12-12,Basic,24.83
8825,David Smith,donald89@example.org,British Indian Ocean Territory (Chagos Archipelago),2020-06-25,Basic,578.72
8826,Antonio Owens,joshua50@example.org,Oman,2024-02-14,Basic,717.29
8827,Jason Chen,howardjames@example.com,Georgia,2022-06-18,Basic,753.07
8828,Maureen Lynch,hcastro@example.org,Anguilla,2023-03-10,Basic,311.89
8829,Keith Nixon,milessteven@example.org,Paraguay,2021-11-01,Premium,11020.68
8830,Jared Hayden,kenneth40@example.net,Mauritius,2023-08-31,Basic,214.89
8831,Gabriela Smith,anthonyroy@example.net,Solomon Islands,2023-11-26,Premium,11798.06
8832,Matthew Grant,tsmith@example.com,Italy,2024-08-08,Standard,2612.42
8833,Robert Pierce,melissatorres@example.org,Chad,2021-04-07,Premium,12698.19
8834,Phillip Hall,patricia97@example.com,Thailand,2021-10-24,Standard,1013.43
8835,Lori Anderson,williamcooper@example.com,Lebanon,2024-11-25,Standard,169.45
8836,Daniel Jackson,susan75@example.com,Dominica,2024-10-27,Premium,9478.22
8837,Kendra Cox,skent@example.com,Barbados,2022-10-07,Standard,2184.33
8838,Kenneth Johnson,rbowman@example.com,Egypt,2020-07-24,Basic,290.95
8839,John Anderson,lopezkaren@example.org,Vietnam,2021-09-19,Premium,13154.19
8840,Raymond Young,astafford@example.net,Denmark,2024-05-09,Standard,1167.46
8841,Robert Steele,rpope@example.org,Peru,2022-01-11,Premium,10376.48
8842,Amanda Reid,brucebradford@example.org,Antarctica (the territory South of 60 deg S),2024-01-19,Premium,6685.22
8843,Kelly Rodriguez,pachecopaul@example.net,United States of America,2022-11-20,Premium,3549.42
8844,Kathleen Mcdaniel,irogers@example.org,Mexico,2021-09-19,Standard,283.3
8845,Matthew Washington,sandrasimon@example.org,Brazil,2022-02-19,Basic,432.03
8846,George Hays,kmartin@example.net,Saint Helena,2022-08-03,Standard,1387.65
8847,Alicia Cummings,stephanie23@example.net,United States of America,2022-09-11,Basic,10.95
8848,Troy Nichols,perkinschristopher@example.org,Montserrat,2024-10-02,Standard,2565.88
8849,Ashley Wells,mark27@example.com,Northern Mariana Islands,2024-09-17,Basic,607
8850,Scott Small,sarah02@example.net,Cook Islands,2024-01-03,Basic,419.93
8851,James Moore,fmitchell@example.org,India,2020-02-08,Standard,2602.35
8852,Beth Ruiz,sanchezandrea@example.org,Philippines,2020-12-13,Premium,11296.62
8853,Meagan Tapia,lrios@example.org,Sri Lanka,2020-11-23,Premium,3918.92
8854,Michael Hayes,mrose@example.com,Cameroon,2024-03-01,Standard,1707.69
8855,Connie Burke,williamschristopher@example.com,Guinea,2023-11-27,Standard,1955.05
8856,James Washington,justin70@example.org,Ukraine,2022-01-29,Premium,11412.81
8857,Melissa Crawford,ecabrera@example.com,Netherlands Antilles,2021-06-02,Basic,139.23
8858,Alison Houston,james73@example.com,Cameroon,2020-11-13,Basic,34.89
8859,Michael Malone,zhernandez@example.net,Australia,2020-04-06,Standard,796.5
8860,Julia Cruz,,British Virgin Islands,2020-10-14,Standard,310.3
8861,Michelle Marsh,glen18@example.com,Cambodia,2024-01-02,Standard,2057.98
8862,Kyle Reilly,biancadavid@example.net,Liechtenstein,2021-10-11,Standard,2399.91
8863,Casey Harris,not-an-email,Cambodia,2022-01-03,Basic,67.06
8864,Randall Hampton,twalker@example.com,French Southern Territories,2021-09-23,Standard,2302.18
8865,Abigail Rodriguez,bradfordwendy@example.com,Palau,2021-05-19,Premium,4145.7
8866,Susan Carr,jonesjeremiah@example.com,Liechtenstein,2021-12-15,Standard,1465
8867,Caroline Price,wstewart@example.com,Iraq,2021-06-26,Premium,5903.28
8868,Zoe Clarke,kylehorton@example.net,United States of America,2024-11-06,Standard,2882.41
8869,Caleb Marshall,not-an-email,Gibraltar,2020-11-25,Standard,406.08
8870,Carolyn Turner,dennisjones@example.com,Pitcairn Islands,2021-04-07,Standard,555.82
8871,Christian Hernandez,ffoster@example.net,Jersey,2024-04-27,Standard,1659.08
8872,Nicole Bailey,vazquezkevin@example.com,Puerto Rico,2023-11-14,Basic,465.54
8873,Todd Ramos,ofrancis@example.com,Romania,2022-09-22,Premium,7820.14
8874,Janice Nunez,bdunn@example.org,Cocos (Keeling) Islands,2024-11-03,Basic,93.62
8875,Abigail Green,traci77@example.com,Liberia,2021-04-08,Premium,3513.84
8876,Maria Hartman,kingmichael@example.org,Indonesia,2023-08-05,Standard,1786.46
8877,Tammy George,maria91@example.org,Guatemala,2020-04-12,Basic,381.66
8878,Jessica Waller,christinataylor@example.net,Moldova,2024-04-09,Standard,1011.43
8879,Colton Thomas,ingramjoseph@example.com,Latvia,2021-11-22,Premium,2340.79
8880,Colleen Gonzalez,brandyfrench@example.org,Canada,2022-11-17,Standard,991.94
8881,Julie Hughes,emmacruz@example.net,Trinidad and Tobago,2020-05-25,Basic,203.32
8882,Thomas Perez,leemary@example.com,Malta,2022-07-10,Basic,31.41
8883,Emily Evans,thompsonmegan@example.org,Barbados,2020-10-30,Standard,1263.62
8884,Allison Snyder,ahall@example.net,Ghana,2022-12-05,Premium,6163.85
8885,David Frederick,sara76@example.org,Brazil,2023-01-30,Standard,424.17
8886,Joseph Campbell,gtate@example.com,Algeria,2024-12-26,Premium,2735.55
8887,Brian Clayton,melanie12@example.com,Angola,2024-02-24,Premium,2388.79
8888,Karen Cummings,smills@example.org,Nicaragua,2024-05-19,Standard,2761.11
8889,Paige James,james83@example.com,Denmark,2022-01-14,Basic,422.53
8890,Angel Gonzales,samuel03@example.org,Armenia,2023-05-12,Premium,4536.81
8891,Jimmy Brewer,joeortiz@example.org,Faroe Islands,2021-05-18,Basic,660.76
8892,Ann Castillo,timothy98@example.net,American Samoa,2021-10-18,Basic,46
8893,Paul Brown,markbarrera@example.org,Cape Verde,2022-05-23,Basic,662.26
8894,Luke Chavez,matthew67@example.net,Azerbaijan,2023-11-05,Standard,2147.3
8895,John Vega,gwilliams@example.org,Solomon Islands,2022-09-10,Standard,2253.7
8896,Alicia Hoffman,leecory@example.org,India,2020-04-09,Premium,10985.88
8897,Jason Johnson,morenobrian@example.com,Congo,2021-09-11,Standard,2687.62
8898,Timothy Walters,bvillegas@example.org,Sri Lanka,2020-01-24,Standard,483.37
8899,Jennifer Johnson,jlee@example.net,South Georgia and the South Sandwich Islands,2022-01-27,Standard,305.23
8900,Kyle Cruz,lisa94@example.com,Kazakhstan,2024-10-21,Premium,3951.72
8901,Marc Sharp,priley@example.org,Panama,2020-03-09,Premium,2490
8902,Patricia Gonzalez,timothy85@example.org,Marshall Islands,2023-06-15,Basic,147.97
8903,Chelsey Brooks,daniel51@example.com,United Kingdom,2020-09-30,Basic,661.18
8904,Jennifer Garcia,stevenjames@example.net,Oman,2020-01-21,Standard,209.09
8905,Jose Sharp,dtanner@example.net,Cook Islands,2024-05-29,Basic,465.85
8906,Kyle Hood,patrick80@example.net,Western Sahara,2023-03-01,Standard,1582.6
8907,Nancy George,jkim@example.org,Vietnam,2020-01-12,Standard,968.73
8908,Steven Andersen,alicia86@example.net,Ethiopia,2021-11-16,Basic,765.56
8909,Dr. Kelly Martinez MD,santoswilliam@example.org,Panama,2022-05-23,Standard,2775.92
8910,Jaime Torres,moorelisa@example.org,Haiti,2023-12-05,Standard,2228.3
8911,Erica Roberson,cynthia88@example.org,Qatar,2022-12-22,Standard,2896.11
8912,Hannah Bennett,jessicawest@example.net,United States Virgin Islands,2024-02-23,Standard,1415.57
8913,Jessica Maddox,grahamheather@example.org,Indonesia,2021-01-15,Standard,224.92
8914,Zachary Conrad,goldenthomas@example.net,Nicaragua,2024-07-14,Standard,412.83
8915,Jamie Garcia,lynchmark@example.com,Reunion,2021-03-27,Standard,1416.52
8916,James Berry,jennysanchez@example.net,Congo,2022-06-14,Standard,1370.82
8917,Michael Allen,gloria01@example.net,Saint Martin,2020-04-18,Standard,1661.28
8918,Bryan Davis,andrewdennis@example.com,Chile,2022-09-08,Standard,2624.64
8919,James Best,rphillips@example.net,Bhutan,2023-08-12,Basic,252.99
8920,Sarah Bolton,donnasanchez@example.com,United States of America,2021-09-23,Basic,561.52
8921,Lisa Rogers,ssanchez@example.com,Myanmar,2022-04-20,Standard,2506.56
8922,Richard Reyes,jtaylor@example.net,Saint Lucia,2023-03-30,Basic,247.42
8923,Shelia Coleman,lweiss@example.org,Trinidad and Tobago,2023-06-20,Premium,14188.92
8924,Destiny Stanley,thompsonallison@example.org,Algeria,2020-01-12,Standard,228.25
8925,Daniel Kennedy,zsmith@example.net,Congo,2022-12-13,Standard,1033.31
8926,Austin Caldwell,perrymoore@example.net,Cuba,2023-05-27,Standard,1328.25
8927,Brandon Garza,whitney49@example.com,Guernsey,2024-09-29,Basic,335.66
8928,Melissa Maldonado,eric85@example.net,Morocco,2024-03-11,Basic,115.5
8929,Gregory Woodward,ebryant@example.org,Cambodia,2023-10-06,Standard,158.61
8930,Michael Robinson,rileynicole@example.org,Dominican Republic,2023-10-10,Standard,-435.63
8931,,cassandrapark@example.com,Philippines,2024-07-29,Standard,1369.51
8932,Connie Orozco,marymcconnell@example.net,Burkina Faso,2022-09-10,Standard,1898.66
8933,Jessica Williams,wilsonyvonne@example.org,Madagascar,2023-01-21,Premium,6163.48
8934,Richard Salazar,mevans@example.org,Egypt,2021-11-27,Basic,278.93
8935,Megan Hubbard,yowens@example.net,Nauru,2023-11-13,Basic,13.84
8936,Shawn Harris,chansen@example.com,Niue,2024-06-09,Basic,751.71
8937,Janet Foster,daniellozano@example.com,Latvia,2023-07-20,Standard,1158.16
8938,Jason White,melinda68@example.net,Uruguay,2021-10-16,Premium,11025.45
8939,Kathleen Olson,sandra38@example.com,Iceland,2023-02-16,Standard,1888.27
8940,Melissa Zimmerman,uclark@example.com,Oman,2021-12-10,Basic,722.9
8941,Ashley Barrera MD,danielmorse@example.net,Madagascar,2020-04-25,Premium,7972.82
8942,Shawn Patton,xray@example.net,Samoa,2024-03-26,Premium,10891.46
8943,Wayne Turner,riverarichard@example.org,Korea,2020-03-17,Premium,11752.64
8944,Ian Serrano,ycole@example.com,Turkmenistan,2021-12-17,Basic,136.15
8945,Steven Sweeney,brooksdebra@example.org,South Georgia and the South Sandwich Islands,2024-08-15,Basic,432.59
8946,Bryan Li,courtney05@example.org,Afghanistan,2020-03-24,Standard,724.48
8947,Anne Elliott,aaron98@example.net,Latvia,2021-09-20,Premium,1969.19
8948,Devon Barnes,dgarcia@example.com,South Georgia and the South Sandwich Islands,2023-08-24,Basic,6.8
8949,Adam Berry,mary15@example.com,Saint Martin,2024-09-11,Standard,1552.32
8950,Kent Green,laura42@example.net,Greece,2023-05-19,Premium,14304.22
8951,Anne Mathews,christina74@example.com,Greece,2020-01-09,Standard,457.44
8952,Joseph Henderson,nicholas16@example.org,South Africa,2021-03-28,Standard,167.01
8953,Marvin Stanley,emily97@example.net,Switzerland,2020-04-10,Standard,392.37
8954,Elizabeth Benson,wmartinez@example.org,Puerto Rico,2022-03-22,Basic,620.51
8955,Brandi Pierce,sheltonallison@example.org,Bhutan,2023-04-25,Standard,2770.19
8956,Willie Brennan,alvaradoedwin@example.org,Armenia,2020-05-11,Standard,1668.48
8957,Cameron Best,robertsellen@example.net,Puerto Rico,2022-10-27,Standard,479.66
8958,Kimberly Daniels,joel67@example.net,Afghanistan,2023-06-26,Standard,359.57
8959,Tina Ibarra,debra61@example.com,Bangladesh,2021-05-03,Premium,8046.3
8960,Matthew Ayers,ifrost@example.net,Saint Helena,2021-10-08,Standard,1768.96
8961,Michelle Nunez,hamiltonivan@example.com,Vietnam,2024-10-06,Standard,890.72
8962,Jordan Adams,ethanyoung@example.org,Uruguay,2021-08-25,Standard,2946.09
8963,Dr. Valerie Torres,ricardo17@example.net,Saint Lucia,2020-02-13,Basic,110.34
8964,Emily Wheeler,sandra71@example.net,Swaziland,2021-05-13,Standard,1142.43
8965,Richard Phillips,dawn41@example.com,Venezuela,2022-04-18,Standard,1323.03
8966,Zachary Scott,mcdanieldarlene@example.net,Turkmenistan,2021-07-09,Premium,-475.79
8967,Angela Clayton,codycohen@example.org,Reunion,2024-10-12,Standard,2125.04
8968,John Williams,melendezphillip@example.org,Algeria,2023-01-06,Standard,554.39
8969,Tammy Anderson MD,whunt@example.org,Italy,2023-12-13,Basic,632.65
8970,Doris Manning,davidsonroger@example.org,Turkey,2020-03-24,Standard,729.74
8971,Juan Mccall,stephanie51@example.net,Spain,2020-12-27,Basic,364.54
8972,Shawn Haney,christymcguire@example.net,Niger,2021-07-30,Standard,2177.29
8973,Ashley Henderson,saguirre@example.net,Lebanon,2021-05-05,Basic,721.92
8974,Derrick Burgess,leslieburke@example.com,French Southern Territories,2020-10-25,Premium,5162.15
8975,Holly Rodriguez,jamieporter@example.net,Mozambique,2023-09-19,Standard,927.7
8976,Courtney Richardson,kimberlyclark@example.net,Benin,2024-11-30,Premium,11021.97
8977,Ashley Garza,xmcgee@example.com,Jersey,2022-04-25,Premium,12630.52
8978,Penny Contreras,karenfuller@example.org,Georgia,2021-11-19,Basic,369.93
8979,Joy Stone,etaylor@example.net,Montserrat,2021-05-02,Basic,603.15
8980,Ryan Jones,morrisjoshua@example.org,Jamaica,2024-05-09,Standard,1799.48
8981,Mr. Chris Robinson MD,hamiltonchristina@example.net,Nauru,2021-01-18,Standard,853.62
8982,Derek Burton,kristintaylor@example.com,Gibraltar,2021-04-01,Standard,2975.12
8983,Jean Matthews,allison33@example.net,Cyprus,2020-05-30,Standard,501.41
8984,Stephen Clark,eosborn@example.com,Western Sahara,2024-08-17,Basic,163.25
8985,Brian Ashley,esimpson@example.net,Eritrea,2023-03-29,Standard,683.88
8986,Denise Dean,cmiller@example.net,Uganda,2020-07-14,Basic,232.19
8987,Jody Parker,dakota26@example.com,Swaziland,2021-02-12,Standard,376.03
8988,Samuel Wright,derek93@example.org,Burkina Faso,2024-03-10,Basic,705.7
8989,Jennifer Graves MD,nguyenspencer@example.org,Malawi,2022-05-19,Premium,4585.23
8990,George Benton,davidgraham@example.com,Niger,2024-11-10,Standard,1423.08
8991,William Scott,daniellebishop@example.com,Norway,2022-10-20,Basic,164.55
8992,Jeremy Clements,holmesalex@example.com,Solomon Islands,2022-08-25,Premium,11107.86
8993,John Brown,whouse@example.net,Marshall Islands,2024-10-08,Premium,2126.57
8994,Mr. Nathan Garrett,bdelgado@example.com,Saint Pierre and Miquelon,2022-11-25,Standard,2698.35
8995,David Gillespie,brandon97@example.com,Cameroon,2023-01-26,Standard,553.12
8996,Sheila Ramos,juliegrant@example.org,Uzbekistan,2021-07-06,Basic,785.48
8997,Paula Sanchez,dennisrichard@example.net,Korea,2023-02-23,Basic,47.76
8998,Jacqueline Cooley,gonzaleskayla@example.com,Mauritania,2020-07-07,Standard,788.9
8999,Vickie Sharp,woodwardpatricia@example.com,Tonga,2024-11-24,Basic,347.04
9000,Tara Ramirez,marydavis@example.com,Libyan Arab Jamahiriya,2021-08-06,Standard,2086.99
9001,Peter Campos,erika27@example.net,Netherlands,2024-11-19,Basic,447.47
9002,Pamela Lopez,imoore@example.com,Guernsey,2021-10-30,Standard,116.85
9003,Angela Johnson,amy95@example.org,Botswana,2023-12-25,Standard,2840.41
9004,Edward Williams,andrea87@example.com,Comoros,2021-12-04,Premium,11735.28
9005,Amanda Brewer,hectorreid@example.com,Honduras,2021-01-25,Premium,4915.48
9006,Kayla Berry,dillonholder@example.org,Northern Mariana Islands,2023-09-15,Basic,390.54
9007,Anita Frey,dunndouglas@example.net,British Indian Ocean Territory (Chagos Archipelago),2020-02-25,Premium,13262.26
9008,Amy Harris,oellis@example.net,Nicaragua,2024-03-22,Standard,2160.57
9009,Danielle Cruz,michaelpierce@example.com,Guam,2023-07-23,Standard,312.18
9010,Andrew Stephens,hschultz@example.org,Cote d'Ivoire,2022-04-14,Premium,2230.62
9011,Rebekah Taylor,hannahgarcia@example.net,Saint Lucia,2023-04-17,Standard,1141.68
9012,Jason Klein,cpowers@example.com,Papua New Guinea,2020-01-01,Standard,167.81
9013,Shannon Wright,michaelgray@example.net,Maldives,2021-02-03,Basic,478.03
9014,Sherry Jackson,henrysmith@example.com,Venezuela,2022-03-05,Standard,1828.05
9015,Lynn Bullock,pbryant@example.org,Martinique,2021-02-11,Basic,180.94
9016,Vanessa Riley,rebecca77@example.org,North Macedonia,2022-10-11,Basic,415.35
9017,Jeffrey Davis,cortezjonathon@example.com,Slovenia,2022-12-08,Standard,1389.39
9018,Michael Thomas,millerselena@example.com,Honduras,2024-11-25,Standard,2636.03
9019,Benjamin Simon,grossdanielle@example.net,Palau,2021-07-14,Basic,498.44
9020,Megan Lopez,jessica94@example.net,Canada,2021-11-27,Basic,385.47
9021,Tammie Nunez,wilsonmark@example.net,Azerbaijan,2021-04-27,Standard,2702.4
9022,Abigail Banks,nguyenkimberly@example.org,Bolivia,2023-06-12,Basic,352.72
9023,Natalie Gardner,bryanrodriguez@example.net,Suriname,2021-03-02,Basic,706.03
9024,Natalie Nguyen,abowers@example.net,Mali,2023-10-15,Standard,2389.68
9025,Francisco Thomas,aprilgarcia@example.net,Guadeloupe,2020-06-17,Basic,0.15
9026,Sarah Barnes,feliciabass@example.com,Samoa,2020-02-14,Standard,2660.58
9027,Ian Reynolds,not-an-email,Sao Tome and Principe,2022-12-04,Basic,766.51
9028,Mario Rivas,gabrielle17@example.net,Latvia,2023-08-25,Basic,233.99
9029,Ryan Kim,bethperez@example.net,Finland,2023-06-28,Premium,12122.07
9030,Jennifer Rodriguez,joseph17@example.org,Burundi,2023-12-10,Premium,12931.23
9031,David Hopkins,obarber@example.net,Romania,2021-05-02,Standard,501.09
9032,Ryan King,bentleycory@example.net,Saint Helena,2023-06-18,Basic,544.75
9033,Elizabeth Lloyd,llozano@example.net,Swaziland,2021-06-19,Standard,1067.65
9034,Cheryl Armstrong,wallacechristopher@example.com,United Kingdom,2023-01-09,Basic,166.89
9035,Sarah Pierce,emily65@example.net,Cape Verde,2022-08-04,Standard,511.64
9036,Pamela Reed,jackevans@example.com,British Virgin Islands,2024-06-05,Standard,1324.37
9037,Chelsea Walsh,drakemary@example.net,Tajikistan,2020-02-03,Basic,777.44
9038,Brian Barrera,dawn26@example.org,Nauru,2023-02-11,Standard,2045.83
9039,Andrew Shah,dstewart@example.net,Singapore,2023-02-27,Standard,275.92
9040,Gabriella Berg,eugenejones@example.net,Algeria,2021-07-11,Premium,5106.7
9041,Johnny Carey,hunttiffany@example.org,Romania,2024-10-20,Premium,12376.65
9042,Jennifer Norris,psuarez@example.org,Jordan,2021-06-18,Premium,5960.48
9043,Scott Davis,levimosley@example.net,Jordan,2020-05-29,Standard,2622.93
9044,Christopher Thomas,emily47@example.com,Colombia,2020-06-28,Standard,152.36
9045,Megan Hicks,phillipfarmer@example.org,Slovenia,2021-11-16,Standard,1476.78
9046,Donna Jones,eford@example.org,Turkey,2020-01-06,Premium,1503.69
9047,Sierra Ramirez,bakerrobert@example.com,Turks and Caicos Islands,2022-05-28,Standard,2957.33
9048,Laura Miller,rubengonzalez@example.org,Cameroon,2020-11-19,Standard,2548.66
9049,Stephanie Stanley,gburke@example.org,Slovenia,2020-03-11,Basic,536.63
9050,Angel Farmer,chernandez@example.net,Jordan,2023-10-27,Standard,238.66
9051,David Barber MD,ncooper@example.com,Holy See (Vatican City State),2023-09-11,Premium,7332.23
9052,Robert Mooney,allenclaire@example.net,Uruguay,2024-03-07,Standard,385.13
9053,Eric Moses,phillipssheila@example.org,Nicaragua,2020-08-22,Basic,401.57
9054,Megan Cardenas,pamela08@example.net,Congo,2021-07-03,Basic,10.96
9055,James Gay,steinkelly@example.com,Uruguay,2023-02-23,Basic,268.74
9056,Bill Bernard,nataliewilliams@example.org,Saint Vincent and the Grenadines,2021-04-06,Basic,371.03
9057,Elizabeth Wagner,youngbenjamin@example.org,Kiribati,2020-08-31,Standard,1739.78
9058,Jacob Newman,ufrank@example.org,Montenegro,2020-01-04,Basic,158.11
9059,Alicia Miller,tylerarcher@example.com,Russian Federation,2020-06-02,Premium,3967.68
9060,Brooke Alexander,rebecca79@example.org,Thailand,2022-12-27,Basic,322.17
9061,Michael Solis,brandtedward@example.net,Honduras,2022-10-21,Basic,525.26
9062,Logan Webb,eharris@example.org,Vanuatu,2023-02-13,Basic,24.48
9063,Andrea Harris,dillonanthony@example.net,Korea,2024-08-11,Standard,2468.26
9064,Jennifer Brown,mcdonaldjames@example.net,Kazakhstan,2022-09-04,Basic,165.14
9065,Daniel Martin,andreagarcia@example.net,Turks and Caicos Islands,2024-10-21,Premium,6990.41
9066,David Miles,leonard42@example.net,North Macedonia,2022-08-29,Standard,2564.81
9067,Julie Ramirez,mreed@example.net,Taiwan,2021-05-05,Standard,2837.14
9068,Jo Holland,donnadavis@example.net,Cameroon,2022-03-12,Standard,1992.04
9069,Lisa Gonzalez DDS,qferguson@example.com,Algeria,2021-10-07,Standard,946.57
9070,Alexander Wyatt,moralesmatthew@example.com,Guinea,2022-10-22,Standard,1829.92
9071,Gregory Sloan,mariowood@example.org,Spain,2021-02-01,Standard,1307.11
9072,Megan Nunez,perrydestiny@example.com,Jamaica,2020-08-27,Standard,924.84
9073,Yvette Webb,daniellelopez@example.com,Andorra,2023-06-07,Standard,2315.59
9074,Robert Quinn,amberstark@example.net,Jamaica,2023-05-09,Standard,2793.02
9075,Michelle Morrison,troytaylor@example.org,Jamaica,2024-08-09,Basic,707.8
9076,Tiffany Smith,cbates@example.org,Switzerland,2021-02-09,Premium,12766.3
9077,Laura Cochran,not-an-email,Turks and Caicos Islands,2022-04-21,Basic,592.38
9078,Gary Barnes,johnsonmarcia@example.org,Bosnia and Herzegovina,2024-04-24,Standard,876.39
9079,Gary Preston,smithjared@example.net,Korea,2023-09-27,Premium,9193.45
9080,Kari Brown,alejandrokeller@example.com,Wallis and Futuna,2024-05-22,Standard,2247.77
9081,Matthew Smith,bradyshannon@example.net,Mozambique,2021-04-08,Standard,556.49
9082,Zachary Delgado,bridgetcannon@example.org,Czech Republic,2021-01-10,Standard,902.87
9083,Gregory Baker,debbiescott@example.org,Poland,2021-11-28,Premium,6541.06
9084,Carrie Logan,ericagonzalez@example.org,Cambodia,2022-07-23,Standard,2674.06
9085,Matthew Gentry,heatherrobinson@example.net,Barbados,2021-06-01,Premium,1660.7
9086,Charles Henry,agross@example.com,Swaziland,2020-01-24,Premium,5218.44
9087,Melissa Gould,kenneth30@example.net,North Macedonia,2024-03-17,Standard,1279.58
9088,Ashley Roberson,ublankenship@example.net,American Samoa,2020-11-02,Basic,574.07
9089,Sara Freeman,tcastillo@example.com,Costa Rica,2023-03-28,Standard,686.02
9090,Mrs. Margaret Lee,michaelparsons@example.net,French Southern Territories,2024-12-19,Standard,871.33
9091,Andrew Jones,romerostacy@example.org,Congo,2024-12-01,Standard,888.94
9092,William Dillon,petercastillo@example.com,Anguilla,2023-11-05,Standard,2140.87
9093,Erik Walker,connor16@example.org,South Georgia and the South Sandwich Islands,2024-09-26,Premium,12895.96
9094,Mary Mendoza PhD,tina57@example.net,Zimbabwe,2022-12-02,Standard,196.68
9095,Robert Jackson,alexanderadams@example.net,Brunei Darussalam,2021-12-17,Standard,2896.33
9096,Rachel Smith,lhouston@example.org,Iran,2024-11-24,Standard,164.92
9097,Lisa Hahn,htaylor@example.com,Anguilla,2020-10-02,Standard,1264.14
9098,Larry Mcgee,matthewstracy@example.org,Tanzania,2022-07-01,Standard,837.07
9099,April Lopez,catherineallison@example.com,Algeria,2023-01-07,Standard,606.34
9100,Rachel Gutierrez,jmcdonald@example.net,Uruguay,2024-11-21,Basic,210.84
9101,James Merritt,catherine81@example.com,Bahrain,2023-09-01,Standard,1782.65
9102,Stephen Walker,kristencarter@example.org,Saint Helena,2020-01-16,Standard,2596.32
9103,Daniel Carter,jeffdavis@example.org,Turkey,2022-12-15,Standard,1989.66
9104,Pamela Henson,robertssamantha@example.net,Greenland,2023-02-10,Basic,53.06
9105,Colton Goodwin,feliciaperkins@example.net,Liechtenstein,2020-02-16,Basic,327.2
9106,Allison Johnson,dkelly@example.org,Taiwan,2023-07-29,Basic,378.97
9107,Erika Long,christopherarcher@example.org,Jordan,2021-04-10,Standard,2928.56
9108,Courtney Little,bakeralison@example.com,Gabon,2022-12-04,Standard,2269.73
9109,Samuel Smith,theresagilbert@example.org,Western Sahara,2023-06-10,Basic,345.51
9110,David Johnson MD,oreyes@example.net,Colombia,2023-06-03,Standard,199.91
9111,Jimmy Sanchez,fmckee@example.com,Mexico,2023-05-02,Basic,528.7
9112,Crystal Lane,dustin03@example.com,Guyana,2022-09-11,Standard,2142.15
9113,Lisa Collins,john40@example.org,Dominica,2022-08-15,Standard,971.06
9114,Kristina Hale,evan95@example.org,Russian Federation,2023-01-15,Standard,740.99
9115,Michelle Murray,pam28@example.com,American Samoa,2023-10-18,Standard,2138.21
9116,Melissa Patel,robert38@example.org,Cocos (Keeling) Islands,2020-06-13,Basic,776.63
9117,Paula Hernandez,katherinewilliams@example.com,Norway,2020-02-26,Premium,10261.15
9118,Derek Spencer,jenna55@example.net,Togo,2022-08-17,Standard,2108.55
9119,Joshua Woods,lopezmary@example.org,Maldives,2023-07-14,Standard,656.22
9120,David Richardson,barberamy@example.net,Mexico,2020-10-21,Basic,166.54
9121,Carmen Hall,christine02@example.net,South Georgia and the South Sandwich Islands,2023-03-11,Standard,145.18
9122,Kenneth Benson,oarnold@example.com,Niue,2024-08-31,Basic,432.94
9123,Michael Maddox,douglascohen@example.com,Sierra Leone,2023-11-20,Basic,527.48
9124,Jeffrey Cox,diaztravis@example.com,Brunei Darussalam,2021-11-20,Standard,739.43
9125,Stephanie Morgan,melissa72@example.com,Fiji,2022-12-07,Basic,264.97
9126,Kirsten Gibson,tanneroneal@example.net,Netherlands Antilles,2024-10-22,Basic,740.74
9127,Shawn Ramirez,coleleslie@example.com,Azerbaijan,2024-11-03,Standard,1301.94
9128,Jonathan Raymond,mparker@example.net,Bahrain,2022-12-12,Standard,2228.27
9129,Janice Hernandez,drangel@example.org,Saint Kitts and Nevis,2022-09-21,Standard,501.89
9130,Jillian Brown,pattersonkenneth@example.org,Uganda,2022-10-07,Standard,2143.02
9131,Paula Thomas,emily86@example.net,Nigeria,2022-12-07,Premium,8701.85
9132,Stephanie Giles,ayalaamanda@example.org,Finland,2022-11-24,Basic,590.52
9133,Kimberly Munoz,vparks@example.com,Barbados,2021-04-06,Standard,1162.1
9134,Catherine Carney,tamarageorge@example.org,Jamaica,2023-04-08,Standard,1023.62
9135,Angela Buchanan,kristenwilson@example.net,Cayman Islands,2023-04-19,Premium,8839.61
9136,Lori Morrow,hansenryan@example.net,Thailand,2021-04-03,Standard,969.67
9137,Robert Keller,bwebb@example.net,Korea,2020-07-28,Standard,2369.82
9138,Jacob Roberts,jwalker@example.com,Swaziland,2020-08-08,Standard,706.48
9139,Kendra Cook,ffrost@example.net,Niger,2024-03-05,Standard,2562.1
9140,Melissa Campbell,morenoscott@example.com,Congo,2020-10-28,Premium,10680.86
9141,Mark Roberson,stephanie26@example.com,Saint Helena,2021-08-27,Standard,1116.05
9142,Ruben Francis,youngcameron@example.net,Saint Martin,2023-10-31,Basic,493.95
9143,Jennifer Williams,sanderson@example.net,Sweden,2021-01-17,Standard,919.82
9144,Michael Moore,olsoncrystal@example.net,Tuvalu,2024-08-30,Standard,299.99
9145,Luis White,christopher32@example.com,Guam,2022-01-11,Premium,13513.26
9146,Morgan Swanson,ericajones@example.net,Pitcairn Islands,2020-11-08,Basic,225.22
9147,Christopher Cain,matthewbond@example.com,Saint Pierre and Miquelon,2023-06-14,Standard,1650.25
9148,Regina King,jeff25@example.org,Azerbaijan,2022-06-16,Standard,2884.04
9149,Monica Arroyo,tiffanybailey@example.org,Congo,2020-10-26,Standard,1612.03
9150,Ricardo Ward,karen92@example.net,Mayotte,2021-07-04,Premium,14392.8
9151,Kevin Hernandez,michaelhensley@example.org,Kenya,2021-12-11,Standard,1833.87
9152,Adam Olson,hillmarisa@example.com,French Guiana,2021-01-02,Standard,284.46
9153,James Austin,phenson@example.org,Dominica,2024-12-24,Standard,300.72
9154,Bonnie Thompson,justinmayo@example.net,Kuwait,2021-04-25,Basic,264.12
9155,Michelle Townsend,mullendaniel@example.org,Argentina,2021-05-17,Standard,2415.41
9156,Dwayne Heath,bsmith@example.org,Cayman Islands,2021-01-12,Basic,370.72
9157,Sarah Olson,hartamanda@example.org,Cayman Islands,2024-09-29,Standard,2107.74
9158,Andrew Lam,james15@example.org,Brazil,2022-01-09,Premium,14234.39
9159,Riley Ochoa,hmartinez@example.com,Saint Helena,2020-06-27,Standard,293.58
9160,Steven Stanton,richardsonjohn@example.net,Mauritius,2021-07-04,Standard,418.36
9161,Denise Caldwell,deborah45@example.com,Morocco,2024-10-01,Standard,2552.98
9162,Ralph Perry,aprilperez@example.net,Palestinian Territory,2024-04-15,Basic,380.29
9163,Samantha Jacobs,ricesusan@example.com,Belarus,2024-06-02,Standard,1626.82
9164,Angela Neal,teresahall@example.org,Bermuda,2020-09-26,Standard,2038.42
9165,Melissa Burns,kimkristy@example.com,Georgia,2023-03-07,Standard,339.3
9166,Shawn Mccormick,pennyduncan@example.net,Montenegro,2021-08-29,Standard,1033.63
9167,Diana Lane,smithbill@example.org,Czech Republic,2020-03-02,Standard,2937.27
9168,Leah Wilson,kaufmanmatthew@example.org,Central African Republic,2023-06-15,Premium,3256.31
9169,Jennifer Williams,ascott@example.net,Cote d'Ivoire,2022-02-28,Premium,7121.03
9170,Mia Flores,tsimmons@example.net,Benin,2024-07-28,Standard,2023.33
9171,Adam Willis,philipwilliams@example.com,Cape Verde,2024-12-04,Premium,8583.18
9172,Cindy Zhang,benjamin88@example.net,Guadeloupe,2024-04-26,Standard,278.24
9173,Eric Phillips,sanchezkathleen@example.net,Taiwan,2023-08-26,Premium,12142.13
9174,Joshua White,kimberlybell@example.org,India,2021-04-30,Premium,8516.93
9175,Daniel Nichols,mooneypatrick@example.org,Lithuania,2023-12-03,Basic,466.64
9176,Kyle Elliott,melissa38@example.net,Benin,2021-08-24,Basic,214.86
9177,Alexandra Lewis,edwardscaitlyn@example.net,Suriname,2023-12-12,Standard,2502.34
9178,Alyssa Casey,scottemily@example.net,Japan,2021-03-16,Standard,1260.2
9179,Ashley Keller,olsonkristen@example.org,Moldova,2023-05-22,Basic,327.34
9180,Brian Greene,williamsdaniel@example.com,Netherlands,2021-05-15,Premium,13849.18
9181,Lindsay Wilson,bpeters@example.net,United Kingdom,2024-01-14,Standard,637.17
9182,Kayla Guzman,nhowell@example.net,Taiwan,2020-11-26,Premium,5629.59
9183,Megan Stark,rebecca90@example.net,Italy,2024-06-16,Standard,317.27
9184,Alexis Simmons,paulameyer@example.org,Uruguay,2020-04-20,Basic,8.78
9185,Brittany Boone,ianbrooks@example.com,Ghana,2020-10-12,Basic,512.31
9186,Jonathan Taylor,cookdavid@example.net,Ghana,2020-09-24,Basic,157.14
9187,Austin Stephens,ahernandez@example.net,Iran,2021-04-30,Basic,564.47
9188,Randy Moody,usullivan@example.com,Mayotte,2021-11-21,Standard,192.29
9189,Kathy Martinez,huntjonathan@example.net,Cote d'Ivoire,2021-09-27,Basic,796.71
9190,Bonnie Hendricks,nwarner@example.org,Niger,2021-01-16,Standard,1831.19
9191,Jordan Fernandez,tgomez@example.net,Western Sahara,2022-05-31,Standard,1596.54
9192,Pam Dickson,omarshall@example.org,Jersey,2023-04-20,Standard,2901.09
9193,Latoya Sweeney,ahardin@example.org,Cuba,2021-05-03,Standard,295.38
9194,Robin Keith,scottnancy@example.net,Afghanistan,2020-09-20,Standard,2466.88
9195,Samuel Jones,nathanlee@example.net,Mauritius,2020-10-09,Standard,1728.53
9196,Steven Carter,marksanders@example.com,United States Virgin Islands,2020-01-08,Premium,520.48
9197,Amy Navarro,jeffery76@example.org,Bolivia,2021-01-06,Standard,1987.57
9198,Natasha Gonzalez,tim98@example.org,Reunion,2021-09-28,Standard,1687.25
9199,Henry Estrada,deannadiaz@example.com,Peru,2022-01-07,Standard,556.3
9200,Paige Watkins,wwilliams@example.net,Colombia,2022-10-19,Standard,954.72
9201,Timothy Smith,jonessarah@example.net,South Africa,2021-04-28,Premium,837.81
9202,Robert Andrews,mannwilliam@example.com,Dominica,2023-07-21,Basic,476.23
9203,Diana Bird,tyler43@example.com,Pakistan,2024-03-14,Standard,1097.48
9204,Kevin Mccoy,shelleyhawkins@example.net,Grenada,2022-08-02,Standard,1070.85
9205,Phillip Walker,dakotawilliams@example.org,Mauritania,2023-05-06,Premium,6038.95
9206,Ricky Taylor,williamsstephen@example.com,Nepal,2023-12-30,Basic,63.89
9207,Dale Oconnor,melinda70@example.net,Serbia,2023-12-28,Standard,478.07
9208,Robert Miller,william24@example.org,South Africa,2024-10-23,Standard,2412.62
9209,Mrs. Gina Nguyen,nicole57@example.org,Nepal,2021-01-30,Standard,1156.76
9210,Lisa Adams,wsmith@example.com,Aruba,2020-01-26,Basic,412.14
9211,Matthew Moore,laura99@example.org,Ethiopia,2021-03-17,Basic,587.27
9212,Tonya Greer,jeff95@example.net,Spain,2020-02-24,Standard,855.69
9213,Lance Martinez,stacyruiz@example.org,Jordan,2024-09-14,Premium,11988.75
9214,Lisa Underwood,thomasprice@example.org,Bhutan,2022-09-15,Premium,9071.15
9215,Matthew Ruiz,ddavila@example.com,Saint Barthelemy,2022-12-19,Premium,5373.63
9216,Stephanie Martinez,joshua78@example.net,Timor-Leste,2022-04-12,Basic,36.08
9217,Chris Garcia,keith90@example.org,Thailand,2022-03-27,Basic,473.55
9218,Gloria Morris,udixon@example.com,Congo,2024-07-26,Basic,505.23
9219,Victoria Johnson,michellejohnson@example.org,Korea,2020-12-02,Basic,298.17
9220,Danielle Soto,bobby53@example.org,Poland,2022-03-15,Premium,1176.49
9221,Paula Smith,butlerteresa@example.net,Kuwait,2020-06-02,Basic,340.44
9222,Heather Brown,ndonovan@example.net,Denmark,2020-11-04,Standard,800.94
9223,Benjamin Herrera,william51@example.org,Bulgaria,2021-10-14,Standard,1683.44
9224,Melissa Cisneros,likeith@example.com,Eritrea,2020-03-22,Standard,1445.93
9225,Ashley Stokes,glennpacheco@example.org,Somalia,2021-02-03,Premium,11871.33
9226,Taylor Jones,gabrielleheath@example.org,Netherlands Antilles,2022-02-08,Basic,479.62
9227,Jessica Guzman,cbowman@example.org,Tokelau,2023-12-20,Basic,609.53
9228,Catherine Morris DVM,jonesshannon@example.com,Grenada,2020-01-03,Basic,386.07
9229,Julie Campbell,spencesarah@example.org,Tanzania,2023-05-29,Basic,711.66
9230,Samantha Ortiz,haynesdanielle@example.com,Andorra,2022-08-02,Standard,416.74
9231,Nicholas Soto,uhamilton@example.com,Lithuania,2022-02-27,Premium,4591.32
9232,Stephanie Anderson,beckymccormick@example.net,Egypt,2022-12-31,Basic,29.37
9233,Monica Moore,brittany22@example.org,Malaysia,2022-11-26,Standard,922.48
9234,Kimberly Gibbs,reynoldseric@example.com,Poland,2022-03-10,Basic,1.19
9235,Gregg Foster,josebryan@example.net,Finland,2024-01-30,Premium,5011.29
9236,Kelly Walker,jennifer27@example.net,French Guiana,2022-06-19,Standard,1358.96
9237,David Obrien,vincentcraig@example.net,Hong Kong,2021-07-22,Standard,1265.17
9238,Ethan Campbell,ortizbrian@example.net,Germany,2020-01-22,Standard,1464.17
9239,Nancy Simpson,vincent60@example.com,Cayman Islands,2022-09-30,Basic,573.54
9240,Ryan Jacobson,jamescooley@example.net,Cyprus,2022-05-01,Basic,793.03
9241,Alison Williams,ltownsend@example.org,American Samoa,2022-06-26,Standard,1248.48
9242,Richard Davila,matthew28@example.org,Costa Rica,2020-02-20,Standard,2584.48
9243,John Stewart,jnoble@example.org,Cameroon,2023-03-02,Premium,14762.22
9244,Brady Johnson,danielwarren@example.org,Albania,2023-02-17,Standard,2168.91
9245,Rebecca Williams,nathanchase@example.org,Ecuador,2023-10-04,Standard,320.65
9246,Justin Soto,mnicholson@example.com,Cocos (Keeling) Islands,2023-08-16,Standard,898.24
9247,Mary Russell,bgallagher@example.com,Angola,2024-06-15,Standard,1614.94
9248,George Thompson,michael27@example.com,Cape Verde,2022-12-02,Standard,2311.52
9249,Ashley Hudson,silvamichael@example.com,Guinea,2021-01-03,Standard,699.73
9250,Rachel Torres,kingjoseph@example.net,Australia,2024-12-20,Basic,342.72
9251,Eric Shields,chelseaturner@example.net,Nicaragua,2021-11-19,Standard,2530.63
9252,Jasmine Patterson,reillydonna@example.net,Trinidad and Tobago,2024-05-02,Standard,2469.86
9253,Shelley Kirk,xadams@example.net,New Caledonia,2027-01-01,Basic,794.55
9254,Alexis Davis,hernandezantonio@example.org,Brazil,2023-02-07,Basic,286.32
9255,Jeffrey Marshall,connienavarro@example.com,Slovakia (Slovak Republic),2021-04-13,Basic,106.05
9256,Travis Hayes,kristopher88@example.net,Bhutan,2020-07-31,Standard,1363.51
9257,Rebecca Hanson,xhenry@example.net,Ukraine,2023-02-17,Standard,1413.25
9258,Shannon Anderson,crawfordkenneth@example.org,Brazil,2024-01-10,Basic,489.11
9259,Richard Mayo,zpaul@example.com,American Samoa,2024-09-25,Standard,2173.01
9260,Eric Lopez,gregoryanderson@example.net,Botswana,2021-10-16,Standard,544.11
9261,Brandi Whitehead,karen79@example.org,Saint Barthelemy,2020-01-07,Basic,148.1
9262,Colleen Carter,wileychad@example.net,Gabon,2022-08-08,Premium,7294.59
9263,Adam Johnson,daniel49@example.org,Palau,2024-02-03,Basic,483.65
9264,Thomas Baird,ashleymercado@example.net,Argentina,2022-02-25,Basic,407.64
9265,Heather Kennedy,frazierjames@example.org,Guyana,2020-09-15,Premium,13554.52
9266,Pamela Gutierrez,psutton@example.net,Tanzania,2024-11-17,Basic,235.26
9267,Joseph Sullivan,frenchjasmine@example.org,Macao,2022-06-08,Standard,287.78
9268,Andrew Tyler,alexandrashepherd@example.com,Cayman Islands,2020-08-09,Basic,158.4
9269,Michael Campbell,kenneth75@example.com,Barbados,2020-08-22,Basic,710.95
9270,Peter Morales,yeseniamoore@example.net,Swaziland,2021-02-09,Basic,739.87
9271,Michaela Kelley,martinnancy@example.org,New Caledonia,2023-08-05,Premium,11501.6
9272,Rhonda Elliott,mcdonaldheidi@example.org,Morocco,2021-02-25,Basic,668.61
9273,Kelly Hood,ylucas@example.org,Korea,2024-12-26,Basic,697.28
9274,Jennifer Stone,bmontoya@example.org,Cape Verde,2021-11-20,Standard,2967.09
9275,Jerry Klein,victoria44@example.org,Guatemala,2021-07-07,Standard,2251.53
9276,Heather Mitchell,vstafford@example.net,Marshall Islands,2024-11-03,Premium,5889.11
9277,Todd Jones,sarakramer@example.org,Madagascar,2022-03-13,Basic,794.3
9278,Rachel Yu,michael44@example.com,Kiribati,2021-02-18,Premium,4504.53
9279,Erika Myers,phamdaniel@example.net,Zimbabwe,2023-05-08,Standard,865.96
9280,Mark Duncan,danielbaker@example.net,Holy See (Vatican City State),2022-03-11,Basic,396.9
9281,Eric Stanton,michael45@example.com,South Africa,2024-06-06,Basic,647.25
9282,Mark Andrews,allisonthompson@example.com,Bolivia,2020-07-20,Basic,404.09
9283,Kevin Hayes,richardwalker@example.com,Antigua and Barbuda,2021-06-22,Standard,1153.12
9284,Tina Johnson,marymoore@example.net,Zambia,2022-02-05,Premium,8906.87
9285,Annette Tran PhD,helen18@example.com,Puerto Rico,2022-05-08,Standard,2717.43
9286,Christopher Allen,william13@example.org,Nigeria,2023-11-25,Premium,12702.02
9287,Mr. Curtis Mccall,deanmelissa@example.net,Zimbabwe,2022-01-14,Basic,667.19
9288,Anna Serrano,kyle62@example.net,Singapore,2022-03-24,Standard,1632.98
9289,Matthew Meyer,hoffmanjake@example.com,Saint Kitts and Nevis,2021-04-19,Standard,2056.23
9290,Pamela Taylor,kreynolds@example.net,El Salvador,2023-03-11,Premium,6295.39
9291,Nicole Pierce,garzarichard@example.com,Portugal,2020-02-27,Standard,2108.51
9292,Patricia Parks,jcollier@example.com,Reunion,2022-06-07,Basic,246.34
9293,Caitlyn Salazar,walkermelissa@example.com,British Virgin Islands,2024-04-15,Basic,283.28
9294,Jose Rodriguez,doughertytracy@example.com,Angola,2023-09-26,Premium,8989.6
9295,Steven Stephens,thall@example.net,Australia,2023-12-14,Premium,836.47
9296,Bruce Mcdaniel,andersonvictor@example.org,Mongolia,2024-03-10,Standard,796.99
9297,Patricia Brown,butlerjeremy@example.org,Jamaica,2020-01-19,Premium,2038.49
9298,Ethan Dougherty,rivasshannon@example.org,Mozambique,2022-10-22,Basic,164.48
9299,Thomas Hamilton,carl66@example.org,Iraq,2022-03-14,Standard,174.89
9300,George Dunn,kristie44@example.net,Burkina Faso,2023-09-30,Premium,9345.53
9301,Anthony Nelson,wcarter@example.org,Macao,2024-01-06,Basic,92.74
9302,William Adkins,daniel65@example.org,Lithuania,2020-03-03,Standard,1231.99
9303,Jennifer Richmond,stacycooper@example.org,Germany,2020-11-13,Standard,1682.96
9304,Anna Owens,reneedavis@example.org,Hong Kong,2024-10-28,Standard,1005.45
9305,Tiffany Tran,andrew63@example.com,Greece,2024-09-04,Premium,8747.2
9306,Kelsey Peterson,esellers@example.org,France,2022-01-21,Standard,1896.31
9307,Wesley Wagner,ryanhale@example.com,Christmas Island,2024-02-29,Basic,157.84
9308,Catherine Ward,alyssameyer@example.com,Algeria,2021-05-04,Basic,396.25
9309,Evelyn Bailey,phillipalvarez@example.org,Greece,2022-08-16,Standard,2468.08
9310,Shelby Wilson,coreysims@example.org,Russian Federation,2023-03-24,Standard,1819.11
9311,Traci Acosta,agreen@example.org,Guatemala,2023-09-27,Standard,1503.54
9312,Emily Wilson,caseydaniel@example.org,Latvia,2023-06-19,Standard,1743.49
9313,Mark Allen,tiffanyjohnson@example.org,Bouvet Island (Bouvetoya),2021-01-05,Standard,785.36
9314,Megan Mccormick,zstrickland@example.net,Algeria,2023-03-06,Standard,2808.82
9315,Nathan Hall,ernest58@example.net,El Salvador,2022-10-24,Premium,9267.98
9316,Linda Young,tararios@example.com,India,2021-09-22,Basic,448.76
9317,Dylan Arellano,nadkins@example.net,Thailand,2020-03-02,Basic,90.88
9318,Gabriel Graham,latoyapatterson@example.net,Austria,2024-04-08,Standard,2664.27
9319,Emily Lucas,dickersonadam@example.org,Ethiopia,2024-10-28,Basic,115.62
9320,Erica Hawkins,lbrooks@example.net,Cote d'Ivoire,2020-09-07,Premium,13002.7
9321,Ricky Morgan,westryan@example.net,Guyana,2023-07-14,Basic,489.43
9322,Roger Sawyer,andrew47@example.com,Cameroon,2021-04-14,Standard,1444.47
9323,Todd Moore,oliverdominic@example.com,Samoa,2022-02-08,Premium,11840.22
9324,Elizabeth Ritter,laura40@example.net,Luxembourg,2024-09-02,Standard,1071.48
9325,Ariel Wells,hrodriguez@example.com,Korea,2023-11-23,Standard,754.79
9326,Brittany Blackwell,rhondamyers@example.org,Pakistan,2024-01-26,Standard,1885.16
9327,Wesley Davis,foxkim@example.net,Netherlands,2023-10-23,Standard,2139.16
9328,Mark Case,dennis12@example.org,Sri Lanka,2023-10-05,Premium,10021.89
9329,Laura Collins,psanchez@example.net,Botswana,2022-05-16,Premium,8565.02
9330,Natasha Donaldson,dylan69@example.org,Bolivia,2024-02-25,Standard,2792.21
9331,Alexander Bennett,vaughnmark@example.org,United States of America,2021-09-19,Standard,1131.55
9332,Antonio Martinez,nicholasmorrison@example.net,New Zealand,2020-09-21,Premium,11853.38
9333,Rachel Russell,samantha43@example.com,El Salvador,2022-07-09,Standard,1384.55
9334,Keith Marquez,cooperjennifer@example.org,Belarus,2021-07-16,Standard,2341.35
9335,Rachel Jackson,umartinez@example.net,Slovenia,2021-08-30,Standard,644.09
9336,Denise Phillips,dperry@example.net,Palestinian Territory,2022-09-10,Basic,139.87
9337,Norman Kim,rebecca60@example.org,Samoa,2022-03-09,Standard,978.74
9338,Joe King DDS,bmccormick@example.net,Guernsey,2021-07-04,Standard,496.36
9339,Debra Copeland,lawrencemorgan@example.net,Djibouti,2022-04-13,Standard,919.62
9340,Joseph Gordon,kyle80@example.org,Brunei Darussalam,2024-03-04,Standard,2426.51
9341,Adrian Salazar,xhill@example.org,Bangladesh,2022-01-05,Premium,5313.44
9342,Kathleen Ortega,ariana27@example.com,Brunei Darussalam,2024-11-13,Premium,14568.35
9343,Crystal David,shannoneric@example.net,Dominican Republic,2024-02-12,Basic,517.96
9344,Thomas Walsh,djohnson@example.com,Colombia,2020-12-15,Standard,2974.42
9345,Louis Butler,tim39@example.org,Hong Kong,2024-09-15,Standard,766.13
9346,Ashley Howell,mpierce@example.org,Dominica,2024-01-16,Standard,846.26
9347,James Donovan,bennettjeff@example.net,Fiji,2020-08-09,Standard,2834.68
9348,Rachel Ellis,matthewthompson@example.com,Liberia,2021-04-24,Basic,196.33
9349,Bryan Bailey,haydenhamilton@example.org,Northern Mariana Islands,2023-01-02,Standard,1114.68
9350,Darrell Palmer,rosemichael@example.org,Antigua and Barbuda,2022-07-20,Premium,5738.41
9351,April Sims,chelseygarrett@example.com,Austria,2024-06-14,Basic,276.04
9352,John Armstrong,barbara35@example.org,Iran,2022-01-15,Standard,1839.79
9353,John White,paulaanderson@example.com,Guernsey,2023-03-18,Standard,1378.93
9354,David Hansen,cmorgan@example.net,Italy,2022-02-16,Basic,404.8
9355,Kristin Smith,brucemartin@example.org,Bolivia,2022-03-24,Standard,2288.22
9356,Mr. Justin Flores,katherine43@example.org,Cambodia,2021-10-12,Standard,1560.1
9357,Jason Wright,hensleykeith@example.com,Ecuador,2022-07-20,Basic,167.88
9358,Brian Mitchell,silvaallison@example.net,Vanuatu,2022-07-19,Standard,189.43
9359,Jennifer Williams,owolfe@example.com,Armenia,2020-04-05,Standard,2580.9
9360,Robert Randolph,benjaminbailey@example.org,Djibouti,2024-01-18,Premium,3998.08
9361,Christine Chavez,romerojeremy@example.org,Ireland,2022-03-20,Standard,1138.25
9362,Mr. Chad Koch,vcantrell@example.net,Mexico,2021-10-19,Standard,2084.22
9363,John Cook,mitchelllisa@example.net,Saint Barthelemy,2022-01-23,Standard,2938.27
9364,Gregory Yoder,elizabethedwards@example.org,Cambodia,2020-12-08,Standard,279.4
9365,Mark Jackson,zparker@example.net,Western Sahara,2022-11-17,Basic,55.03
9366,Tracy Anderson,wmiller@example.com,Saint Pierre and Miquelon,2024-11-14,Standard,1020.79
9367,John Clark,icamacho@example.net,United States of America,2024-09-03,Basic,207.71
9368,Johnny Walters,craig86@example.com,Niger,2021-04-03,Basic,795.74
9369,Courtney Miranda,ryanrobinson@example.com,Saint Pierre and Miquelon,2020-06-02,Basic,95.61
9370,Linda Alvarado,patriciamartin@example.org,Gabon,2022-04-17,Basic,785.82
9371,Susan Wilson,sarah81@example.org,Turks and Caicos Islands,2021-05-06,Basic,58.04
9372,Taylor Horne,johnlewis@example.com,Congo,2021-03-19,Premium,850.62
9373,Mary Roberts,jasonmorris@example.net,Puerto Rico,2022-09-04,Standard,2763.16
9374,Natasha Lawson,hadkins@example.org,United States of America,2022-04-26,Basic,13.57
9375,John Lopez,mary10@example.org,Pakistan,2020-07-01,Standard,855.22
9376,Richard Montoya,chill@example.net,Ethiopia,2023-08-17,Standard,735.28
9377,William Hale,handerson@example.net,United States of America,2022-02-09,Basic,598.3
9378,Jessica Johnson,megangordon@example.org,Botswana,2023-07-09,Premium,8605.72
9379,Jose Jones,jacksonnicholas@example.com,Venezuela,2023-10-28,Standard,118.29
9380,Joseph Christensen,barnettrobert@example.com,Saint Martin,2021-01-04,Premium,11190.53
9381,Michael Morgan,jacobsmicheal@example.com,Saint Vincent and the Grenadines,2023-02-12,Standard,1325.38
9382,Erin Rose,jonesjeremy@example.org,Belarus,2022-12-31,Standard,719.39
9383,Roy Burke,greenjesse@example.org,Ukraine,2024-01-20,Standard,305.6
9384,Maria Maxwell,michaellynch@example.com,Ecuador,2023-10-24,Basic,514.16
9385,Michael Mckenzie,kendrapatterson@example.net,Faroe Islands,2023-02-04,Standard,747.45
9386,Ashley Wheeler,ashleyfisher@example.org,Kenya,2023-06-11,Standard,1501.64
9387,Susan Ramos,adamalvarez@example.org,Peru,2024-11-08,Basic,473.03
9388,Adam Foster,smithhaley@example.net,Zimbabwe,2022-08-08,Basic,720.95
9389,William Mitchell,vfletcher@example.net,Zimbabwe,2022-12-04,Standard,295.22
9390,Maureen Chavez,sophia72@example.com,Samoa,2022-09-25,Premium,5502.09
9391,Dr. Pedro Moore Jr.,jamesreyes@example.net,Grenada,2022-03-08,Standard,1066.11
9392,David Green,adamjones@example.com,Nicaragua,2023-02-21,Basic,614.35
9393,Timothy White,youngbreanna@example.org,Peru,2022-07-18,Standard,514.71
9394,Rachael Harris,tamara56@example.com,Cook Islands,2020-12-12,Standard,769.99
9395,Riley Grimes,grayashley@example.net,Austria,2021-05-08,Basic,544.75
9396,Donna Salazar,mcleansydney@example.com,Georgia,2024-05-19,Standard,1608.14
9397,Jacob Rivera,washingtonbecky@example.net,Djibouti,2020-12-16,Standard,2763.91
9398,Mrs. Breanna Gordon,belinda28@example.com,Sri Lanka,2021-07-02,Basic,711.02
9399,Garrett Cowan,alvarezmaureen@example.org,Svalbard & Jan Mayen Islands,2024-01-09,Basic,602.18
9400,Kaylee Wiggins,gonzaleztony@example.net,Poland,2021-12-30,Standard,2749.34
9401,Alvin Williams,smithvictoria@example.com,Marshall Islands,2022-06-19,Standard,1053.28
9402,Laura Webb DDS,sheenacummings@example.com,United Kingdom,2021-07-26,Standard,1682.84
9403,Jamie Turner,marywilson@example.com,Myanmar,2024-12-27,Standard,2308.29
9404,Michael Lawson,heatherreynolds@example.com,Myanmar,2022-01-16,Standard,1657.1
9405,Toni Carpenter,vincent59@example.com,Tuvalu,2021-04-08,Basic,285.11
9406,Isaac Martinez,jennystewart@example.net,Iraq,2021-01-22,Standard,2046.59
9407,Michael Ellis,amy57@example.com,Marshall Islands,2023-06-25,Standard,1092.28
9408,Alexander Jones,kristopher75@example.org,Christmas Island,2020-04-07,Premium,733.39
9409,Jacob Young,william00@example.org,Spain,2023-10-31,Basic,93.75
9410,Michael Jackson,wyork@example.org,Kenya,2024-02-08,Standard,323.89
9411,Patricia Mathews,mendozajennifer@example.org,South Georgia and the South Sandwich Islands,2024-03-21,Standard,359.57
9412,Stephen Anderson,georgedamon@example.com,Saint Helena,2023-12-08,Standard,2084.36
9413,Jodi Moore,jackpark@example.com,Turks and Caicos Islands,2024-02-21,Standard,2482.93
9414,Jesse Howard,philliphaley@example.net,Marshall Islands,2021-11-25,Basic,146.28
9415,Tina Jackson,tayloredward@example.com,Micronesia,2020-10-07,Basic,182.73
9416,Marc Todd,ballchristian@example.net,Faroe Islands,2020-06-03,Standard,2803.19
9417,Jennifer Warner,samuelbell@example.org,Angola,2020-11-03,Standard,928.78
9418,Timothy Clark,angela77@example.org,Ethiopia,2024-02-23,Basic,164.89
9419,David Newman,deandavid@example.net,Kenya,2020-05-22,Standard,741.49
9420,Joseph Mckenzie,zbaker@example.org,Brazil,2020-10-13,Basic,164.04
9421,Dylan Boyer,pyates@example.com,Belize,2024-05-30,Premium,789.8
9422,Ashley Juarez,miranda76@example.net,Serbia,2024-06-10,Premium,13261.78
9423,Sarah Proctor,rebecca21@example.net,Iran,2022-10-09,Standard,2497.82
9424,Tammy Franklin,christopherturner@example.com,Belize,2020-03-16,Standard,1334.67
9425,Peter Sanchez,pdavis@example.net,Anguilla,2020-10-03,Standard,2417.12
9426,Elizabeth Smith,olivialee@example.com,Cyprus,2020-05-21,Basic,205.15
9427,Gary Munoz,lisa00@example.net,Israel,2024-11-20,Premium,11407.74
9428,Toni Horn,obrienmelissa@example.com,Montenegro,2024-05-23,Standard,-140.54
9429,David Ochoa MD,griffinpatricia@example.org,Armenia,2023-06-12,Standard,798.79
9430,Robert Zuniga,warnercrystal@example.org,Czech Republic,2024-02-28,Basic,327.37
9431,Daniel Wade,michaeltorres@example.org,Portugal,2021-10-03,Standard,1016.59
9432,Thomas Flores PhD,raymond26@example.com,Romania,2023-06-26,Standard,1684.86
9433,Brett Jackson,grobinson@example.org,El Salvador,2021-08-20,Standard,2022.56
9434,Terry Gillespie,stephanieperez@example.net,North Macedonia,2021-03-10,Standard,1092.19
9435,Donald Arroyo PhD,ashleycummings@example.net,Saint Helena,2020-07-29,Basic,774.22
9436,Steven James,popebrandi@example.net,Tonga,2020-04-10,Standard,2547.32
9437,Gregory Davis,figueroachad@example.org,Vietnam,2023-01-04,Standard,475.91
9438,Samantha Gutierrez,james59@example.net,Panama,2021-07-08,Basic,588.18
9439,Monica Brown,dawn32@example.org,Rwanda,2024-04-04,Standard,1855.82
9440,Kristin Valdez,josephsantos@example.net,Netherlands,2021-02-07,Premium,11796.65
9441,Michael Flores,jenniferfleming@example.org,Austria,2024-05-28,Standard,925.45
9442,Jennifer Copeland,omartinez@example.com,Kiribati,2021-05-12,Basic,49.29
9443,Rebecca Perkins,josephfletcher@example.net,Iran,2021-06-12,Basic,477.96
9444,Lisa Jackson,hharris@example.net,Pakistan,2021-08-07,Standard,551.81
9445,Jennifer Smith,jenniferbennett@example.net,New Zealand,2024-06-07,Basic,577.93
9446,Anthony Flores,christine42@example.net,Monaco,2024-10-07,Standard,691.31
9447,Joshua Merritt,ericcox@example.org,Honduras,2024-07-26,Standard,1235.18
9448,William Levy,washingtonamanda@example.com,Cayman Islands,2022-08-27,Standard,1208.82
9449,Shannon Rodriguez,bgilbert@example.net,India,2023-12-29,Standard,413.64
9450,Christopher Anderson,wilsonhenry@example.org,French Polynesia,2022-10-20,Standard,724.41
9451,Alexandra Gregory,tina17@example.com,Albania,2021-12-27,Basic,139.18
9452,Lisa Wilson,nwoods@example.org,Mali,2020-09-30,Standard,2000.13
9453,Alex Owens,nelsonsara@example.org,Panama,2021-09-20,Basic,520.88
9454,Sarah Solis,tristan86@example.org,Haiti,2024-12-24,Standard,2955.7
9455,Melissa Wright,flynndavid@example.net,Gabon,2024-01-19,Standard,921.59
9456,David Morris,davidruiz@example.org,Oman,2022-11-20,Premium,13148.42
9457,Hannah Williams,rebeccabrown@example.com,Tonga,2021-12-02,Standard,397.04
9458,James Oliver,glennwhite@example.org,Romania,2020-05-02,Premium,14240.55
9459,Sabrina Meyer,cynthia74@example.net,Congo,2022-11-03,Standard,2793.99
9460,Deborah Miller,nicoleabbott@example.org,Gibraltar,2023-04-02,Basic,106.31
9461,Brandi Porter,sheila02@example.net,Bouvet Island (Bouvetoya),2021-08-14,Basic,187.85
9462,Christine Hernandez,nvincent@example.net,Cocos (Keeling) Islands,2023-11-04,Premium,5478.64
9463,Kristine Hatfield,gmarsh@example.org,Iceland,2020-11-11,Standard,1292.64
9464,Daniel Garrett,kristy12@example.net,Mozambique,2024-06-30,Premium,10222.78
9465,Jennifer Young,blackanthony@example.net,Ecuador,2022-06-19,Basic,696.7
9466,Alejandra Hayes,floydkenneth@example.com,Cook Islands,2024-06-09,Standard,125.83
9467,Allison Wells,kelleyamanda@example.net,Dominica,2023-10-10,Standard,2764
9468,Julia Allen,brooke40@example.net,Western Sahara,2020-10-16,Standard,1731.01
9469,Whitney Pena,wendymeyers@example.org,Oman,2023-11-21,Standard,289.25
9470,Mark Wright,melissamurphy@example.org,India,2022-05-27,Standard,172.65
9471,Kelsey Roberts,john89@example.org,Central African Republic,2020-01-29,Standard,1474.17
9472,Derek Adkins,thomasstephens@example.com,Honduras,2024-10-07,Premium,11903.05
9473,Eric Diaz,ycochran@example.net,Portugal,2022-07-21,Premium,3937.54
9474,Kaylee Jackson,jennifer12@example.com,Seychelles,2021-02-05,Premium,8623.7
9475,Natalie Garcia,robertfoster@example.org,South Georgia and the South Sandwich Islands,2021-05-24,Standard,936.88
9476,Tammy Crawford,matthew56@example.net,Guadeloupe,2024-05-19,Basic,263.04
9477,Don Davis,gregory38@example.com,Belarus,2022-04-30,Standard,216.02
9478,Emily Franklin,walkerdenise@example.org,Cape Verde,2022-10-02,Basic,303.01
9479,Patricia Brown,milleralbert@example.org,Paraguay,2021-09-04,Standard,114
9480,Alexander Johnson,jessica28@example.org,Italy,2022-10-13,Basic,510.4
9481,Evan Watts,banksallison@example.org,North Macedonia,2022-09-25,Basic,575.97
9482,Melody Stout,craig72@example.com,Comoros,2020-04-03,Standard,2424.87
9483,Don Flores,mary24@example.com,Israel,2024-03-12,Basic,538.71
9484,Melissa Bridges,michael72@example.org,Australia,2024-03-12,Standard,1728.55
9485,Bryan Miller,johnsondonald@example.net,Gabon,2020-09-23,Basic,339.69
9486,Jessica Ellis,hhamilton@example.net,Christmas Island,2021-07-15,Standard,352.46
9487,Kent Owens,scottpeterson@example.com,Panama,2024-11-10,Standard,171.58
9488,Lisa Phillips,dalecohen@example.org,Thailand,2023-07-15,Standard,1298.97
9489,James Hobbs,rosslindsey@example.org,Grenada,2022-11-11,Basic,520.07
9490,William Nicholson,kjackson@example.net,Belgium,2022-07-13,Basic,274.56
9491,Marcia Harris,xmorgan@example.org,Niue,2021-08-17,Standard,1803.39
9492,Carlos Gomez,robinsonkimberly@example.com,Mali,2022-03-19,Basic,738.54
9493,Brenda Johnson,hestermelissa@example.net,United States Minor Outlying Islands,2021-01-04,Basic,203.55
9494,Maxwell Mccann,kevin07@example.net,Eritrea,2023-05-12,Standard,2557.06
9495,Danielle Lewis,garciastephanie@example.com,French Southern Territories,2022-10-25,Premium,4448.34
9496,Melissa Lucas,brandon96@example.com,Portugal,2020-04-10,Premium,2068.2
9497,Sean Sanders,steven05@example.com,Russian Federation,2023-06-26,Premium,9735.44
9498,John Smith,xsmith@example.com,San Marino,2022-03-27,Premium,8199.43
9499,Samuel Romero,ibarnett@example.org,Lesotho,2023-04-27,Basic,453.99
9500,Cassandra Harrison,michaelmorales@example.net,Guinea-Bissau,2024-01-22,Standard,774.73
9501,Christian Gutierrez,katherinemontgomery@example.net,Palau,2022-11-21,Standard,2232.92
9502,Lisa Campbell,crawfordsamuel@example.com,Turkmenistan,2022-09-07,Standard,1558.56
9503,Jenny Henderson,haley89@example.net,India,2020-09-02,Standard,1634.38
9504,Timothy Rogers,sandovalryan@example.org,Moldova,2022-03-18,Standard,1689.37
9505,Duane Harris,michellecortez@example.org,Afghanistan,2022-11-28,Standard,2577.26
9506,Michael Ruiz,bburton@example.org,United Kingdom,2021-07-21,Standard,702.28
9507,Deborah Finley,andrewpena@example.net,Kuwait,2024-12-23,Standard,2250.33
9508,Diana Ward,qhill@example.org,Saint Vincent and the Grenadines,2020-02-29,Premium,12713.55
9509,Charles Martinez,susanlynch@example.com,Dominican Republic,2021-10-17,Basic,375.16
9510,Kelly Wilson,fernandeztravis@example.net,Guinea,2023-03-20,Premium,14640.48
9511,Jordan Phillips,jessicasmith@example.org,Uzbekistan,2023-10-20,Standard,1277.1
9512,Shane Gonzales,gabriela86@example.org,Swaziland,2021-11-08,Standard,1814.23
9513,Madison Shea,katherinereyes@example.com,Mauritania,2022-09-03,Standard,1710.37
9514,Kathryn Clay,francokaren@example.org,Guernsey,2022-02-25,Basic,773.25
9515,Paula Jordan,edward05@example.org,Sudan,2020-04-21,Premium,2654.16
9516,Sarah Brown,thompsonmichael@example.com,Lao People's Democratic Republic,2021-03-09,Basic,338.84
9517,Jenna Liu,guzmanjennifer@example.com,Kuwait,2020-12-14,Basic,570.56
9518,Kyle Juarez,susan18@example.com,Poland,2022-07-09,Standard,2870
9519,Benjamin Webster,wesleygonzalez@example.net,Paraguay,2022-03-13,Standard,2962.81
9520,David Wright,whitney65@example.net,Falkland Islands (Malvinas),2023-06-12,Premium,4071.91
9521,Molly Spencer,olivia76@example.org,Afghanistan,2021-09-16,Basic,245.23
9522,Keith Hall,kimberly67@example.org,Korea,2021-01-16,Standard,2382.66
9523,Michael Rodriguez,hmyers@example.com,Sweden,2021-06-15,Premium,3344.76
9524,Charles Fisher,castillolauren@example.org,Guyana,2020-12-06,Standard,1294.03
9525,Edward Spencer,andrew82@example.net,Myanmar,2021-12-29,Premium,9873.93
9526,Alexis Davis,brownnicholas@example.net,Pitcairn Islands,2021-08-03,Standard,2681.48
9527,Michael Trevino,westjesse@example.com,Monaco,2021-07-12,Standard,1685.59
9528,Danielle Smith,,Korea,2020-09-10,Premium,1781.81
9529,Sara Abbott,mthompson@example.com,Australia,2022-07-01,Basic,-406.74
9530,Ernest Lowe,lsantiago@example.com,Niue,2021-02-08,Standard,1779.4
9531,Christine Welch,jroberts@example.com,Liechtenstein,2024-10-27,Standard,1964.89
9532,William Dixon Jr.,damonmorris@example.net,Central African Republic,2022-10-10,Standard,2474.83
9533,Christina Jackson,jenniferjohnson@example.net,Cuba,2021-12-16,Basic,594.71
9534,Janet Mcpherson,derrickowens@example.org,Egypt,2020-12-08,Standard,2034.36
9535,Brian Harper,james14@example.com,Suriname,2020-09-02,Basic,275.76
9536,Chad West,johnmorgan@example.org,Barbados,2020-05-25,Standard,180.33
9537,Taylor Davidson,kelly46@example.net,Armenia,2020-12-09,Basic,227.03
9538,Joseph Rogers,stacyburns@example.com,Micronesia,2020-06-13,Standard,805.04
9539,Amy Garrison,dellis@example.net,Saint Pierre and Miquelon,2022-04-14,Basic,715.03
9540,Kristopher Richardson,fostersara@example.org,Cameroon,2024-07-02,Premium,8879.08
9541,James Turner,evansarthur@example.com,Bouvet Island (Bouvetoya),2023-05-12,Basic,799.68
9542,Savannah Miller,stewartjohn@example.net,Somalia,2023-09-04,Basic,328.15
9543,Cheryl Garcia,jennavance@example.net,Norfolk Island,2022-09-11,Standard,1988.33
9544,Kevin Hernandez Jr.,brownpamela@example.org,Kazakhstan,2022-08-12,Standard,2769.62
9545,Sean Wu,chelsea91@example.net,Nicaragua,2023-08-28,Standard,286.82
9546,Kevin Lowe,normansteven@example.net,Tajikistan,2023-12-27,Standard,2167.56
9547,Anthony Shea,joseburch@example.net,Jersey,2020-09-29,Standard,839.21
9548,Donald Hartman,jonesrobert@example.com,American Samoa,2021-04-05,Standard,1686.99
9549,William Stephenson,hubervictor@example.com,Bangladesh,2021-01-22,Standard,561.76
9550,Anne Horne,andrew76@example.com,Angola,2023-06-26,Premium,5060.42
9551,Tyler Marshall,hunterrandall@example.org,Liberia,2021-03-01,Basic,121.6
9552,Megan Gibbs,qhernandez@example.com,Aruba,2023-08-01,Premium,12820.77
9553,Debbie Graham,elliottmary@example.net,Ecuador,2022-07-09,Standard,1799.37
9554,Kimberly Robinson,ashley01@example.com,Madagascar,2022-04-13,Premium,1665.78
9555,Krystal Brown,lawrencedavid@example.com,Greece,2021-04-29,Premium,13659.22
9556,Jimmy King,marksjustin@example.net,Suriname,2024-10-09,Premium,3256.14
9557,Ryan Sullivan,rebeccawilson@example.org,Seychelles,2022-12-22,Standard,2400.04
9558,John Cruz,scottdavis@example.org,Israel,2023-04-26,Standard,453.71
9559,Donald Valentine,richard10@example.org,Nauru,2023-02-09,Standard,2566.32
9560,Elizabeth Martinez,sanchezlarry@example.com,Cote d'Ivoire,2022-11-21,Standard,1569.47
9561,Chelsea Reid,jennifer21@example.com,Guyana,2022-07-04,Standard,238.63
9562,Kathryn Miller,wparsons@example.net,Saudi Arabia,2024-08-14,Premium,13828.55
9563,Craig Bass,hwade@example.net,Netherlands Antilles,2020-04-03,Premium,2761.16
9564,Ronald Oneill,traceybrown@example.org,Niger,2024-11-20,Standard,1349.76
9565,Mckenzie Anderson,vasquezkari@example.org,New Zealand,2021-09-02,Standard,2690.39
9566,Daniel Davis MD,markryan@example.org,Fiji,2023-02-08,Standard,562.63
9567,Anna Quinn,codypayne@example.net,Cocos (Keeling) Islands,2024-04-27,Standard,2414
9568,Nicole Jackson,greenlance@example.com,Aruba,2021-09-02,Basic,328
9569,Erica Moses,jasondavis@example.com,Namibia,2020-06-03,Premium,8620.08
9570,Martha Clay,donaldhorton@example.com,Russian Federation,2023-01-10,Standard,2922.2
9571,Leonard Thompson,probertson@example.net,Bouvet Island (Bouvetoya),2020-06-05,Premium,14252.39
9572,Erin Mcclain,jessica08@example.net,Saint Vincent and the Grenadines,2020-09-15,Standard,1736.04
9573,Mark Murray,sarahwerner@example.com,Myanmar,2024-10-05,Standard,442.03
9574,Brett David,,Ghana,2024-07-09,Basic,513.2
9575,Colleen Fuller,roger94@example.org,Guatemala,2020-09-14,Premium,11909.78
9576,Michael Preston,robert74@example.com,Ghana,2024-03-14,Standard,128.82
9577,Riley Peters,martineztodd@example.org,Saint Barthelemy,2022-04-09,Premium,2172.53
9578,Darrell Harrell,fosterkenneth@example.net,Italy,2022-04-06,Standard,543.19
9579,Anne Koch,nicholashernandez@example.org,Serbia,2024-09-03,Premium,14370.4
9580,Ashley Mack,scott77@example.com,Western Sahara,2023-07-14,Premium,9694.41
9581,Carlos Mcdonald,benjamin90@example.net,North Macedonia,2020-01-30,Basic,195.2
9582,Julia Bailey,katelynsmith@example.org,Syrian Arab Republic,2020-07-06,Premium,5993.68
9583,Michael Chen,garciajeremy@example.net,Albania,2023-01-16,Standard,2559.11
9584,Rachel Molina,lindsaymendez@example.com,Botswana,2020-08-17,Basic,155.6
9585,Heather Hunter,donglenn@example.org,Sao Tome and Principe,2024-05-27,Basic,580.55
9586,Angela Williams DDS,haynesamy@example.com,Vanuatu,2020-08-24,Basic,101.47
9587,Jason Watson,matthewwall@example.net,Faroe Islands,2022-01-29,Standard,1594.97
9588,Allison Ramsey,emma28@example.com,Algeria,2022-01-19,Standard,332.66
9589,Kevin Aguirre,qrodgers@example.com,Saint Kitts and Nevis,2024-11-19,Basic,384.13
9590,John Greene,gilbert49@example.net,Estonia,2022-10-12,Premium,10192.04
9591,Maria Riley,kzamora@example.org,Honduras,2021-06-10,Basic,285.3
9592,Jerry Carroll,steelemark@example.net,Kyrgyz Republic,2021-02-04,Premium,10065
9593,Steven Bailey,brian63@example.com,French Southern Territories,2021-11-13,Basic,92.64
9594,William Mcmahon,owallace@example.com,Cyprus,2020-03-06,Standard,922.3
9595,Eric Hughes,deanna81@example.net,Wallis and Futuna,2023-04-07,Standard,214.59
9596,Jennifer Randall,katherine33@example.com,Algeria,2020-07-13,Standard,2963.41
9597,Tanya Petty,kanedavid@example.com,Eritrea,2021-06-28,Premium,8238.42
9598,Tammy Dawson,vthomas@example.net,Marshall Islands,2022-04-12,Standard,839.22
9599,Thomas Johnson,awade@example.com,Puerto Rico,2023-03-24,Basic,600.58
9600,Laura Rojas,natalieschneider@example.net,Kyrgyz Republic,2020-01-15,Standard,2198.88
9601,Jennifer Rowland,teresaschmidt@example.com,Ireland,2023-09-09,Standard,161.2
9602,Brooke Fox,airwin@example.net,Bermuda,2024-11-11,Premium,2486.8
9603,Justin Lin,smithdeborah@example.net,Luxembourg,2022-11-28,Standard,1057.21
9604,Amanda Lynn,marycook@example.net,Andorra,2023-07-25,Standard,284.94
9605,Michael Kidd,calebsmith@example.com,Korea,2021-11-14,Premium,1771.9
9606,Shannon Moore,michelle20@example.net,Uzbekistan,2021-07-03,Basic,670.08
9607,Heather Shaffer,hjimenez@example.com,Australia,2021-03-16,Standard,1946.98
9608,Paul English,fcalderon@example.org,Switzerland,2024-05-21,Standard,1218.23
9609,Lydia Osborn,cohensamuel@example.com,Ecuador,2024-10-08,Basic,505.27
9610,Jonathan Watson,lfischer@example.com,Ethiopia,2023-11-05,Standard,2396.75
9611,Dawn Chase,frederick28@example.com,Benin,2022-12-19,Basic,766.68
9612,Kelsey Gonzales,acasey@example.com,Guadeloupe,2022-07-22,Standard,941.1
9613,Jordan Tate,hruiz@example.org,Svalbard & Jan Mayen Islands,2020-09-03,Standard,2443.35
9614,Ashley Davies,zmason@example.net,Uzbekistan,2023-01-08,Standard,2692.23
9615,Christopher Ryan,markhudson@example.com,Tuvalu,2023-02-12,Premium,6227.66
9616,Christopher Phillips,keith15@example.com,Bangladesh,2024-09-25,Standard,2128.09
9617,Christopher Hudson,zmassey@example.net,Mongolia,2021-06-30,Premium,9916
9618,John Moody,martin51@example.com,Jersey,2021-06-14,Premium,3171.28
9619,Lisa Wagner,adamsvanessa@example.net,Uzbekistan,2022-07-03,Standard,2768.69
9620,Haley Moore,daniellucas@example.com,Poland,2022-02-08,Basic,648.73
9621,Gabriel Dixon,xmiranda@example.com,Mayotte,2023-03-03,Premium,2629.26
9622,David Gordon,colemandaniel@example.org,Lithuania,2022-06-26,Basic,318.86
9623,Jack Miller,vhanson@example.com,Papua New Guinea,2023-05-31,Basic,54.82
9624,Michael Macias,wallkimberly@example.net,Haiti,2020-09-10,Basic,725.21
9625,Beth Foley,austinholly@example.net,Honduras,2023-03-01,Basic,71.51
9626,Robert Pena,joshuaruiz@example.net,Papua New Guinea,2022-06-16,Basic,573.33
9627,Sabrina Williams,phillipsmichelle@example.net,Tanzania,2021-05-15,Standard,1248.88
9628,Anthony Stevenson,ajohnson@example.com,Western Sahara,2020-05-15,Standard,767.84
9629,Michelle Stone,katelynhall@example.com,Malta,2021-05-03,Basic,426.84
9630,Frank Patterson,zguzman@example.org,French Guiana,2020-10-27,Standard,2187.1
9631,Stephanie Scott,vjacobs@example.org,Mauritius,2024-02-02,Basic,656.64
9632,Andrea Whitney,perezdonna@example.org,Serbia,2022-06-09,Basic,733.91
9633,Diana Rodriguez,reneewelch@example.com,Puerto Rico,2024-08-07,Standard,2873.83
9634,James Jackson,wellsscott@example.com,Faroe Islands,2024-01-14,Standard,2794.2
9635,Maria Porter,natalie42@example.org,Guatemala,2020-02-07,Standard,948.63
9636,Antonio Johnson,kruegerbryan@example.net,Canada,2024-03-01,Premium,3027.81
9637,Aaron Ross,mckaydavid@example.net,Algeria,2024-12-20,Standard,2552.03
9638,Sandra Grant,bradycatherine@example.net,Austria,2023-08-21,Basic,658.5
9639,Carla Hernandez,afitzgerald@example.org,Romania,2024-01-25,Standard,2506.62
9640,James Morgan,kim79@example.net,French Polynesia,2023-03-21,Standard,2150.78
9641,Maria Boone,davidjackson@example.org,Nigeria,2020-11-08,Basic,37.26
9642,Erin Anderson,qhoover@example.net,Tunisia,2023-04-30,Premium,7176.88
9643,Keith Hernandez,pmcfarland@example.net,Slovenia,2024-10-26,Basic,73.9
9644,Christina Mckenzie,martinezmatthew@example.com,Gambia,2020-03-02,Premium,8344.57
9645,Mark Herman,jessica84@example.net,Palau,2024-02-09,Basic,730.58
9646,Melissa Beltran,timothy16@example.net,Sao Tome and Principe,2020-03-27,Standard,1405.99
9647,Melissa Fisher,snydermarc@example.net,Chile,2024-01-28,Standard,528.61
9648,Mallory Nichols,kochjonathan@example.org,Wallis and Futuna,2023-07-02,Standard,2558.03
9649,Matthew Hull,matthew70@example.org,Finland,2024-09-29,Standard,1720.45
9650,Shannon Washington,danielleellis@example.net,Yemen,2022-05-23,Standard,1980.6
9651,Mark Rose,olyons@example.org,Serbia,2021-05-15,Basic,450.55
9652,Kelli Bishop,seth16@example.org,Bhutan,2022-09-13,Basic,595.62
9653,Matthew Oliver,lynn42@example.com,Puerto Rico,2023-09-03,Premium,4939.41
9654,Paul Wiggins,shannonaustin@example.org,Antarctica (the territory South of 60 deg S),2024-01-13,Standard,2773.94
9655,Jasmine Hanson,denise44@example.org,Mexico,2024-05-25,Basic,217.86
9656,Monique Perkins DDS,diamondstone@example.org,Oman,2021-10-08,Basic,249.14
9657,Eric Cochran,alopez@example.net,Dominica,2020-07-03,Standard,1019.1
9658,Melissa Murillo,dianemorgan@example.net,United States Minor Outlying Islands,2021-10-17,Premium,12734.38
9659,Cheryl Best,lauriewalker@example.net,Saint Pierre and Miquelon,2024-06-09,Basic,774.12
9660,Kevin Richardson,brittney70@example.com,Guadeloupe,2022-10-22,Standard,343.47
9661,Donna Lee,ericholland@example.com,Antarctica (the territory South of 60 deg S),2024-09-05,Standard,378.47
9662,Jill Hampton,rebecca74@example.org,Malta,2023-01-26,Basic,367.08
9663,Jonathan Hernandez,scottcarpenter@example.net,Venezuela,2024-01-28,Standard,2074.25
9664,Joseph Williams,williamsmichael@example.net,Djibouti,2021-11-30,Basic,596.36
9665,Jeffrey Li,jamessims@example.com,Samoa,2020-01-14,Premium,3308.86
9666,Deborah Gordon,jeffreybuchanan@example.net,Honduras,2021-03-10,Basic,335.61
9667,Gary Zimmerman,patricia98@example.org,Botswana,2023-07-15,Basic,541.3
9668,Deanna Watson,allison73@example.net,Turks and Caicos Islands,2021-03-18,Basic,414.16
9669,Joshua Johnson,schwartzkevin@example.org,British Virgin Islands,2022-10-18,Basic,785.02
9670,Edward Cabrera,zadkins@example.org,Palau,2024-02-19,Basic,302.49
9671,Peter Smith,sanchezdonna@example.net,Lebanon,2023-02-03,Standard,2353.8
9672,Brent Reid,rwalker@example.net,Gambia,2024-07-24,Basic,119.3
9673,Krista Humphrey,rogertodd@example.org,Saint Barthelemy,2020-12-13,Basic,385.21
9674,Stephanie Lawson,lindajones@example.com,Norfolk Island,2024-03-07,Standard,2156.57
9675,Shane Moss,jjohnson@example.net,Brazil,2021-09-19,Standard,2669.3
9676,Justin Deleon,danielcraig@example.net,Mauritius,2023-07-07,Premium,11536.89
9677,Aaron Lawson,gallison@example.com,Slovakia (Slovak Republic),2023-08-11,Standard,1030.64
9678,Johnny Roberts,christopherlee@example.org,Bulgaria,2024-02-15,Basic,778.51
9679,Samuel Ramirez,fordethan@example.com,Finland,2020-12-22,Standard,2343.71
9680,Ryan Shelton,yduncan@example.org,Macao,2023-04-23,Standard,2590.76
9681,Natalie Kaufman,patriciamiranda@example.org,Trinidad and Tobago,2020-10-25,Standard,1075.59
9682,Dr. Erin Martin MD,gomezanita@example.org,Russian Federation,2020-08-14,Premium,12621.07
9683,Melody Bailey,melissahayes@example.org,Holy See (Vatican City State),2022-01-26,Basic,604.87
9684,Christopher Beard,kbartlett@example.org,Guam,2024-08-11,Standard,1498.7
9685,Melissa Phelps,ronaldruiz@example.org,Haiti,2022-06-06,Premium,8112.9
9686,Angie Pennington,nicolethompson@example.net,Madagascar,2021-04-03,Premium,6260.85
9687,Anthony Jones,rubencurtis@example.org,Netherlands,2022-01-11,Basic,453.81
9688,Rachel Clark,brendawagner@example.com,Switzerland,2024-06-06,Basic,313.65
9689,Veronica Byrd,qcurtis@example.org,Tokelau,2021-06-02,Premium,14036.73
9690,Robin Barnes,doughertysarah@example.com,French Guiana,2022-06-29,Premium,9392.25
9691,Michael Gill,fjohnson@example.org,Djibouti,2024-10-09,Standard,1550.22
9692,Jacqueline Armstrong,jenniferodonnell@example.org,China,2021-02-22,Premium,7252.04
9693,Lauren Stewart,romerorussell@example.net,Tunisia,2020-08-09,Basic,589.04
9694,Derrick Gonzalez,richdiana@example.com,United States Minor Outlying Islands,2021-07-21,Premium,4390.16
9695,Richard Nelson,randall74@example.com,Saint Barthelemy,2020-03-14,Standard,1379.04
9696,Alexander Hayes,carrolljesse@example.org,Guadeloupe,2022-06-18,Standard,1453.9
9697,Charles Flores,pottsmichael@example.org,Belgium,2022-08-11,Standard,2081.56
9698,Ricky Hardin,xvazquez@example.net,Ukraine,2022-11-01,Standard,514.7
9699,Edward Stark,jason25@example.com,Palau,2022-03-03,Premium,11706.13
9700,Chris Mason,penajanice@example.com,Afghanistan,2021-06-10,Standard,2732.46
9701,John Yang,kim05@example.com,Nepal,2022-11-05,Premium,1563.8
9702,Rodney Fields,mcaldwell@example.org,Senegal,2020-03-22,Premium,14040.53
9703,Andrew Stone,ffoster@example.org,Austria,2024-12-13,Basic,783.43
9704,Linda Huff,victoriamartin@example.net,Ukraine,2020-09-27,Standard,2501.84
9705,Jessica Mercer,john81@example.net,Switzerland,2020-05-17,Standard,397.32
9706,Samantha Gomez,gharvey@example.net,Kenya,2020-08-08,Premium,14670.81
9707,Derek Ross,cynthiahawkins@example.com,Guatemala,2024-07-21,Basic,430.93
9708,Gregory Johnson,patriciapowell@example.com,Dominica,2021-04-10,Basic,188.99
9709,Robert Everett,amy08@example.org,China,2022-03-09,Basic,672.02
9710,Patricia Anderson,bhorton@example.org,Armenia,2023-01-02,Standard,2005.04
9711,Bryan Diaz,oyoung@example.org,Saint Pierre and Miquelon,2023-01-30,Basic,476.15
9712,Allison Knox,amy57@example.net,New Caledonia,2020-03-26,Standard,2016.95
9713,Cheryl Morrison,marthaholmes@example.org,El Salvador,2021-09-02,Basic,609.69
9714,Robert Henry,zaguilar@example.com,Mexico,2021-01-02,Basic,501.51
9715,Brandon Rivera,johnsonkevin@example.org,Uruguay,2020-08-26,Premium,14283.05
9716,Jessica Robles,valvarado@example.org,Falkland Islands (Malvinas),2020-01-18,Standard,1392.18
9717,Thomas Noble,leemelissa@example.com,Albania,2024-10-16,Standard,349.97
9718,Cheryl Fields,gklein@example.com,Czech Republic,2021-02-28,Premium,5929.22
9719,Gregory Gaines,emartinez@example.com,Kenya,2023-06-06,Basic,238.36
9720,Brian Reyes,brian16@example.org,Gibraltar,2021-07-16,Premium,12001.42
9721,Christina Scott,shawn72@example.net,United Kingdom,2023-05-14,Basic,106.44
9722,Amanda Monroe,troyflores@example.com,Suriname,2023-03-26,Basic,566.46
9723,James Nichols,melissasantiago@example.org,Botswana,2022-06-22,Standard,1591.38
9724,Timothy Molina,mcintyregary@example.org,Sao Tome and Principe,2023-08-14,Standard,2987.72
9725,Jennifer Hill,tiffany72@example.org,Pitcairn Islands,2020-11-23,Standard,269.52
9726,Robyn Collins,raventorres@example.com,Moldova,2021-06-01,Basic,23.04
9727,Amy Flores,,French Polynesia,2022-08-22,Standard,1543.96
9728,Kylie Oliver,willie83@example.net,Libyan Arab Jamahiriya,2021-08-08,Standard,326.87
9729,Nicole West,fritzjennifer@example.com,United Arab Emirates,2022-08-31,Standard,2712.52
9730,Frank May,kevin50@example.org,Christmas Island,2022-10-30,Basic,637.49
9731,Becky Baker,farmermadeline@example.com,Estonia,2023-03-30,Standard,2019.02
9732,Michael Wagner,wardcarolyn@example.com,French Southern Territories,2023-05-13,Standard,2217.87
9733,Michael Hernandez,dacevedo@example.net,Colombia,2024-10-29,Basic,321.44
9734,Brian Romero,chelseaadams@example.com,British Indian Ocean Territory (Chagos Archipelago),2022-06-21,Premium,4946.5
9735,Erica Smith,smithandrew@example.com,American Samoa,2024-06-08,Premium,8651.36
9736,Michelle Benitez,josephromero@example.org,Monaco,2020-07-01,Standard,1470.3
9737,Ronald Chen,johnsonbecky@example.com,Cuba,2024-05-24,Premium,4389.91
9738,Frank Grant,meghansnyder@example.org,Rwanda,2020-08-05,Premium,11914.44
9739,Megan Moore,michaelstrong@example.org,South Georgia and the South Sandwich Islands,2024-08-10,Standard,1334.59
9740,John Cummings,ymurphy@example.com,Denmark,2021-04-11,Standard,567.79
9741,Kimberly Reyes,walkerdarren@example.net,Tunisia,2024-04-14,Standard,2293.4
9742,Louis Ortiz,ernestrichards@example.net,Comoros,2020-11-06,Standard,293.36
9743,Jennifer Jones,scott78@example.org,Algeria,2023-05-28,Standard,2944.45
9744,Cory Fuller,fparker@example.com,Micronesia,2021-06-04,Standard,1480.09
9745,Kimberly Everett,hsingleton@example.org,Palestinian Territory,2022-03-23,Basic,512.63
9746,Jody Stein,rosevega@example.org,Mayotte,2023-01-12,Basic,156.91
9747,Mary Lambert,reesedavid@example.org,Greece,2023-02-24,Standard,1262.05
9748,Cynthia Walsh,shelbysmith@example.org,Reunion,2021-11-05,Basic,184.55
9749,Brett Cortez,douglasharrison@example.com,Latvia,2020-05-14,Basic,486.3
9750,Brandon Brown,watkinsmakayla@example.org,Trinidad and Tobago,2021-03-03,Premium,2072.9
9751,Ronald Russell,lopezroy@example.org,Moldova,2020-09-15,Basic,458.64
9752,Robin Carey,dhartman@example.org,Holy See (Vatican City State),2020-08-23,Basic,359.47
9753,Sonia Branch,kkennedy@example.com,Guernsey,2020-04-04,Standard,178.18
9754,Jeffrey Allen,martinmary@example.com,Nicaragua,2023-01-23,Premium,10721.28
9755,Rebecca Taylor,ncortez@example.net,Samoa,2024-06-30,Standard,1620.01
9756,Krystal Russell,bthompson@example.net,Bangladesh,2024-04-01,Standard,2538.44
9757,Timothy Jones,amyclark@example.net,Uzbekistan,2024-07-14,Basic,63.14
9758,Mary Cooper,wwashington@example.com,Aruba,2021-12-31,Standard,1194.88
9759,Carrie Benson,kirbyjoshua@example.net,Peru,2024-01-19,Premium,13050.3
9760,Connie Davis,josechambers@example.com,Fiji,2022-03-26,Standard,1070.68
9761,Vanessa Thompson,meltontiffany@example.net,Swaziland,2023-08-27,Basic,710.41
9762,Jason Thomas,rshelton@example.org,Sri Lanka,2021-07-29,Premium,4139.01
9763,Alicia Nelson,taylormichael@example.org,Australia,2024-03-04,Basic,261.31
9764,Rita Medina,mendezdiane@example.com,South Africa,2023-03-19,Standard,2859.22
9765,Julie Campbell,banderson@example.com,Mauritania,2020-10-25,Standard,2199.42
9766,Karen Ortiz,john89@example.com,Bahrain,2020-12-12,Standard,1695.19
9767,Carla Howard,tonicordova@example.org,Tunisia,2020-08-20,Standard,2982.76
9768,Samuel Chen,braunjennifer@example.com,Heard Island and McDonald Islands,2024-11-23,Standard,2401.72
9769,Heidi Ford,walexander@example.org,Ecuador,2021-11-29,Standard,1460.12
9770,Christine Sutton,sgarrett@example.com,Nigeria,2020-07-08,Premium,12890.44
9771,Rachel Carter,zstout@example.net,Albania,2021-05-25,Standard,2649.01
9772,Hunter Adams,warnermary@example.com,Puerto Rico,2023-03-12,Basic,639.49
9773,Robert Sullivan,weberphillip@example.org,Argentina,2021-05-06,Basic,156.05
9774,Ruben Mcdowell,ricky39@example.net,Israel,2021-07-25,Standard,1035.44
9775,Stacy Anderson,briannamccarty@example.net,Eritrea,2021-12-13,Basic,384.85
9776,Madison Holt DVM,deborahscott@example.org,Netherlands Antilles,2023-06-25,Premium,1135.8
9777,Kathleen Thompson,crobinson@example.com,British Indian Ocean Territory (Chagos Archipelago),2021-03-03,Premium,1148.1
9778,Taylor Wallace,dbrewer@example.com,British Indian Ocean Territory (Chagos Archipelago),2023-09-18,Standard,1286.98
9779,Sarah Kane,zunigadanielle@example.net,Lao People's Democratic Republic,2021-07-08,Standard,1558.78
9780,Andrea Gilmore,josephmiller@example.com,Timor-Leste,2022-04-24,Basic,111.27
9781,Janet Duran,josephmaddox@example.com,Bulgaria,2024-12-13,Premium,12815.9
9782,Mark Ramos,gregory71@example.com,Venezuela,2023-09-28,Standard,2123.91
9783,Cheryl Anthony,jcain@example.com,Sweden,2023-08-10,Standard,846.75
9784,Phillip Baker,robertrandolph@example.net,Tuvalu,2024-10-03,Standard,566.12
9785,James Holden,peggy90@example.net,Malaysia,2022-07-07,Standard,2192.41
9786,Karen Booker,browneric@example.org,Uzbekistan,2020-05-02,Standard,570.11
9787,Tanya Grant,wwilliams@example.com,United States Minor Outlying Islands,2024-11-24,Standard,1835.22
9788,Dennis Jones,haleygeorge@example.org,Barbados,2024-09-10,Standard,2431.99
9789,Chad Jenkins,eduardorose@example.net,Venezuela,2023-06-10,Standard,2231.05
9790,Aaron Cantu,amcintosh@example.org,Dominican Republic,2022-03-05,Basic,354.92
9791,Craig Compton,wintersalexander@example.org,Chile,2024-02-24,Standard,2343.39
9792,Erica Wilson,alan62@example.org,Faroe Islands,2022-09-11,Premium,3953.23
9793,Tyler Newton,zwilliams@example.com,South Georgia and the South Sandwich Islands,2024-01-30,Premium,10886.33
9794,Melinda Gordon,johnvazquez@example.net,Anguilla,2024-06-03,Premium,11324.83
9795,Traci Vargas,stevenwillis@example.net,Mozambique,2024-07-10,Premium,1806.85
9796,Richard Adams,brandon82@example.org,Taiwan,2021-03-11,Standard,311.28
9797,Carolyn Maynard,ngriffith@example.org,Kuwait,2022-03-28,Premium,2675.03
9798,Samantha Montgomery,michellekemp@example.org,Morocco,2023-03-28,Standard,2997.66
9799,Melissa Burns,jeremiah40@example.org,San Marino,2020-05-01,Premium,923.06
9800,Joshua Molina,sloanmercedes@example.net,Guatemala,2024-10-21,Standard,2202.67
9801,Craig Wong,vclarke@example.net,Denmark,2022-02-06,Premium,5443.05
9802,William Stone,teresafranklin@example.com,Norfolk Island,2021-04-21,Standard,796.9
9803,Valerie Randall,matthew34@example.net,Moldova,2020-06-10,Standard,2691.88
9804,Denise Robinson,jesusjames@example.org,Israel,2024-02-26,Basic,32.32
9805,Jacob Walker,harpersteven@example.net,San Marino,2023-11-05,Standard,1401.23
9806,Michael Green,mason04@example.com,Slovakia (Slovak Republic),2021-05-08,Basic,417.46
9807,Charles Braun,garrett73@example.net,Oman,2021-02-10,Standard,2507.08
9808,Lisa Smith,utate@example.org,Egypt,2020-06-09,Premium,14042.71
9809,Michael Carrillo,yperez@example.net,Suriname,2020-03-17,Standard,2585.98
9810,Donna Williams,lisasmith@example.org,Turkey,2022-01-06,Basic,541.08
9811,Jessica Bryant,arojas@example.com,Liechtenstein,2021-01-14,Standard,2475.25
9812,Christopher Lee,townsendveronica@example.net,Timor-Leste,2022-12-17,Standard,1471.79
9813,Terry Brown,robinsonalexander@example.org,Bouvet Island (Bouvetoya),2024-05-30,Standard,896.53
9814,Anthony Bradley,lorimercado@example.org,Sierra Leone,2022-09-27,Premium,10826.68
9815,April Christian,vhunt@example.org,Uganda,2022-09-09,Basic,194.53
9816,John Carpenter,ronaldmitchell@example.org,South Georgia and the South Sandwich Islands,2020-10-17,Premium,7458.85
9817,Robert Long,michelle95@example.net,Ukraine,2022-01-27,Premium,3973.89
9818,Thomas Dixon,duncanstephanie@example.org,Ghana,2021-12-04,Premium,3282.38
9819,Caitlin Blackburn,wardebony@example.org,Russian Federation,2023-01-22,Standard,1813.49
9820,Julie Horton,qmurphy@example.net,Iraq,2024-04-21,Basic,301.91
9821,Derek Hernandez,sandra66@example.org,Georgia,2022-02-14,Basic,660.13
9822,Mr. Jorge Moore,monroeandrew@example.org,Samoa,2024-03-25,Basic,88.71
9823,Richard Garcia,richmondryan@example.org,Netherlands,2024-09-05,Standard,986.28
9824,Alexander Jordan,scottjohn@example.org,Faroe Islands,2022-11-02,Standard,1668.42
9825,Tyler Mora,sarajohnson@example.net,Sudan,2020-12-29,Standard,124.67
9826,Derek Thompson,kimporter@example.org,Guinea-Bissau,2023-08-04,Premium,7946.73
9827,Joshua Patrick,christensensharon@example.com,Zimbabwe,2023-09-17,Basic,427.21
9828,Joshua Palmer,christopher47@example.net,Tunisia,2021-06-16,Standard,418.54
9829,Nicolas Johnston,not-an-email,Botswana,2023-02-21,Standard,1676.64
9830,Mary Cook,thernandez@example.com,Iceland,2024-02-02,Standard,712.08
9831,Mariah Garcia,colemanjennifer@example.org,Iceland,2020-05-09,Basic,30.23
9832,Michael Wyatt,jorgechen@example.net,British Indian Ocean Territory (Chagos Archipelago),2023-11-07,Standard,1819.19
9833,Julie Compton,jacquelineberry@example.net,Denmark,2023-07-06,Basic,31.72
9834,Isaac Torres,rogersluis@example.net,Hungary,2022-07-05,Basic,199.76
9835,Charles Spencer,rubenroberson@example.org,Taiwan,2023-11-30,Basic,585.91
9836,Timothy Rowe,michelle60@example.net,Liechtenstein,2020-05-20,Premium,10733.68
9837,Lindsay Massey,kcohen@example.net,Isle of Man,2021-10-31,Premium,2083.5
9838,Mr. David Wilcox DDS,lori25@example.net,Malaysia,2020-06-12,Standard,2652.82
9839,Kenneth Ross,michaelgomez@example.net,Gibraltar,2020-11-30,Basic,242.93
9840,Alyssa Wright,muellerjeffrey@example.net,Grenada,2021-01-01,Basic,547.42
9841,Amy Chandler,lewismelanie@example.org,Gabon,2020-08-21,Standard,2848.2
9842,Felicia Webb,charles43@example.org,New Caledonia,2020-04-20,Standard,166.73
9843,Tara Mccoy,christianmatthews@example.com,Singapore,2022-08-25,Premium,5733.14
9844,Danielle Evans,pwhite@example.com,Gabon,2024-03-31,Standard,535.12
9845,Thomas Barrett,tasha11@example.com,Afghanistan,2020-09-11,Standard,2921.24
9846,Robin Washington,rebecca54@example.net,Tajikistan,2021-11-20,Standard,1634.04
9847,Tara Wilson,bob85@example.com,Bouvet Island (Bouvetoya),2022-10-13,Basic,753.23
9848,Scott Potter,huffmanjames@example.com,Poland,2020-04-18,Standard,516.33
9849,Edward Davis,steven70@example.org,Niue,2020-10-28,Standard,231.74
9850,Daniel Rodriguez,danielle71@example.org,Bahamas,2020-04-09,Premium,12481.86
9851,Robert Baird,hamiltonedwin@example.net,San Marino,2024-12-23,Standard,619.05
9852,Joseph Brown,brandy56@example.net,Bahamas,2020-10-06,Standard,2837.93
9853,Mark Morgan,debra99@example.org,Greenland,2021-09-08,Standard,927.72
9854,Stephen White,gballard@example.com,Congo,2023-01-22,Premium,9003.59
9855,Melanie Conway,joshua31@example.com,Chad,2024-07-02,Premium,7666.85
9856,William Combs,johnsonemily@example.net,Chile,2021-03-20,Premium,5352.03
9857,Amanda Molina,larryhancock@example.net,Honduras,2022-02-12,Standard,2300.55
9858,Tina Hunt,carlroberts@example.com,Congo,2023-02-11,Standard,1110.67
9859,Jennifer Russell,rhonda44@example.org,Palestinian Territory,2020-11-14,Standard,1131.65
9860,Brittany Brennan,webbbrett@example.org,Trinidad and Tobago,2020-09-19,Standard,2298.65
9861,Brian Daniels,david60@example.org,Canada,2022-07-06,Premium,11890.49
9862,Paul Vance,mooremonique@example.com,Georgia,2023-12-08,Standard,2926.26
9863,Lee Graves,,Bouvet Island (Bouvetoya),2021-12-04,Premium,14544.31
9864,Andrew Garza,mcculloughchristopher@example.net,Eritrea,2024-02-15,Basic,501.43
9865,Stephanie Park,randylyons@example.com,Israel,2021-10-08,Premium,9318.85
9866,William White Jr.,hayesfrank@example.net,Colombia,2021-02-23,Standard,673.72
9867,Steven Haney,maria40@example.net,Congo,2024-08-07,Premium,4869.21
9868,Steven Moran,rberry@example.net,Azerbaijan,2020-06-04,Basic,290.22
9869,James Ortiz,mmcdaniel@example.org,Saint Lucia,2021-11-30,Premium,5764.61
9870,Mark Johnson,fcruz@example.org,Ethiopia,2023-07-19,Basic,2.52
9871,Carlos Lee,megan43@example.org,Puerto Rico,2023-08-16,Premium,9046.36
9872,Brandon Jackson,carriekelly@example.org,French Guiana,2024-08-02,Basic,168.61
9873,Ashley Coleman,schneiderchristopher@example.org,Marshall Islands,2024-02-22,Standard,460.01
9874,Fernando Richard,mmay@example.com,Sweden,2021-04-05,Standard,2728.99
9875,David Taylor,agarner@example.org,Heard Island and McDonald Islands,2024-07-26,Standard,2827.88
9876,Corey Woods,qfoster@example.net,Albania,2021-02-24,Standard,866.5
9877,Hunter Smith,donna31@example.org,Cuba,2020-03-26,Basic,8.36
9878,Emily Larson,brianhayes@example.net,Wallis and Futuna,2023-12-31,Basic,386.62
9879,Sara Barker,obrienstephanie@example.net,Iraq,2022-04-27,Premium,5351.49
9880,Wendy Harrison,orozcocarlos@example.org,Cameroon,2021-11-05,Standard,2977.25
9881,Marco Gomez,kirkrobert@example.net,Saudi Arabia,2020-07-23,Standard,841.76
9882,Charles Wood,weissbenjamin@example.net,Guadeloupe,2023-08-10,Premium,11410.41
9883,Stacy Garcia,anitagomez@example.org,Cuba,2021-10-28,Standard,2785.19
9884,Dr. Katie Santos,jonesvictoria@example.org,Svalbard & Jan Mayen Islands,2020-08-24,Standard,1336.52
9885,Sabrina Phillips,matthewstevenson@example.net,Mauritania,2022-02-07,Standard,891.18
9886,Brett Harrington,phillipsstephen@example.com,Myanmar,2020-12-14,Basic,124.12
9887,Karl Moore,kathleen07@example.net,Cape Verde,2020-03-05,Basic,244.71
9888,Sean Li,claudia53@example.org,Estonia,2024-08-27,Basic,114.28
9889,Daniel Monroe,devans@example.com,Egypt,2024-08-20,Premium,3592.26
9890,Rebecca Anthony,christine07@example.org,Turkey,2024-01-25,Basic,75.32
9891,Jeremy Mitchell,psuarez@example.net,Yemen,2021-09-25,Standard,121.48
9892,Mr. Brian Johnson,wintersbeverly@example.net,Cote d'Ivoire,2023-05-06,Standard,2514.02
9893,Kelly Schwartz DVM,barbara46@example.net,Ecuador,2024-05-09,Premium,4078.87
9894,Jamie Cortez,ehall@example.net,Mexico,2022-10-25,Basic,378.88
9895,Amanda Wilson,beasleyjimmy@example.org,Seychelles,2023-06-17,Standard,1645.29
9896,Kevin Mejia,joshuarandall@example.com,Antigua and Barbuda,2021-04-24,Basic,457.32
9897,Stephen Gibson,xwalsh@example.net,Indonesia,2024-01-16,Standard,1451.65
9898,Jessica Johnson,scrawford@example.net,Austria,2023-11-10,Basic,629.31
9899,Amy Cochran,annneal@example.com,Morocco,2020-09-04,Standard,2771.89
9900,Joshua Randolph,wrightjacob@example.org,Libyan Arab Jamahiriya,2020-05-06,Basic,148.41
9901,Gabriel Bridges,ybennett@example.org,Suriname,2020-12-02,Standard,1534.43
9902,Michael Riley,mcaldwell@example.net,Mozambique,2024-03-08,Standard,403.68
9903,Kyle Warren,elizabethdennis@example.org,Namibia,2023-01-31,Basic,734.66
9904,Nancy Hoover,chenanthony@example.net,French Guiana,2021-10-19,Standard,2520.67
9905,Alexis Anderson,mitchellsamantha@example.org,Svalbard & Jan Mayen Islands,2020-09-28,Standard,1201.55
9906,Thomas Adkins,danny99@example.net,Equatorial Guinea,2023-08-12,Basic,471.03
9907,James Stephenson,brady98@example.org,Jersey,2024-04-15,Standard,1978.75
9908,Susan Mckenzie,jasonjames@example.org,Andorra,2021-02-28,Basic,208.75
9909,Michael Fernandez,craig21@example.net,Marshall Islands,2020-02-22,Standard,2143.04
9910,Jennifer Thomas,nicholskatie@example.com,Cambodia,2024-02-23,Basic,308.87
9911,Alicia Mcmahon,parkercharles@example.com,Mauritius,2021-04-04,Premium,5214.47
9912,Sarah Wong,yateseric@example.net,Turks and Caicos Islands,2023-04-19,Standard,551.39
9913,Lisa Carroll,michele01@example.net,Maldives,2022-11-24,Basic,217.35
9914,Kelly Phelps,karlathornton@example.net,Hong Kong,2021-03-05,Standard,757.19
9915,Anthony Pena,robert00@example.org,Trinidad and Tobago,2022-04-10,Standard,2245.02
9916,Lauren Campos,tjohnson@example.net,Uganda,2023-05-24,Standard,1425.7
9917,Hannah Brooks,david60@example.com,Netherlands Antilles,2021-08-17,Standard,2683.96
9918,Kelly Long,pamelaacosta@example.net,British Virgin Islands,2024-12-09,Standard,352.45
9919,Heather Williams,nicholas34@example.com,Kenya,2021-04-29,Premium,13672.91
9920,Brian Farrell,ogolden@example.org,Gabon,2022-04-21,Basic,176.21
9921,Taylor Martinez,millerangela@example.org,Mozambique,2022-12-28,Standard,2846.15
9922,Curtis Johnston,katrinawoodard@example.com,Macao,2021-11-22,Standard,2350.58
9923,George Guzman,briancruz@example.org,Chile,2021-07-27,Standard,2650.5
9924,Blake Taylor,bsoto@example.com,Holy See (Vatican City State),2024-02-29,Premium,2982.05
9925,Martha Duncan,,Uganda,2021-07-29,Premium,12140.62
9926,Joseph Crane,pattersonlauren@example.org,Singapore,2023-07-01,Basic,181.18
9927,Kendra Ewing,nromero@example.net,Saint Kitts and Nevis,2023-11-18,Standard,617.23
9928,Angela Faulkner,vhernandez@example.org,Moldova,2020-03-20,Premium,11250.34
9929,Ashley Stafford,leecaitlin@example.net,Chile,2020-10-05,Basic,713.38
9930,Annette Bush,whitemegan@example.net,Slovenia,2023-06-22,Standard,1019.16
9931,Jesse Smith,carlcarter@example.net,Heard Island and McDonald Islands,2022-06-07,Premium,888.5
9932,Daniel Hunt,gregorybishop@example.net,Kenya,2023-02-09,Standard,2811.74
9933,Miranda Williams,smorris@example.net,Mayotte,2022-06-08,Standard,2270.32
9934,Ashley Avila,gilbertchristopher@example.com,Svalbard & Jan Mayen Islands,2022-10-10,Standard,923.07
9935,Alexa Parsons,baldwineric@example.org,French Southern Territories,2021-07-15,Basic,50.26
9936,Annette Young,teresa11@example.com,Suriname,2020-05-29,Standard,2462.52
9937,Alyssa Parks,jamespeterson@example.com,Taiwan,2020-04-05,Standard,2489.61
9938,Amy Russo,murphyjames@example.net,Japan,2020-10-04,Standard,869.27
9939,Monica Griffin,tranbrenda@example.com,Mauritania,2023-01-12,Basic,209.53
9940,Amy Wallace,dthompson@example.net,Peru,2022-09-15,Basic,40.07
9941,Marcus Zamora,xgregory@example.org,Latvia,2024-05-13,Basic,293.7
9942,Nicole Morales,zpierce@example.net,Azerbaijan,2022-09-17,Standard,1361.82
9943,Lindsey Castro,parkershannon@example.net,Holy See (Vatican City State),2020-12-18,Basic,250.93
9944,Megan Gentry,youngmatthew@example.org,Zimbabwe,2023-01-04,Standard,1735.04
9945,James Williams,margaretparrish@example.com,Bahamas,2024-07-07,Standard,359.68
9946,Shane Ramirez,fstrickland@example.org,Italy,2023-04-16,Premium,5576.4
9947,Samantha Oliver,elee@example.com,Egypt,2020-02-01,Basic,5.55
9948,Roy Dickerson,johnmiller@example.net,British Indian Ocean Territory (Chagos Archipelago),2020-06-13,Standard,248.57
9949,Lisa Schaefer,gkelly@example.org,Antarctica (the territory South of 60 deg S),2024-02-15,Standard,344.49
9950,Adam Porter,masseychristian@example.org,France,2022-12-17,Standard,2618.65
9951,Angela Hines,taylorsteven@example.org,Zambia,2021-12-17,Premium,627.86
9952,Stacy Holland,gateslucas@example.net,Georgia,2023-10-19,Basic,458.6
9953,Sue Rodriguez,tammylee@example.com,Monaco,2020-07-22,Basic,87.36
9954,Joshua Thomas,kennethberg@example.org,Malta,2020-01-19,Standard,2965.92
9955,Adrienne Clarke,seth23@example.com,Chile,2020-01-29,Standard,178.91
9956,Bradley Baldwin,zoemorgan@example.org,Cambodia,2022-04-14,Standard,2565.91
9957,Scott Luna,sherri52@example.com,India,2023-01-21,Basic,438.71
9958,Jill Holt,foxbilly@example.net,Switzerland,2024-08-02,Premium,10736.16
9959,Scott Potts,lauragordon@example.net,Netherlands Antilles,2023-10-28,Standard,2230.55
9960,Amanda Reed,allensarah@example.net,Tanzania,2023-11-26,Standard,1534.11
9961,Joshua Gilbert,samuelross@example.com,Djibouti,2022-10-28,Standard,1629.25
9962,James Cook,brownrobert@example.com,Belarus,2024-03-01,Standard,852.56
9963,Angela Camacho,salascrystal@example.net,United States Virgin Islands,2021-04-26,Premium,5699.55
9964,Charles Rodriguez,michaelhaas@example.com,Solomon Islands,2020-01-08,Basic,66.07
9965,Pamela Young,gburnett@example.com,Madagascar,2023-03-26,Premium,7303.75
9966,Melissa Perez,garyirwin@example.net,Bosnia and Herzegovina,2020-04-25,Premium,14183.28
9967,Matthew Quinn,lewisheather@example.org,Sri Lanka,2023-09-30,Standard,893.87
9968,Elizabeth Miller,michellebrown@example.com,Iraq,2020-07-11,Standard,2507.23
9969,Grace Herrera,richardrodriguez@example.net,French Southern Territories,2023-03-11,Premium,11502.65
9970,Monica Tucker,zcaldwell@example.org,Reunion,2022-01-04,Standard,1672.77
9971,Laura Baker,alexander01@example.org,Suriname,2023-07-22,Basic,128.91
9972,Susan Frederick,guerrakevin@example.net,Seychelles,2023-01-08,Premium,5608.09
9973,Jacqueline Lara,jacqueline52@example.org,Germany,2024-08-10,Basic,21.41
9974,Jose Owens,casey08@example.com,Norway,2023-02-09,Standard,646.15
9975,Erika Smith,geraldfrederick@example.net,Congo,2022-10-30,Standard,2056.32
9976,James Carlson,michaelvaughan@example.net,Czech Republic,2021-12-07,Premium,7889.04
9977,Robert Moran,shawn63@example.com,Maldives,2023-07-15,Basic,581.49
9978,Robin Carey,williamsjohn@example.org,New Caledonia,2023-08-06,Basic,24.84
9979,Julia Moore,xsutton@example.net,Turkey,2021-11-01,Premium,12451.12
9980,James Miller,nicholemurphy@example.org,Ethiopia,2024-07-05,Premium,4430.49
9981,Carl Hudson,wendy34@example.org,Algeria,2021-10-01,Standard,993.63
9982,Samantha Robbins,rodriguezelizabeth@example.org,Saint Vincent and the Grenadines,2022-06-04,Premium,13646.31
9983,Benjamin Taylor,johnryan@example.com,Malaysia,2024-10-02,Basic,316.84
9984,Jason Butler,rolson@example.net,Malaysia,2021-11-30,Standard,2744.54
9985,Henry Allen,whitepaula@example.org,Netherlands Antilles,2022-03-25,Standard,499.82
9986,Corey Gaines,ujohnson@example.com,Montserrat,2023-01-02,Basic,500.81
9987,Peter Gutierrez,holly44@example.net,Sao Tome and Principe,2020-11-23,Basic,270.27
9988,Roberta Mullins,kevin11@example.org,Isle of Man,2023-12-22,Basic,421.6
9989,Luis Walsh,jason03@example.org,Ireland,2023-12-15,Standard,1580.21
9990,Rachel Davis,clifford87@example.org,Antigua and Barbuda,2023-02-19,Standard,2997.46
9991,Michael Torres,wgreen@example.com,Denmark,2020-02-14,Standard,1965.78
9992,Kristin Hernandez,benjamin14@example.net,Equatorial Guinea,2022-07-14,Standard,2401.41
9993,Lisa Zhang,hortonrose@example.com,North Macedonia,2022-05-05,Standard,227.34
9994,Martin Nguyen Jr.,daniel31@example.net,Netherlands,2020-09-06,Premium,14608.35
9995,Susan Ramos,benjamin06@example.net,Peru,2021-11-24,Standard,1240.52
9996,Victoria Ali,rogerscheryl@example.org,Pitcairn Islands,2023-08-30,Standard,151.24
9997,Tiffany Calhoun,eoconnell@example.net,Russian Federation,2023-05-23,Standard,128.27
9998,Patricia Howe DDS,schroederlisa@example.net,Taiwan,2020-10-31,Premium,6248.63
9999,Michelle Brown,sarahsuarez@example.net,Dominica,2021-03-08,Standard,565.69
10000,Dr. Maurice Moss,parsonsjacqueline@example.net,Bolivia,2022-10-10,Standard,1955.59
1388,Kristen Ashley,xwhite@example.com,Eritrea,2021-12-18,Standard,2642.42
1725,Mary Cook,andersontiffany@example.net,Algeria,2022-01-26,Standard,1463.77
4254,Joy Morgan,madelinerodriguez@example.com,Dominican Republic,2020-04-02,Standard,2996.59
4892,James Edwards,johnsondeborah@example.com,Papua New Guinea,2024-02-24,Standard,1927.32
5510,Alexander Green,dcooper@example.org,Turkey,2023-01-12,Standard,1401.86
7033,Jonathon Morris,vthompson@example.net,Turkmenistan,2023-01-11,Standard,2992.06
7529,Shawn Johnson,kristin03@example.net,Malaysia,2021-03-05,Standard,264.16
7870,Amanda Flores,kathydavis@example.net,Australia,2023-11-27,Standard,728.58
9662,Jill Hampton,rebecca74@example.org,Malta,2023-01-26,Basic,367.08
9757,Timothy Jones,amyclark@example.net,Uzbekistan,2024-07-14,Basic,63.14
